shopNo,distCode,totalTransactions,meanTransactions,medianTransactions,maxTransactions,stdTransactions,totalOtherShopTrans,meanUtilization,meanPortability,totalRice,totalWheat,meanRiceWheatRatio,meanTransactionToCardRatio,totalRcs,volatilityCoeff,portabilityLoad,seasonalPeakTransactions,seasonalMeanTransactions,seasonalStdTransactions,seasonalPeakToMean,latitude,longitude,distName,shopStatus,pca1,pca2,pca3,kmeans_cluster,dbscan_cluster,clusterPersona
4406029,941,13698,44.76470588235294,45.0,83,16.29110778504737,13698,0.5813598166539342,1.0,260334.0,0.0,0.0,0.5813598166539342,77.0,0.36392750636768106,1.0,1494,805.7647058823529,301.7705107800803,1.8541392904073588,17.560683,78.771795,Yadadri Bhuvanagiri,Active,-1.3581205992666052,5.779099995849217,2.1890429176868005,4,0,Volatile Portability Hubs
4411030,941,8622,28.176470588235293,26.0,48,8.282802762397006,8622,0.552479815455594,1.0,173592.0,0.0,0.0,0.552479815455594,51.0,0.29396168467797307,1.0,864,507.1764705882353,153.4276031611154,1.7035490605427974,17.333446,78.732127,Yadadri Bhuvanagiri,Active,-1.6543622762831405,5.070239591935095,1.95666349115637,4,0,Volatile Portability Hubs
3402006,931,54,1.5,1.5,2,0.5070925528371101,54,0.005495627738274797,1.0,1062.0,0.0,0.0,0.005495627738274797,272.94444444444446,0.3380617018914067,1.0,36,27.0,12.727922061357855,1.3333333333333333,,,Nagarkarnool,Active,-1.8498033136838823,5.026462021130405,0.308710518155708,4,-1,Volatile Portability Hubs
1677755,536,284598,930.0588235294117,915.0,1172,99.24067352928333,284598,0.7922136486621906,1.0,6070176.0,832500.0,7.312995893736203,0.7922136486621906,1174.0,0.1067036525202591,1.0,21096,16741.058823529413,1838.297869993742,1.260135348807792,17.409002,78.445524,Hyderabad,Active,7.254474339918449,1.4357354369045756,-0.37661872784882927,3,0,High-Volume Urban Hubs
1803021,533,16,16.0,16.0,16,0.0,16,0.0,1.0,282.0,0.0,0.0,0.0,0.0,0.0,1.0,16,16.0,0.0,1.0,,,,,-2.3844709827269925,2.4616843739595384,-0.25147854651973245,1,2,Stable Rural Shops
1803022,533,10,10.0,10.0,10,0.0,10,0.0,1.0,185.0,0.0,0.0,0.0,0.0,0.0,1.0,10,10.0,0.0,1.0,,,,,-2.406637020981506,2.4706384328769255,-0.2440435903713081,1,2,Stable Rural Shops
1803023,533,113,113.0,113.0,113,0.0,113,0.0,1.0,1963.0,0.0,0.0,0.0,0.0,0.0,1.0,113,113.0,0.0,1.0,,,,,-2.0260988483601534,2.3169177541820076,-0.37168417404275583,1,2,Stable Rural Shops
1803017,533,24,24.0,24.0,24,0.0,24,0.0,1.0,450.0,0.0,0.0,0.0,0.0,0.0,1.0,24,24.0,0.0,1.0,,,,,-2.354909006029424,2.449742430101831,-0.261394278387721,1,2,Stable Rural Shops
3612011,933,10458,34.1764705882353,1.0,223,60.932332007693994,10458,0.09927112989972872,1.0,189954.0,0.0,0.0,0.09927112989972872,344.27777777777777,1.782873742049566,1.0,4014,615.1764705882352,1128.6881896306725,6.524956970740104,18.7476,79.51346,Peddapalli,Active,0.7767872663876492,24.759548386589987,5.889500104436915,4,-1,Volatile Portability Hubs
1803018,533,1,1.0,1.0,1,0.0,1,0.0,1.0,36.0,0.0,0.0,0.0,0.0,0.0,1.0,1,1.0,0.0,1.0,,,,,-2.4398867354301825,2.4840698107845802,-0.23289093374749917,1,2,Stable Rural Shops
1803019,533,41,41.0,41.0,41,0.0,41,0.0,1.0,714.0,0.0,0.0,0.0,0.0,0.0,1.0,41,41.0,0.0,1.0,,,,,-2.292107264753495,2.424373492671722,-0.2824592990903444,1,2,Stable Rural Shops
1803020,533,3,3.0,3.0,3,0.0,3,0.0,1.0,76.0,0.0,0.0,0.0,0.0,0.0,1.0,3,3.0,0.0,1.0,,,,,-2.4324966167225948,2.481084490266767,-0.2353697396281125,1,2,Stable Rural Shops
1581645,537,200970,656.7647058823529,653.0,747,31.814990735296135,200970,0.7586810558902972,1.0,4358250.0,0.0,0.0,0.7586810558902972,865.6666666666666,0.048441992163012475,1.0,13446,11821.764705882353,589.3292298677121,1.1373936408419167,17.41608,78.390348,Ranga Reddy,Active,3.493529937684293,0.9120227019922894,0.11889097450218629,0,0,Active Urban Shops
4406028,941,17226,56.294117647058826,58.0,86,15.992162979406011,17226,0.4397977941176471,1.0,331488.0,0.0,0.0,0.4397977941176471,128.0,0.28408230997899914,1.0,1548,1013.2941176470588,296.2329667478542,1.5276907001044933,17.609612,78.726405,Yadadri Bhuvanagiri,Active,-1.3761468649059396,4.730295609999136,1.4574991864927365,4,0,Volatile Portability Hubs
1820016,533,62,62.0,62.0,62,0.0,62,0.0,1.0,1311.0,0.0,0.0,0.0,0.0,0.0,1.0,62,62.0,0.0,1.0,,,,,-2.2144777895116374,2.393012985209402,-0.30849800798175964,1,2,Stable Rural Shops
1820017,533,78,78.0,78.0,78,0.0,78,0.0,1.0,1560.0,0.0,0.0,0.0,0.0,0.0,1.0,78,78.0,0.0,1.0,,,,,-2.1553701689224907,2.3691362944216667,-0.3283239434600362,1,2,Stable Rural Shops
1820021,533,151,75.5,75.5,136,85.55992052357225,151,0.0,1.0,2544.0,0.0,0.0,0.0,0.0,1.1332439804446655,1.0,136,75.5,85.55992052357225,1.8013245033112584,,,,,-0.6403241596988165,11.167694769569438,2.0785702760881817,4,-1,Volatile Portability Hubs
1815028,533,3,3.0,3.0,3,0.0,3,0.0,1.0,76.0,0.0,0.0,0.0,0.0,0.0,1.0,3,3.0,0.0,1.0,,,,,-2.4324966167225948,2.481084490266767,-0.2353697396281125,1,2,Stable Rural Shops
1815031,533,67,67.0,67.0,67,0.0,67,0.0,1.0,1422.0,0.0,0.0,0.0,0.0,0.0,1.0,67,67.0,0.0,1.0,,,,,-2.1960004276752443,2.385548773958495,-0.3146957216584041,1,2,Stable Rural Shops
1820012,533,4,4.0,4.0,4,0.0,4,0.0,1.0,72.0,0.0,0.0,0.0,0.0,0.0,1.0,4,4.0,0.0,1.0,,,,,-2.4288060629704535,2.4795938153672195,-0.23660761753181206,1,2,Stable Rural Shops
1820010,533,157,157.0,157.0,157,0.0,157,0.0,1.0,2982.0,0.0,0.0,0.0,0.0,0.0,1.0,157,157.0,0.0,1.0,,,,,-1.8634901418503207,2.251229204250485,-0.42622673591992805,1,2,Stable Rural Shops
1815035,533,41,41.0,41.0,41,0.0,41,0.0,1.0,897.0,0.0,0.0,0.0,0.0,0.0,1.0,41,41.0,0.0,1.0,,,,,-2.2920729095408956,2.424358354306604,-0.28247092749447267,1,2,Stable Rural Shops
1815032,533,51,51.0,51.0,51,0.0,51,0.0,1.0,1219.0,0.0,0.0,0.0,0.0,0.0,1.0,51,51.0,0.0,1.0,,,,,-2.2550994125278905,2.4094216594741242,-0.2948727091669574,1,2,Stable Rural Shops
1820014,533,27,27.0,27.0,27,0.0,27,0.0,1.0,480.0,0.0,0.0,0.0,0.0,0.0,1.0,27,27.0,0.0,1.0,,,,,-2.343829459970108,2.4452669310243107,-0.2651105809128821,1,2,Stable Rural Shops
1820013,533,1,1.0,1.0,1,0.0,1,0.0,1.0,24.0,0.0,0.0,0.0,0.0,0.0,1.0,1,1.0,0.0,1.0,,,,,-2.439888988231009,2.48407080346426,-0.23289017122919567,1,2,Stable Rural Shops
1814047,533,119,119.0,119.0,119,0.0,119,0.0,1.0,2192.0,0.0,0.0,0.0,0.0,0.0,1.0,119,119.0,0.0,1.0,,,,,-2.0039080292965523,2.3079527757881415,-0.3791275178925186,1,2,Stable Rural Shops
1814050,533,11,11.0,11.0,11,0.0,11,0.0,1.0,204.0,0.0,0.0,0.0,0.0,0.0,1.0,11,11.0,0.0,1.0,,,,,-2.402942149361114,2.469145855341326,-0.24528292976842261,1,2,Stable Rural Shops
1815008,533,89,44.5,44.5,85,57.27564927611035,89,0.0,1.0,1692.0,0.0,0.0,0.0,0.0,1.2870932421597832,1.0,85,44.5,57.27564927611035,1.9101123595505618,,,,,-0.906661485734181,12.109460169176744,2.4051476156779037,4,3,Volatile Portability Hubs
1815009,533,18,18.0,18.0,18,0.0,18,0.0,1.0,274.0,0.0,0.0,0.0,0.0,0.0,1.0,18,18.0,0.0,1.0,,,,,-2.3770898752227096,2.4587030241604446,-0.2539543023271317,1,2,Stable Rural Shops
1815019,533,86,86.0,86.0,86,0.0,86,0.0,1.0,1752.0,0.0,0.0,0.0,0.0,0.0,1.0,86,86.0,0.0,1.0,,,,,-2.12580368662327,2.3571923652045994,-0.3382412003646315,1,2,Stable Rural Shops
1815023,533,6,6.0,6.0,6,0.0,6,0.0,1.0,142.0,0.0,0.0,0.0,0.0,0.0,1.0,6,6.0,0.0,1.0,,,,,-2.4214103122608,2.4766060131502066,-0.23908832970818386,1,2,Stable Rural Shops
1815024,533,1,1.0,1.0,1,0.0,1,0.0,1.0,35.0,0.0,0.0,0.0,0.0,0.0,1.0,1,1.0,0.0,1.0,,,,,-2.4398869231635847,2.484069893507887,-0.23289087020430724,1,2,Stable Rural Shops
1815025,533,34,34.0,34.0,34,0.0,34,0.0,1.0,784.0,0.0,0.0,0.0,0.0,0.0,1.0,34,34.0,0.0,1.0,,,,,-2.317933256215593,2.4348047425896713,-0.27379682257850946,1,2,Stable Rural Shops
1815026,533,21,5.25,2.0,16,7.22841614740048,21,0.0,1.0,465.0,0.0,0.0,0.0,0.0,1.376841170933425,1.0,16,5.25,7.22841614740048,3.0476190476190474,,,,,-1.267029870800247,14.781669048159655,3.225360816371798,4,-1,Volatile Portability Hubs
1815033,533,33,33.0,33.0,33,0.0,33,0.0,1.0,747.0,0.0,0.0,0.0,0.0,0.0,1.0,33,33.0,0.0,1.0,,,,,-2.321631507037224,2.4362988091447915,-0.2725563394039394,1,2,Stable Rural Shops
1815034,533,63,63.0,63.0,63,0.0,63,0.0,1.0,1289.0,0.0,0.0,0.0,0.0,0.0,1.0,63,63.0,0.0,1.0,,,,,-2.210790614960735,2.391523799329375,-0.3097347421080039,1,2,Stable Rural Shops
1814033,533,13,13.0,13.0,13,0.0,13,0.0,1.0,372.0,0.0,0.0,0.0,0.0,0.0,1.0,13,13.0,0.0,1.0,,,,,-2.3955280007780466,2.46614994624026,-0.24776986917760638,1,2,Stable Rural Shops
1814027,533,10,10.0,10.0,10,0.0,10,0.0,1.0,215.0,0.0,0.0,0.0,0.0,0.0,1.0,10,10.0,0.0,1.0,,,,,-2.40663138897944,2.470635951177726,-0.2440454966670668,1,2,Stable Rural Shops
1814029,533,4,4.0,4.0,4,0.0,4,0.0,1.0,78.0,0.0,0.0,0.0,0.0,0.0,1.0,4,4.0,0.0,1.0,,,,,-2.4288049365700406,2.4795933190273796,-0.23660799879096375,1,2,Stable Rural Shops
1814028,533,48,48.0,48.0,48,0.0,48,0.0,1.0,1036.0,0.0,0.0,0.0,0.0,0.0,1.0,48,48.0,0.0,1.0,,,,,-2.26620768179774,2.4139098152175635,-0.29114668453342674,1,2,Stable Rural Shops
1814040,533,95,23.75,20.0,52,23.05609102457165,95,0.0,1.0,1679.0,0.0,0.0,0.0,0.0,0.9707827799819642,1.0,52,23.75,23.05609102457165,2.1894736842105265,,,,,-1.4115494008303944,10.703851065481583,2.045551617097631,4,-1,Volatile Portability Hubs
1811012,533,34,17.0,17.0,30,18.384776310850235,34,0.0,1.0,617.0,0.0,0.0,0.0,0.0,1.0814574300500137,1.0,30,17.0,18.384776310850235,1.7647058823529411,,,,,-1.4949124453187188,10.379836581012551,1.9806957561675775,4,-1,Volatile Portability Hubs
1811013,533,11,11.0,11.0,11,0.0,11,0.0,1.0,228.0,0.0,0.0,0.0,0.0,0.0,1.0,11,11.0,0.0,1.0,,,,,-2.4029376437594614,2.469143869981966,-0.2452844548050296,1,2,Stable Rural Shops
1811014,533,16,8.0,8.0,15,9.899494936611665,16,0.0,1.0,354.0,0.0,0.0,0.0,0.0,1.2374368670764582,1.0,15,8.0,9.899494936611665,1.875,,,,,-1.5005321500987043,11.452213066543626,2.303321069703571,4,3,Volatile Portability Hubs
1814026,533,70,35.0,35.0,67,45.254833995939045,70,0.0,1.0,1273.0,0.0,0.0,0.0,0.0,1.29299525702683,1.0,67,35.0,45.254833995939045,1.9142857142857144,,,,,-1.0459155290526942,12.076193723435,2.4175196983948086,4,3,Volatile Portability Hubs
3384010,930,212400,694.1176470588235,685.0,750,34.845220511259555,212400,1.1909384224604809,1.0,4850334.0,460944.0,10.154912470558788,1.1909384224604809,582.8333333333334,0.050200741414526476,1.0,13500,12494.117647058823,645.4600958185698,1.0805084745762712,17.513612,78.423792,Medchal,Active,4.033070586109645,0.42795395064156777,1.2674439571520226,0,0,Active Urban Shops
3384009,930,294876,963.6470588235294,968.0,1017,35.67549015610712,294876,1.68520130487166,1.0,6058314.0,605520.0,11.140222571545587,1.68520130487166,571.8333333333334,0.03702132417615804,1.0,18306,17345.647058823528,660.8397064697738,1.055365645220364,17.497311,78.430067,Medchal,Active,5.958001618325195,-0.6835843751750301,2.0666700070591015,3,0,High-Volume Urban Hubs
1804020,533,1,1.0,1.0,1,0.0,1,0.0,1.0,6.0,0.0,0.0,0.0,0.0,0.0,1.0,1,1.0,0.0,1.0,,,,,-2.439892367432248,2.48407229248378,-0.23288902745174048,1,2,Stable Rural Shops
1804050,533,60,60.0,60.0,60,0.0,60,0.0,1.0,1175.0,0.0,0.0,0.0,0.0,0.0,1.0,60,60.0,0.0,1.0,,,,,-2.221885930625835,2.396006247164655,-0.3060131019547183,1,2,Stable Rural Shops
1803028,533,46,23.0,23.0,45,31.11269837220809,46,0.0,1.0,711.0,0.0,0.0,0.0,0.0,1.3527260161829604,1.0,45,23.0,31.11269837220809,1.9565217391304348,,,,,-1.177629481129958,12.418144411374712,2.5412560244189537,4,3,Volatile Portability Hubs
1803031,533,24,24.0,24.0,24,0.0,24,0.0,1.0,533.0,0.0,0.0,0.0,0.0,0.0,1.0,24,24.0,0.0,1.0,,,,,-2.354893424157043,2.4497355640673786,-0.26139955247265345,1,2,Stable Rural Shops
1804013,533,4,4.0,4.0,4,0.0,4,0.0,1.0,98.0,0.0,0.0,0.0,0.0,0.0,1.0,4,4.0,0.0,1.0,,,,,-2.428801181901997,2.4795916645612466,-0.23660926965480292,1,2,Stable Rural Shops
1804014,533,19,19.0,19.0,19,0.0,19,19.0,1.0,340.0,0.0,0.0,19.0,1.0,0.0,1.0,19,19.0,0.0,1.0,,,,,3.9879435351982564,-18.208645551028848,46.91563734913646,2,-1,Anomalous High-Utilization
1804023,533,7,7.0,7.0,7,0.0,7,0.0,1.0,138.0,0.0,0.0,0.0,0.0,0.0,1.0,7,7.0,0.0,1.0,,,,,-2.4177197585086585,2.4751153382506597,-0.24032620761188364,1,2,Stable Rural Shops
1803026,533,53,53.0,53.0,53,0.0,53,0.0,1.0,946.0,0.0,0.0,0.0,0.0,0.0,1.0,53,53.0,0.0,1.0,,,,,-2.247768054375186,2.4064622313512944,-0.2973316260284877,1,2,Stable Rural Shops
1803027,533,61,61.0,61.0,61,0.0,61,0.0,1.0,1020.0,0.0,0.0,0.0,0.0,0.0,1.0,61,61.0,0.0,1.0,,,,,-2.2182237246174226,2.394528063484413,-0.30724138483643215,1,2,Stable Rural Shops
1585046,537,55674,181.94117647058823,177.0,218,17.152062551160427,55674,1.2129411764705884,1.0,1087398.0,117468.0,9.558896118946322,1.2129411764705884,150.0,0.09427257140954648,1.0,3924,3274.9411764705883,317.71852137313215,1.1981894600711283,17.364379,78.53559,Ranga Reddy,Active,-0.31538711823652654,1.8890267815015613,2.6526809697607123,0,0,Active Urban Shops
1820015,533,108,54.0,54.0,107,74.95331880577403,108,0.0,1.0,2557.0,0.0,0.0,0.0,0.0,1.3880244223291487,1.0,107,54.0,74.95331880577403,1.9814814814814814,,,,,-0.645321500154743,12.953777615711742,2.6170552142638064,4,3,Volatile Portability Hubs
3302018,930,189756,620.1176470588235,623.0,661,24.69537453908804,189702,1.2997354331849291,0.9997031512818425,3939426.0,356202.0,11.154034436606075,1.2997354331849291,477.1111111111111,0.03982369257868494,0.9997154240182129,11898,11162.117647058823,457.4480684122712,1.0659267691140202,17.420602,78.562959,Medchal,Active,3.1849144267372096,0.33807205301165005,1.739465539217795,0,0,Active Urban Shops
3302057,930,183924,601.0588235294117,681.0,733,128.62211702294368,183852,1.5365845742402013,0.999365848748345,3730392.0,290988.0,13.759114425851175,1.5365845742402013,391.1666666666667,0.21399256110687442,0.999608533959679,13194,10819.058823529413,2382.548962523862,1.219514582110002,17.387828,78.550466,Medchal,Active,4.127533144644363,2.1925864085889675,2.8742411795029974,0,0,Active Urban Shops
3384185,930,238896,780.7058823529412,783.0,851,40.81238679744363,238788,1.239585117215754,0.9995554326349606,4930848.0,558072.0,9.35215421069775,1.239585117215754,629.8333333333334,0.05227626398105347,0.9995479204339964,15318,14052.70588235294,755.9936974527202,1.0900391802290537,17.504502,78.422262,Medchal,Active,4.7489742848347785,0.31202149025706155,1.2407516370051181,0,0,Active Urban Shops
3384177,930,68040,222.35294117647058,186.0,577,139.09555487061306,68004,0.31278162896465417,0.9996244549974276,1551870.0,195642.0,5.880672481749255,0.31278162896465417,710.8888888888889,0.6255620192593709,0.9994708994708995,10386,4002.3529411764707,2576.5550872525623,2.594973544973545,17.492505,78.45229,Medchal,Active,2.2954504662291058,9.502767644777034,1.625141556278862,4,-1,Volatile Portability Hubs
1890007,533,20484,66.94117647058823,66.0,83,5.158771354699441,20466,1.029864253393665,0.9990808823529411,467748.0,0.0,0.0,1.029864253393665,65.0,0.07706424695069464,0.9991212653778558,1494,1204.9411764705883,95.55919015735431,1.2398945518453426,18.656676,78.114229,Nizamabad,Active,-1.4469481390930445,2.206811963392076,2.436598578324452,0,0,Active Urban Shops
3384172,930,306288,1000.9411764705883,1021.0,1139,100.07212056978055,305928,1.3060562772754767,0.9988356151006066,6642360.0,731556.0,11.314329472139505,1.3060562772754767,766.3888888888889,0.0999780236063863,0.9988246356370475,20502,18016.941176470587,1853.6992902905072,1.1379290079924778,17.52576,78.421991,Medchal,Active,7.194272023161034,0.5725844199112784,1.0628880065086883,3,0,High-Volume Urban Hubs
2909023,926,113742,371.70588235294116,384.0,425,40.59344731954255,113598,1.3395265863117976,0.998785867351235,2500956.0,0.0,0.0,1.3395265863117976,277.5,0.10920851470679274,0.9987339768950784,7650,6690.705882352941,751.9381427938307,1.1433771166323785,18.322776,78.332306,Kamareddy,Active,1.220443967537074,1.4418875846713701,2.5858857059274776,0,0,Active Urban Shops
3384142,930,241092,787.8823529411765,803.0,893,63.42910757341829,240750,1.0050232843243725,0.9986305399874008,4729860.0,582480.0,8.555566743247415,1.0050232843243725,783.9444444444445,0.0805058107173444,0.9985814543825594,16074,14181.882352941177,1174.937545273841,1.1334179483350755,17.516712,78.462629,Medchal,Active,5.1470643046963325,0.9320860069386679,0.6152222139743186,3,0,High-Volume Urban Hubs
1679901,536,131202,428.7647058823529,445.0,483,78.6498998743233,130986,0.6028567726116639,0.998124978869745,2897730.0,483174.0,6.017855511852354,0.6028567726116639,711.2222222222222,0.1834337080345035,0.9983536836328715,8694,7717.764705882353,1456.8819242397342,1.1264919742077102,17.432863,78.518256,Hyderabad,Active,2.747638211224604,2.7155028601256967,0.40188773762401664,0,0,Active Urban Shops
1881008,533,59742,195.23529411764707,194.0,284,24.01113531454809,59634,1.259582542694497,0.9982466215437872,1279854.0,0.0,0.0,1.259582542694497,155.0,0.12298562830591066,0.9981922265742693,5112,3514.235294117647,444.7734717544096,1.4546550165712564,18.664457,78.102064,Nizamabad,Active,-0.15039998110953706,2.5359830006325885,2.939750574010366,0,0,Active Urban Shops
1890026,533,196506,642.1764705882352,647.0,663,17.696574697579216,196110,1.0018353675323484,0.9979913321821643,4100652.0,0.0,0.0,1.0018353675323484,641.0,0.02755718327918354,0.9979847943574242,11934,11559.176470588236,327.80486483846556,1.0324264907941743,18.659009,78.111606,Nizamabad,Active,2.952373525046171,0.3204826279906376,0.8399306373426189,0,0,Active Urban Shops
1677781,536,341226,1115.1176470588234,1136.0,1411,149.94053208845875,340506,1.0424909913083547,0.9978674999960604,7567596.0,1297116.0,5.827399060141155,1.0424909913083547,1069.6666666666667,0.13446162607500126,0.9978899614917972,25398,20072.117647058825,2777.4434711248614,1.2653373424064989,17.448718,78.410497,Hyderabad,Active,9.450923848519611,1.3919504550127544,0.03297586167616502,3,0,High-Volume Urban Hubs
1581696,537,222804,728.1176470588235,738.0,816,51.59895045018138,222300,0.779106112411363,0.997753039450635,5015268.0,243306.0,12.216914507738425,0.779106112411363,934.5555555555555,0.0708662269876461,0.9977379221198901,14688,13106.117647058823,955.8000498504472,1.1206980126030053,17.48066,78.35073,Ranga Reddy,Active,4.526438329539591,0.9819708679018435,-0.00041490130928645985,0,0,Active Urban Shops
1784005,535,166032,542.5882352941177,548.0,567,23.314114323981304,165636,1.114579684333423,0.997608247570462,3471066.0,0.0,0.0,1.114579684333423,486.8333333333333,0.042968337327372305,0.9976149176062445,10206,9766.588235294117,431.86211034651,1.0449913269731137,18.065069,78.272243,Medak,Active,2.2281184588449916,0.5925493452017881,1.431856781076059,0,0,Active Urban Shops
1581314,537,101880,332.94117647058823,340.0,378,31.654950208612558,101628,0.5770211030686104,0.9977939488503517,2275056.0,15120.0,101.55258893976752,0.5770211030686104,577.0,0.09507670557357129,0.9975265017667845,6804,5992.941176470588,586.3646977978206,1.1353356890459363,17.45062,78.308877,Ranga Reddy,Active,1.1633449483224692,2.15349516721822,0.4707276416440887,0,-1,Active Urban Shops
2603031,923,76068,248.58823529411765,258.0,326,45.89060826260282,75834,0.9867040852754728,0.9970640502822702,1630818.0,11448.0,28.032826048585804,0.9867040852754728,252.88888888888889,0.18460490782400565,0.9969238050165641,5868,4474.588235294118,850.0608109735098,1.3114055844770467,16.237913,77.792114,Jogulamba Gadwal,Active,0.46138956429627087,2.9188226320572612,2.139162710308226,0,0,Active Urban Shops
3384188,930,113724,371.6470588235294,364.0,570,107.19588141025338,113364,0.5692834006553326,0.9968794583933397,2292012.0,207486.0,27.632530572021523,0.5692834006553326,652.8333333333334,0.2884346286758955,0.9968344412788858,10260,6689.64705882353,1985.6572256175184,1.533713200379867,17.51621,78.439835,Medchal,Active,2.4917454492164453,4.5551925355535055,0.9142957498511081,0,-1,Active Urban Shops
2357014,539,87732,286.70588235294116,293.0,365,42.64114573445196,87390,1.5830646740409104,0.9964195407288224,1796166.0,0.0,0.0,1.5830646740409104,181.11111111111111,0.14872783698926617,0.9961017644645055,6570,5160.705882352941,789.8689578583496,1.273081657775954,16.692683,78.921994,Nalgonda,Active,0.6875115086103972,1.896467475815034,3.5418245441336236,0,0,Active Urban Shops
1585187,537,324558,1060.6470588235295,1055.0,1248,115.5073467587909,323262,1.1271488404075765,0.9959797799803577,6877746.0,411174.0,17.812692026079674,1.1271488404075765,941.0,0.108902717259134,0.9960068770450891,22464,19091.647058823528,2139.6157640209744,1.1766402307137709,17.319367,78.563526,Ranga Reddy,Active,7.532634395364803,0.8256364829556914,0.48999482584837034,3,0,High-Volume Urban Hubs
4018042,937,131868,430.94117647058823,442.0,484,34.497276736257575,131328,0.8239803071401084,0.9959499780529216,2703114.0,0.0,0.0,0.8239803071401084,523.0,0.08005101071749642,0.9959049959049959,8712,7756.941176470588,639.0149128334403,1.1231231231231231,17.141266,79.613286,Suryapet,Active,1.618778337859867,1.5617197072579283,0.9592455323733892,0,0,Active Urban Shops
1585676,537,119754,391.3529411764706,389.0,438,30.592074530963142,119232,1.7788770053475937,0.9956223647257672,2257596.0,260802.0,22.441110274091546,1.7788770053475937,220.0,0.07817003863315397,0.9956410641815723,7884,7044.35294117647,566.6763782328136,1.1191943484142493,17.328108,78.588249,Ranga Reddy,Active,1.5185790245390896,0.7220764953271835,3.6064388343861395,0,0,Active Urban Shops
2909033,926,73116,238.94117647058823,258.0,341,86.00886231836756,72774,0.6138116149726107,0.9957555642842,1865574.0,0.0,0.0,0.6138116149726107,389.27777777777777,0.35995831103206516,0.9953225012309207,6138,4300.941176470588,1593.1966478823417,1.4271294928606597,18.318497,78.338406,Kamareddy,Active,0.9284718538160638,4.786286323947292,1.4885851425955847,4,0,Volatile Portability Hubs
2706016,924,57024,186.35294117647058,178.0,361,84.77205467379092,56718,0.5013574812491888,0.9926915944329783,1125684.0,0.0,0.0,0.5013574812491888,372.0,0.4549005459136508,0.9946338383838383,6498,3354.3529411764707,1570.28647629885,1.9371843434343434,18.801502,78.918657,Jagityal,Active,0.6302110521766493,6.678088881887896,1.7694499077252526,4,0,Volatile Portability Hubs
3302039,930,305640,998.8235294117648,989.0,1294,123.84824757806692,303858,1.2875980868152856,0.9940753452978073,6348654.0,559080.0,9.996514511003081,1.2875980868152856,775.7777777777778,0.12399412301691033,0.9941696113074205,23292,17978.823529411766,2294.1195542978485,1.2955241460541813,17.399487,78.56506,Medchal,Active,7.313880095647752,1.2214651203190483,1.1703811174893968,3,0,High-Volume Urban Hubs
3302080,930,102816,336.0,333.0,407,20.179522163671283,102204,0.8627788535354068,0.9941181956628122,2109024.0,145800.0,11.327151260504202,0.8627788535354068,389.44444444444446,0.0600581016775931,0.9940476190476191,7326,6048.0,373.79807383131356,1.2113095238095237,17.480853,78.571096,Medchal,Active,0.9190030227804634,1.7357743082498878,1.285375330528378,0,0,Active Urban Shops
1881066,533,171378,560.0588235294117,562.0,575,15.055845896546614,170334,0.9840942886985315,0.9939176132331122,3621546.0,0.0,0.0,0.9840942886985315,569.1111111111111,0.02688261529684828,0.9939082029198614,10350,10081.058823529413,278.8889722156996,1.0266778699716415,18.649995,78.068509,Nizamabad,Active,2.300730739227067,0.47358576231717375,0.9652079285510602,0,0,Active Urban Shops
3302005,930,151830,496.1764705882353,499.0,630,98.7732038824666,150894,0.9212344966471407,0.990401914215888,3083580.0,375372.0,7.137433045790455,0.9212344966471407,538.6111111111111,0.19906869780698663,0.9938352104327208,11340,8931.176470588236,1829.6386335590325,1.2697095435684647,17.399945,78.565754,Medchal,Active,3.1660434850380033,2.8386681230721864,1.366144866946031,0,0,Active Urban Shops
2111034,540,155754,509.0,512.0,524,14.42947802470954,154692,0.9301538497102223,0.9931465287544604,3095046.0,0.0,0.0,0.9301538497102223,547.2222222222222,0.028348679812788883,0.9931815555298741,9432,9162.0,267.28636328851513,1.0294695481335954,18.010416,79.570347,Hanumakonda,Active,1.8901365950017284,0.6597233881675667,0.9407439440052398,0,0,Active Urban Shops
1881014,533,96624,315.7647058823529,337.0,350,54.39259408434835,95904,0.865108783239323,0.9925416687012901,2071332.0,0.0,0.0,0.865108783239323,365.0,0.17225672493180366,0.992548435171386,6300,5683.764705882353,1007.5484808069884,1.1084202682563338,18.669211,78.095649,Nizamabad,Active,0.9197256237069107,2.4136630657302267,1.5190910228668602,0,0,Active Urban Shops
3384073,930,152838,499.47058823529414,499.0,587,38.75235520263518,151686,0.7478569015093407,0.9925783195958223,3335562.0,441666.0,17.277528840087044,0.7478569015093407,667.8888888888889,0.07758686119948158,0.9924626074667294,10566,8990.470588235294,717.8344270832113,1.1752443763985396,17.470865,78.49069,Medchal,Active,2.7871337174160464,1.634629888845493,0.4937904878582202,0,0,Active Urban Shops
3610004,933,2376,14.666666666666666,3.0,69,21.110181229747777,2358,0.03273809523809524,0.9983896940418681,47358.0,0.0,0.0,0.03273809523809524,448.0,1.439330538391894,0.9924242424242424,1242,264.0,401.78725713989485,4.704545454545454,18.61257,79.37282,Peddapalli,Active,-0.19699655392978246,18.633356054693927,4.014082753088601,4,-1,Volatile Portability Hubs
1675614,536,343350,1122.0588235294117,1125.0,1356,131.14798225576683,340650,0.9341555793761676,0.9919260210151671,8052750.0,1055880.0,7.627373414432481,0.9341555793761676,1201.1666666666667,0.11688155692519195,0.9921363040629095,24408,20197.058823529413,2429.3371645005413,1.2084927916120576,17.392525,78.395004,Hyderabad,Active,9.171183154032443,1.0390172432369151,-0.410165261668996,3,0,High-Volume Urban Hubs
3302241,930,406656,1328.9411764705883,1328.0,1474,64.73190464729994,403452,1.3955712984211823,0.9920822132359021,8253720.0,678582.0,13.109888726263634,1.3955712984211823,952.2777777777778,0.048709382923340074,0.992121104815864,26532,23920.941176470587,1199.0700808641375,1.1091536827195467,17.367046,78.563189,Medchal,Active,9.026517475936053,-0.7968349542526889,0.5313752659423254,3,0,High-Volume Urban Hubs
1676683,536,265536,867.7647058823529,874.0,980,58.30341943191833,263322,1.1582224496373288,0.99167348738846,5859540.0,843084.0,6.989431448066663,1.1582224496373288,749.2222222222222,0.06718805113493842,0.991662147505423,17640,15619.764705882353,1079.9911764345443,1.1293383947939262,17.383759,78.520912,Hyderabad,Active,5.97125103926546,0.46935129541884185,0.786900474468209,3,0,High-Volume Urban Hubs
1481026,538,12150,39.705882352941174,17.0,169,50.613790948089736,12042,0.16825506298872453,0.9848763452865648,325494.0,5562.0,38.07134507251078,0.16825506298872453,236.0,1.2747176979518897,0.9911111111111112,3042,714.7058823529412,937.5513162426018,4.256296296296296,16.749192,78.007075,Mahbubnagar,Active,-0.026546601009635996,16.820009428239,3.9475961272460247,4,-1,Volatile Portability Hubs
1784002,535,163764,535.1764705882352,536.0,577,19.80532057907955,162270,1.171690429313445,0.9909096232382849,3540222.0,0.0,0.0,1.171690429313445,456.77777777777777,0.037007083957391995,0.9908771158496373,10386,9633.176470588236,366.8665008034458,1.078149043745878,18.032186,78.261898,Medak,Active,2.154650817650476,0.5410121843927311,1.5943090286269246,0,0,Active Urban Shops
1585678,537,34578,113.0,94.0,183,36.57895121693822,34236,1.0802363866043112,0.9902489670441899,696600.0,45936.0,14.437284221876551,1.0802363866043112,104.61111111111111,0.3237075328932586,0.9901093180635085,3294,2034.0,677.5750880898736,1.6194690265486726,17.333415,78.549056,Ranga Reddy,Active,-0.556433191037955,4.514858590384691,3.0998591101957365,4,0,Volatile Portability Hubs
1672234,536,382860,1251.1764705882354,1244.0,1331,48.229657925056536,379062,1.025322388599128,0.99005990799768,8477208.0,1394496.0,6.093043173138624,1.025322388599128,1220.2777777777778,0.03854744639050123,0.9900799247766807,23958,22521.176470588234,893.3885097827063,1.0637987776210627,17.341593,78.488857,Hyderabad,Active,9.374734007430048,-0.5888645323570935,-0.677644161851772,3,0,High-Volume Urban Hubs
3803023,935,218358,713.5882352941177,715.0,767,30.592301487763613,216180,1.625246320895461,0.9900148484653561,4402494.0,117468.0,40.24412735269977,1.625246320895461,439.1111111111111,0.042871084435906474,0.9900255543648504,13806,12844.588235294117,566.6805822974184,1.0748495589811229,18.088051,78.851893,Siddipet,Active,3.645101595242342,-0.11308833400269903,2.4799124511603923,0,-1,Active Urban Shops
3302119,930,192600,629.4117647058823,626.0,727,33.55299784544718,190620,1.5536778071523771,0.9897052142870136,4015962.0,367200.0,10.138306149591838,1.5536778071523771,405.1111111111111,0.053308501249775896,0.9897196261682243,13086,11329.411764705883,621.523436688385,1.1550467289719626,17.498243,78.508045,Medchal,Active,3.376088327145219,0.374052328359519,2.466409848525922,0,0,Active Urban Shops
1679924,536,185454,606.0588235294117,535.0,843,128.37548590329254,183456,0.6426927645062297,0.9896463895264991,4009824.0,696330.0,5.799932882406053,0.6426927645062297,943.0,0.21182017474094667,0.9892264389012909,15174,10909.058823529413,2377.9804580407153,1.3909540910414442,17.427459,78.515169,Hyderabad,Active,4.931785355469869,3.3867029803887028,0.24366093087804833,3,0,High-Volume Urban Hubs
3384061,930,113580,371.1764705882353,377.0,439,50.28562583744054,112356,1.2311554779451166,0.9894009679290503,2476062.0,216000.0,10.296313725490196,1.2311554779451166,301.5,0.1354763295144991,0.9892234548335974,7902,6681.176470588235,931.4725059881073,1.1827258320126783,17.45716,78.45147,Medchal,Active,1.5322711329910281,1.875949846523218,2.3309613675173964,0,0,Active Urban Shops
1677752,536,388944,1271.0588235294117,1279.0,1375,76.11399865164447,384444,1.5276130437091882,0.9883729176019924,8473662.0,1326672.0,6.4486064203194635,1.5276130437091882,832.0555555555555,0.059882357324970194,0.9884302110329508,24750,22879.058823529413,1409.9078192646248,1.081775268419104,17.409035,78.431945,Hyderabad,Active,9.372639785408246,-0.6824292348132148,0.9321639399390752,3,0,High-Volume Urban Hubs
1676678,536,306900,1002.9411764705883,1038.0,1130,113.11727471930553,303336,1.6052897975720284,0.9883513600275246,6691086.0,722430.0,9.633272188039687,1.6052897975720284,625.0,0.11278555250605242,0.9883870967741936,20340,18052.941176470587,2095.3429453966546,1.1266862170087977,17.383082,78.526858,Hyderabad,Active,7.208828448558853,0.40721740466720624,1.927459319984498,3,0,High-Volume Urban Hubs
2281032,541,53766,175.7058823529412,180.0,191,15.981088148159019,53136,0.9623600602722822,0.9884786578613896,1020546.0,0.0,0.0,0.9623600602722822,182.61111111111111,0.0909536319111829,0.9882825577502511,3438,3162.705882352941,296.02782063217524,1.0870438567124205,17.262864,80.154326,Khammam,Active,-0.6052817895475526,1.8523815874661957,1.9470199674959792,0,0,Active Urban Shops
1881039,533,286272,935.5294117647059,934.0,1008,30.956777657429594,282888,0.9785872507999015,0.9882092860943326,7133796.0,0.0,0.0,0.9785872507999015,956.0,0.03309011696279572,0.9881790744466801,18144,16839.529411764706,573.4320053030543,1.0774647887323943,18.674984,78.073141,Nizamabad,Active,5.553158090848299,-0.2084225591894082,0.033250975197262785,3,0,High-Volume Urban Hubs
3302021,930,285012,931.4117647058823,913.0,1194,89.40066596090128,281574,1.0802088495322701,0.9879459980204782,5791806.0,625050.0,9.55725071920065,1.0802088495322701,862.2777777777778,0.09598404201940898,0.9879373500063156,21492,16765.41176470588,1656.0251756398336,1.2819249715801442,17.388167,78.539013,Medchal,Active,6.6024997300322665,1.1111025420082528,0.5971453791427288,3,0,High-Volume Urban Hubs
1676641,536,181692,593.7647058823529,585.0,816,87.48656213110544,179406,1.0753492771158282,0.986882374915742,3718368.0,625842.0,5.993042972070339,1.0753492771158282,552.1666666666666,0.14734213951147143,0.987418268278185,14688,10687.764705882353,1620.5690177146023,1.3742817515355656,17.410152,78.504172,Hyderabad,Active,4.081529673544763,2.32910823658748,1.4856375275849791,0,0,Active Urban Shops
2281101,541,78120,255.2941176470588,253.0,303,17.385459291967855,77130,0.979601409283627,0.987027048230826,1497276.0,0.0,0.0,0.979601409283627,260.6111111111111,0.06809972533720128,0.9873271889400922,5454,4595.294117647059,322.0418770722766,1.1868663594470046,17.253046,80.147558,Khammam,Active,0.03651647332359966,1.7514547757571663,1.8223432717590535,0,0,Active Urban Shops
3302193,930,134892,440.8235294117647,446.0,524,34.08208368275256,133146,0.6738711040250935,0.9869777999110972,2737836.0,359694.0,8.953337645644885,0.6738711040250935,654.1666666666666,0.07731457467397833,0.9870563117160395,9432,7934.823529411765,631.3240288566284,1.1886842807579396,17.446202,78.531458,Medchal,Active,2.187100419372606,1.8122699154721604,0.42935930780263215,0,0,Active Urban Shops
3302010,930,331218,1082.4117647058824,1089.0,1205,78.1089217978112,326772,1.473863084813683,0.986580540452945,6968286.0,553896.0,14.539728529154253,1.473863084813683,734.4444444444445,0.07216192981700942,0.9865768164773654,21690,19483.41176470588,1446.8610445903025,1.1132547144176947,17.410378,78.56733,Medchal,Active,7.235243096960256,-0.1459558557428281,1.3272409797131712,3,0,High-Volume Urban Hubs
3384202,930,113436,370.70588235294116,361.0,433,31.206742094773677,111906,0.8655795968283351,0.9865109725210793,2335896.0,296460.0,8.7089592414664,0.8655795968283351,428.27777777777777,0.08418194471773287,0.9865122183433831,7794,6672.705882352941,578.0622549416587,1.1680418914630275,17.53465,78.436166,Medchal,Active,1.401496961564273,1.787272819187793,1.2086531096428454,0,0,Active Urban Shops
3384049,930,40626,132.76470588235293,119.0,234,46.537383485929794,40068,0.2853797786467255,0.9848203148415311,270072.0,175716.0,1.6235374825388378,0.2853797786467255,465.22222222222223,0.35052526329676853,0.9862649534780682,4212,2389.764705882353,862.0414382014768,1.7625166149756313,17.45613,78.45045,Medchal,Active,-0.08275563257321086,5.789328196935323,0.9430812500086749,4,0,Volatile Portability Hubs
3302011,930,100116,327.1764705882353,317.0,450,53.52163560036702,98712,0.7379969981861331,0.9858902925562185,2171574.0,204264.0,12.990650436392757,0.7379969981861331,443.3333333333333,0.16358644466131594,0.9859762675296656,8100,5889.176470588235,991.4151650099794,1.3754045307443366,17.40067,78.56428,Medchal,Active,1.36193971035693,3.0405084209438233,1.2098625763942847,0,0,Active Urban Shops
2111051,540,104256,340.70588235294116,341.0,384,21.63812129444992,102780,0.9142412794952571,0.9858666188434448,2030364.0,0.0,0.0,0.9142412794952571,372.6666666666667,0.06350967921368243,0.9858425414364641,6912,6132.705882352941,400.81662963035296,1.12707182320442,18.000984,79.569049,Hanumakonda,Active,0.7096900510336979,1.4982585602729175,1.401725053185808,0,0,Active Urban Shops
1713039,535,107658,351.8235294117647,353.0,377,16.333458628872773,106128,0.6958709597347726,0.9858896141273016,2417310.0,0.0,0.0,0.6958709597347726,505.6111111111111,0.04642514574332673,0.9857883297107507,6786,6332.823529411765,302.5550022917563,1.0715599398093965,18.115698,78.430307,Medak,Active,0.8506318296743068,1.3897783038406335,0.6539362622565544,0,0,Active Urban Shops
1784020,535,161658,528.2941176470588,530.0,611,43.51926384878548,159354,1.1760244084293632,0.985724826199496,3442068.0,0.0,0.0,1.1760244084293632,449.22222222222223,0.08237696085395314,0.9857476895668634,10998,9509.29411764706,806.1348960243783,1.156552722413985,18.044399,78.260036,Medak,Active,2.3591677838370457,1.1434779999219777,1.7524628566589457,0,0,Active Urban Shops
1784001,535,140202,458.1764705882353,463.0,492,28.293570525407127,138186,1.0213536962533742,0.9856177321455205,3132018.0,0.0,0.0,1.0213536962533742,448.6111111111111,0.06175256116727708,0.9856207472076005,8856,8247.176470588236,524.0997323141511,1.073822056746694,18.032418,78.261741,Medak,Active,1.6876171244282976,1.0304970466690175,1.3804329184681243,0,0,Active Urban Shops
1784006,535,185220,605.2941176470588,609.0,618,11.325805354314513,182538,1.0289233853128794,0.9855378058094915,3846060.0,0.0,0.0,1.0289233853128794,588.3333333333334,0.01871124305377519,0.9855199222546162,11124,10895.29411764706,209.79506807414546,1.0209912536443149,18.048894,78.26663,Medak,Active,2.5548824860372226,0.2342195732102327,0.9636476737754226,0,0,Active Urban Shops
3719038,934,163278,533.5882352941177,565.0,662,97.42067168200995,160902,1.5950754560864808,0.9856011707399243,3475404.0,0.0,0.0,1.5950754560864808,334.72222222222223,0.18257649857724276,0.9854481314077831,11916,9604.588235294117,1804.5848227093516,1.2406570389152245,17.533162,78.263656,Sangareddy,Active,2.9885955161382367,1.8493657362498255,3.125826189490633,0,0,Active Urban Shops
3302160,930,114552,374.3529411764706,386.0,479,91.60273963890998,112842,0.7758618511449321,0.9823154971629677,2404854.0,285228.0,9.423218153679452,0.7758618511449321,482.5,0.2446961932529022,0.9850722815839095,8622,6738.35294117647,1696.815581507625,1.2795411690760528,17.454682,78.52603,Medchal,Active,2.1299856438637557,3.43937459058227,1.307565029581224,0,0,Active Urban Shops
3302031,930,66402,217.0,219.0,290,30.26635853578017,65394,0.9856264438103003,0.9852910420045808,1390302.0,102600.0,17.316802659084725,0.9856264438103003,220.16666666666666,0.13947630661649849,0.9848197343453511,5220,3906.0,560.6429344957448,1.336405529953917,17.391443,78.536972,Medchal,Active,0.1026190690210659,2.6579722665724845,2.11122039226431,0,0,Active Urban Shops
1890023,533,90360,295.29411764705884,294.0,317,11.351829405793788,88974,0.9143810079333029,0.9845693889867424,1879956.0,0.0,0.0,0.9143810079333029,322.94444444444446,0.03844245017898295,0.9846613545816733,5706,5315.294117647059,210.27712806730872,1.0735059760956176,18.688896,78.105065,Nizamabad,Active,0.25072415715400054,1.25613900503943,1.4235182156669173,0,0,Active Urban Shops
3384212,930,203832,666.1176470588235,645.0,796,96.72505845675103,200628,1.2681772179061603,0.9840993912450275,4180428.0,464562.0,32.810777276619866,1.2681772179061603,525.4444444444445,0.14520717006047046,0.9842811727304839,14328,11990.117647058823,1791.6995382301457,1.1949841045566938,17.491886,78.459143,Medchal,Active,4.357166517049479,1.690329240602442,1.8333014549173652,0,0,Active Urban Shops
1890013,533,114120,372.94117647058823,370.0,392,9.329828978888816,112302,0.8553696708041014,0.9840294242293501,2627532.0,0.0,0.0,0.8553696708041014,436.0,0.025016891583771274,0.9840694006309149,7056,6712.941176470588,172.82233311562896,1.0511041009463722,18.682475,78.076985,Nizamabad,Active,0.8758415058604633,0.975292784701751,1.0154071408522853,0,0,Active Urban Shops
3384047,930,139986,457.47058823529414,457.0,479,11.164967942678661,137664,0.889637300541025,0.9833735027116254,2916540.0,350100.0,7.497837254901961,0.889637300541025,514.2222222222222,0.024405870518906678,0.9834126269769834,8622,8234.470588235294,206.81577479941498,1.0470618490420471,17.455701,78.450751,Medchal,Active,1.8646376039484134,0.8158283398268783,0.8702800287666022,0,0,Active Urban Shops
2357007,539,84708,276.8235294117647,275.0,326,20.194827335458125,83268,1.0242275813738713,0.9829270899424749,1760004.0,0.0,0.0,1.0242275813738713,270.27777777777777,0.07295198994959375,0.9830004249893752,5868,4982.823529411765,374.0815812249578,1.1776455588610284,16.689864,78.917662,Nalgonda,Active,0.24003008857178829,1.668804099810058,1.884130838416734,0,0,Active Urban Shops
1674466,536,31500,102.94117647058823,102.0,152,25.535635092845933,30960,0.1796530130376758,0.9828479900785877,708174.0,124740.0,5.842143084279686,0.1796530130376758,573.0,0.24806045518764622,0.9828571428571429,2736,1852.9411764705883,473.01274699898886,1.4765714285714284,17.380188,78.46733,Hyderabad,Active,-0.42425041772619254,4.507181604998948,0.25287628878548063,0,0,Active Urban Shops
2159028,540,65826,215.11764705882354,208.0,313,64.64469764382775,64692,0.6844884733794439,0.9821382726783341,1382220.0,0.0,0.0,0.6844884733794439,314.27777777777777,0.300508575319954,0.9827727645611156,5634,3872.1176470588234,1197.4546902885795,1.455017774131802,18.200769,79.697655,Hanumakonda,Active,0.3765935638708348,4.359317225396211,1.6712726017528086,0,0,Active Urban Shops
2401004,921,112788,368.5882352941176,369.0,375,4.440542592403217,110826,0.9940175110003773,0.9826236775996388,2195154.0,0.0,0.0,0.9940175110003773,370.8333333333333,0.012047434419223539,0.9826045323970635,6750,6634.588235294118,82.25498375746704,1.0173954676029364,19.359271,79.299199,Kumarambheem Asifabad,Active,0.6711018941688521,0.7027514293826028,1.3983504474086248,0,0,Active Urban Shops
1673399,536,450540,1472.3529411764705,1582.0,1773,234.56550612452017,442656,1.1743184123876478,0.9833161605688885,11096712.0,1942362.0,5.727226444110476,1.1743184123876478,1254.0,0.1593133681229262,0.9825009988014383,31914,26502.352941176472,4345.00547958769,1.204194966040751,17.341916,78.454458,Hyderabad,Active,13.644527773147688,1.0539179197972421,-0.46106328027983523,3,-1,High-Volume Urban Hubs
3384226,930,211950,692.6470588235294,709.0,798,91.48089260950944,208188,1.6429840039274994,0.9823505194667818,4439376.0,207000.0,11.469058823529412,1.6429840039274994,421.6111111111111,0.1320743247865529,0.9822505307855627,14364,12467.64705882353,1694.5585317855086,1.1521019108280255,17.50042,78.465941,Medchal,Active,4.194740354925343,0.9891273228720059,2.7749151036682385,0,0,Active Urban Shops
1881019,533,126054,411.94117647058823,412.0,486,52.25878045845331,123804,0.9705463710538681,0.9821890292888693,3065346.0,0.0,0.0,0.9705463710538681,424.44444444444446,0.12685981262226279,0.9821505069256034,8748,7414.941176470588,968.0224991308463,1.1797800942453234,18.67022,78.091291,Nizamabad,Active,1.671967798605893,1.9298715436684544,1.5107207075724074,0,0,Active Urban Shops
1672305,536,149994,490.1764705882353,477.0,684,87.3648552700391,147276,0.4067667138052944,0.9819883381809104,3656574.0,502776.0,7.301890054986305,0.4067667138052944,1205.0555555555557,0.1782314340082401,0.9818792751710068,12312,8823.176470588236,1618.314564419342,1.3954158166326651,17.337262,78.488912,Hyderabad,Active,3.972650162836416,3.1871793442470246,-0.49765101170815224,0,0,Active Urban Shops
3302190,930,45432,148.47058823529412,151.0,306,89.21633746022516,44586,0.33124408600438543,0.9686607935960343,795510.0,175842.0,5.256937644687624,0.33124408600438543,448.22222222222223,0.6009024313882043,0.981378763866878,5508,2672.470588235294,1652.6107420399646,2.061014263074485,17.476172,78.537383,Medchal,Active,0.6959206281443734,8.031474958173721,1.6154967016221762,4,-1,Volatile Portability Hubs
1675575,536,102474,334.88235294117646,255.0,606,216.20861028869805,100548,0.4532158667522052,0.9590148023023288,2484072.0,479196.0,5.218327358982976,0.4532158667522052,739.1111111111111,0.6456255708603315,0.9812049885824697,10908,6027.882352941177,4004.9690679572195,1.8095907254523098,17.381079,78.457602,Hyderabad,Active,3.724518518672891,8.129652703819314,1.3934521122490051,4,-1,Volatile Portability Hubs
1585770,537,61074,199.58823529411765,204.0,247,28.039674330272344,59922,1.6081631577362128,0.9809475834752832,1248174.0,118998.0,9.557791067874215,1.6081631577362128,124.11111111111111,0.1404876108501709,0.9811376363100501,4446,3592.5882352941176,519.3966522350152,1.2375478927203065,17.324283,78.605767,Ranga Reddy,Active,0.012269251921027301,1.8163157645112296,3.7028657954149193,0,0,Active Urban Shops
1673396,536,538020,1758.235294117647,1740.0,2079,176.11597388777034,527778,1.3311102097646657,0.980879710403577,13354326.0,2264976.0,5.962749228887345,1.3311102097646657,1320.888888888889,0.1001663284072297,0.9809635329541653,37422,31648.235294117647,3262.3077630990715,1.1824355971896956,17.325711,78.470703,Hyderabad,Active,15.342378739381246,-0.44115851563672065,-0.7646144515754055,3,-1,High-Volume Urban Hubs
2909008,926,65106,212.76470588235293,279.0,417,160.5419005500068,63864,0.4564139074941085,0.9876071288052953,1519074.0,0.0,0.0,0.4564139074941085,466.1666666666667,0.7545513711225093,0.9809234171965717,7506,3829.764705882353,2973.819335665243,1.9599115288913462,18.33823,78.34994,Kamareddy,Active,1.8370530086990615,8.881125888193726,2.0637603551874277,4,-1,Volatile Portability Hubs
1677775,536,116946,382.1764705882353,230.0,795,313.6919888011075,114606,0.47124102415318775,0.9638162417620121,2623356.0,453636.0,5.195161032017323,0.47124102415318775,811.0,0.8208040341109478,0.979990764968447,14310,6879.176470588235,5810.715449014155,2.0801908573187626,17.449518,78.421511,Hyderabad,Active,5.073206004407075,10.342804908428247,1.8721195662969234,4,-1,Volatile Portability Hubs
3384046,930,161280,527.0588235294117,538.0,650,113.41635093581078,158040,1.2318854176439316,0.9802993275425248,3624966.0,300582.0,10.886809231595693,1.2318854176439316,431.5,0.21518727298089102,0.9799107142857143,11700,9487.058823529413,2100.8829236355677,1.2332589285714284,17.462904,78.449546,Medchal,Active,3.4117746749554994,2.5437272851334054,2.1713847864622298,0,0,Active Urban Shops
3723036,934,217602,711.1176470588235,709.0,767,38.452344988326175,213156,1.2519676884838442,0.9795509115936901,4984074.0,0.0,0.0,1.2519676884838442,568.0,0.05407311314430846,0.9795682024981388,13806,12800.117647058823,712.2771478112419,1.07858383654562,17.612517,77.948706,Sangareddy,Active,3.6351766487178985,0.27425605617738646,1.447973065857955,0,0,Active Urban Shops
2706019,924,70074,229.0,191.0,655,154.5328231885477,68598,0.3781489735494082,0.9777286986119111,1311066.0,0.0,0.0,0.3781489735494082,605.8333333333334,0.6748158217840511,0.9789365527870537,11790,4122.0,2862.5093886308914,2.8602620087336246,18.798862,78.917955,Jagityal,Active,2.193466013624871,10.367192586049496,2.1125661989400872,4,-1,Volatile Portability Hubs
1673358,536,466920,1525.8823529411766,1525.0,1712,142.29726175845295,456660,1.2242445991850592,0.9780252572438701,12247776.0,2033856.0,6.091762208897185,1.2242445991850592,1246.388888888889,0.09325572281779876,0.9780262143407864,30816,27465.882352941175,2635.862332386522,1.1219737856592136,17.358434,78.459629,Hyderabad,Active,13.143048547601238,-0.3274120608335043,-0.6626601865740845,3,0,High-Volume Urban Hubs
3302185,930,186480,609.4117647058823,608.0,647,22.701059240619042,182340,1.1421637895793983,0.9777820745757592,3816540.0,432360.0,7.952142289302293,1.1421637895793983,533.6111111111111,0.03725077288518569,0.9777992277992278,11646,10969.411764705883,420.5061026346,1.0616795366795366,17.449929,78.543694,Medchal,Active,3.111412347832437,0.44188044132950566,1.2744322434164452,0,0,Active Urban Shops
1676637,536,116676,381.29411764705884,375.0,561,50.22400736803216,114084,0.6357434550410113,0.977698377067135,2338254.0,424890.0,5.560724229492403,0.6357434550410113,599.7777777777778,0.13171985887944257,0.9777846343721074,10098,6863.294117647059,930.3311080406993,1.4713051527306387,17.410186,78.504165,Hyderabad,Active,2.071182529802851,2.999309736723297,0.695952781791407,0,0,Active Urban Shops
4311003,940,48582,158.76470588235293,160.0,268,57.34506021070125,47502,0.5230459022848973,0.9760274641877739,971424.0,0.0,0.0,0.5230459022848973,303.55555555555554,0.36119526624005976,0.9777695442756577,4824,2857.764705882353,1062.2388814087303,1.6880326046683956,17.754523,79.754478,Warangal,Active,-0.03264494507305165,5.424915241809534,1.5809108114636643,4,0,Volatile Portability Hubs
1672236,536,420678,1374.764705882353,1341.0,1879,213.8462375343979,411084,1.1386801321320419,0.9772195684457701,10920834.0,1620900.0,6.755189415724427,1.1386801321320419,1207.3333333333333,0.15555115476807857,0.9771939583244191,33822,24745.764705882353,3961.2093407413436,1.366779341919473,17.339132,78.48263,Hyderabad,Active,12.597820929531203,1.4096815770965814,-0.292562626478983,3,-1,High-Volume Urban Hubs
3201019,929,109476,357.7647058823529,369.0,395,31.977812944804132,106938,0.8090177493358336,0.9770045435048769,2115342.0,0.0,0.0,0.8090177493358336,442.22222222222223,0.08938224598185963,0.9768168365669188,7110,6439.764705882353,592.3452888109016,1.1040776060506412,19.075862,79.490994,Manchiryala,Active,0.9452752600576771,1.7122742682710066,1.0857713396715227,0,0,Active Urban Shops
3302154,930,138186,451.5882352941176,452.0,613,92.25634489081662,134964,0.528791844606695,0.9768470645291899,2325258.0,455130.0,6.421797831854029,0.528791844606695,854.0,0.20429306540886838,0.9766836003647258,11034,8128.588235294118,1708.9227256821594,1.3574312882636446,17.47554,78.537476,Medchal,Active,3.092079004368942,3.423502134689661,0.24643156038557038,0,0,Active Urban Shops
1671142,536,254772,832.5882352941177,829.0,924,60.45863286055527,248760,1.530337066019068,0.9764732424432673,5613444.0,551844.0,10.186222262656441,1.530337066019068,544.0555555555555,0.07261528604136212,0.9764024304083652,16632,14986.588235294117,1119.9135602147787,1.109792284866469,17.352091,78.517471,Hyderabad,Active,5.249867106609779,0.15817128847946424,1.9626653741024715,3,0,High-Volume Urban Hubs
4018050,937,97380,318.2352941176471,404.0,535,157.29169997615452,95058,0.6177998068832485,0.969603259694243,1952442.0,0.0,0.0,0.6177998068832485,515.1111111111111,0.49426227349253726,0.9761552680221811,9630,5728.235294117647,2913.6138112619647,1.6811460258780038,0.0,0.0,Suryapet,Active,2.3734592711302676,6.368486670454423,1.6588160745630303,4,0,Volatile Portability Hubs
1673339,536,65376,213.64705882352942,201.0,294,36.84570764212554,63810,0.662994921206552,0.9757349532611838,1517274.0,302904.0,5.0214438608051015,0.662994921206552,322.3333333333333,0.17246063599012504,0.976046255506608,5292,3845.6470588235293,682.5163863579093,1.376101321585903,17.362027,78.464548,Hyderabad,Active,0.36722508547689403,3.2941005452827103,1.2712430121869116,0,0,Active Urban Shops
3384007,930,174852,571.4117647058823,613.0,767,116.79392132238388,170604,0.6229679295474698,0.9753499335507299,3528396.0,592884.0,6.135112049638121,0.6229679295474698,917.3333333333334,0.20439537394281718,0.9757051677990529,13806,10285.411764705883,2163.4477997753825,1.3422894791023265,17.471744,78.389848,Medchal,Active,4.469346853283591,3.171797448133336,0.18846488818519608,0,0,Active Urban Shops
3727037,934,125766,411.0,385.0,510,48.50999558989006,122688,1.180846479816443,0.9753569737743993,2967984.0,0.0,0.0,1.180846479816443,348.05555555555554,0.11802918635009747,0.9755259768140833,9180,7398.0,898.5813819571378,1.2408759124087592,17.680698,77.607521,Sangareddy,Active,1.577704324357109,1.7862175445815933,2.1131259648065135,0,0,Active Urban Shops
1673388,536,477648,1560.9411764705883,1560.0,1685,89.25691305690229,465912,1.2089907361919443,0.9754492446504702,12187620.0,1880082.0,6.5389462286523505,1.2089907361919443,1291.111111111111,0.05718147128306222,0.9754296050648176,30330,28096.941176470587,1653.3623495240024,1.0794769369912571,17.336191,78.451806,Hyderabad,Active,12.660246087862625,-1.0770708266973459,-0.8798421005589647,3,0,High-Volume Urban Hubs
3720025,934,11700,38.23529411764706,38.0,44,2.9459941256935704,11412,0.8312020460358056,0.9746603556550625,235674.0,0.0,0.0,0.8312020460358056,46.0,0.07704907713352416,0.9753846153846154,792,688.2352941176471,54.57051563317492,1.1507692307692308,17.617402,78.075251,Sangareddy,Active,-1.8174319962175827,2.232593188035063,1.9209258797026416,1,0,Stable Rural Shops
1676676,536,255312,834.3529411764706,791.0,968,84.20135667987164,248796,1.1883493684964272,0.9744544266488115,5579298.0,849078.0,6.573566885533512,1.1883493684964272,702.1111111111111,0.10091815168907345,0.974478285391991,17424,15018.35294117647,1559.7150757901454,1.1601804850535815,17.394135,78.51904,Hyderabad,Active,5.848792085711721,0.9673506620749833,1.0483170998117874,3,0,High-Volume Urban Hubs
1881053,533,128808,420.94117647058823,428.0,475,31.916743186931875,125424,0.8937179967528412,0.9743430944843701,2989476.0,0.0,0.0,0.8937179967528412,471.0,0.07582233568723336,0.9737283398546674,8550,7576.941176470588,591.214054994914,1.12842370039128,18.668082,78.092674,Nizamabad,Active,1.4991378223346912,1.4204089116896592,1.131648119903701,0,0,Active Urban Shops
2111035,540,190566,622.7647058823529,626.0,633,8.369942088745228,185526,0.9376638264157381,0.9735726060999355,3834684.0,0.0,0.0,0.9376638264157381,664.1666666666666,0.013439975017348529,0.9735524700103901,11394,11209.764705882353,155.0417401104314,1.0164352507792576,18.011588,79.565705,Hanumakonda,Active,2.642162211490046,0.19973867487582542,0.6266036296784963,0,0,Active Urban Shops
3302116,930,109296,357.1764705882353,360.0,395,28.53657248412562,106380,1.697372771738665,0.9735083137887708,2023398.0,180090.0,10.21348353251027,1.697372771738665,210.44444444444446,0.0798948834371106,0.9733201581027668,7110,6429.176470588235,528.6010115500769,1.1058959156785244,17.483902,78.589482,Medchal,Active,1.083753262327155,0.7827132952733377,3.438968650287687,0,0,Active Urban Shops
1676706,536,137988,450.94117647058823,516.0,786,232.70574496896765,134298,0.5957123877400515,0.9263897324873753,2968794.0,530640.0,5.67011690703782,0.5957123877400515,757.0,0.5160445688067375,0.9732585442212366,14148,8116.941176470588,4310.5559454464255,1.7430211322723714,17.389359,78.510606,Hyderabad,Active,4.7995509024763745,6.881359263943788,1.2208597069326184,4,-1,Volatile Portability Hubs
1890031,533,204714,669.0,677.0,688,15.54390924941652,199098,0.960594861566839,0.9725272329504968,4559886.0,0.0,0.0,0.960594861566839,696.4444444444445,0.02323454297371677,0.9725666051173832,12384,12042.0,287.92967891483516,1.0284005979073243,18.688521,78.110476,Nizamabad,Active,3.1413929779236343,0.17035304239717286,0.5851576425722979,0,0,Active Urban Shops
3722038,934,128880,421.1764705882353,420.0,511,53.98495450960439,125262,1.2840772578218498,0.9713570202724657,2659842.0,0.0,0.0,1.2840772578218498,328.0,0.1281765679697311,0.971927374301676,9198,7581.176470588235,999.997514702794,1.213268156424581,17.507647,78.288815,Sangareddy,Active,1.6387217279277055,1.7119931662010994,2.3873038212841005,0,0,Active Urban Shops
1675611,536,172386,563.3529411764706,569.0,582,13.068530885981003,167526,1.0887350650554657,0.9716845171056276,4010886.0,790146.0,5.101900161672829,1.0887350650554657,517.4444444444445,0.023197768096656263,0.9718074553618044,10476,10140.35294117647,242.07667720591894,1.0331001357418816,17.38057,78.459099,Hyderabad,Active,3.121647962942593,0.3629578705082533,1.085050418432199,0,0,Active Urban Shops
2357019,539,63918,208.88235294117646,201.0,276,33.95656650593145,62082,0.754806488922682,0.9713495351021764,1293156.0,0.0,0.0,0.754806488922682,276.8333333333333,0.1625631176009109,0.9712756969867643,4968,3759.8823529411766,628.9989946686067,1.3213179386088425,16.693602,78.920739,Nalgonda,Active,-0.10416819842019445,2.991884176815032,1.543537403067923,0,0,Active Urban Shops
3803028,935,212868,695.6470588235294,689.0,819,59.98912148247506,206676,1.1082253854555368,0.9709403420802519,4687812.0,124056.0,28.537900560108735,1.1082253854555368,627.7222222222222,0.0862349962119124,0.9709115508202266,14742,12521.64705882353,1111.2165034983318,1.1773211567732116,18.10429,78.842969,Siddipet,Active,3.9551646673068603,1.0189363330007162,1.1645509184274974,0,0,Active Urban Shops
2111045,540,83718,273.5882352941176,268.0,358,21.535035704108825,81270,0.9150108203816644,0.9707820459630788,1682766.0,0.0,0.0,0.9150108203816644,299.0,0.07871331046438401,0.9707589765641798,6444,4924.588235294118,398.90710993029603,1.3085357987529562,18.010913,79.571158,Hanumakonda,Active,0.25197926894176415,2.085266115532265,1.6600941015421753,0,0,Active Urban Shops
1585698,537,349722,1142.8823529411766,1112.0,1469,209.05865334881332,339480,1.4127773999217317,0.969688541335534,7405182.0,621990.0,12.364254557690844,1.4127773999217317,809.7222222222222,0.18292228662977128,0.9707138813114417,26442,20571.882352941175,3872.5258856841892,1.285346646765145,17.343714,78.51429,Ranga Reddy,Active,9.057449514072,1.7207803188069282,1.3735486332054199,3,-1,High-Volume Urban Hubs
3384056,930,60642,198.1764705882353,233.0,328,101.05321549849057,58860,0.41196180596961657,0.9731896589082336,1287810.0,181890.0,180.77180794183812,0.41196180596961657,481.05555555555554,0.5099153052758503,0.9706144256455922,5904,3567.176470588235,1871.8727332304845,1.6550905313149302,17.460342,78.451829,Medchal,Active,1.3586634597444915,6.627088803664347,1.3169508707065358,4,-1,Volatile Portability Hubs
1679991,536,280674,917.2352941176471,939.0,993,79.21812714444754,272412,1.2683646272799705,0.9706331862039922,6154956.0,1019808.0,6.153561236393484,1.2683646272799705,723.1666666666666,0.08636620031139666,0.97056371448727,17874,16510.235294117647,1467.4075579662492,1.0826011671904059,17.41922,78.509952,Hyderabad,Active,6.5512585689334015,0.41187550968792674,0.9854688425915015,3,0,High-Volume Urban Hubs
1585334,537,263376,860.7058823529412,879.0,1068,155.2133120179437,255564,1.4991978438600608,0.9700062017235954,5338206.0,478962.0,11.558243430553896,1.4991978438600608,574.1111111111111,0.18033257957251522,0.9703389830508474,19224,15492.70588235294,2875.114514343427,1.2408419901585566,17.332263,78.574466,Ranga Reddy,Active,6.292038939003928,1.7230649270658207,2.1666551532520204,3,0,High-Volume Urban Hubs
3105017,928,9072,29.647058823529413,21.0,148,31.967497958822946,8802,0.06099521969661949,0.990674607882685,268488.0,0.0,0.0,0.06099521969661949,486.05555555555554,1.0782687803571231,0.9702380952380952,2664,533.6470588235294,592.154217790483,4.992063492063492,17.594431,79.996098,Mahabubabad,Active,-0.027316808047605386,17.17206233453875,3.575701611757533,4,-1,Volatile Portability Hubs
3384130,930,161460,527.6470588235294,520.0,668,50.660615619312054,156600,1.1041212709744652,0.9701163898067069,3437478.0,156438.0,11.92538489503886,1.1041212709744652,477.8888888888889,0.09601231499758138,0.9698996655518395,12024,9497.64705882353,938.4186792935546,1.2659977703455965,17.516102,78.442282,Medchal,Active,2.6438193458949644,1.5677502297450572,1.5875685693104566,0,0,Active Urban Shops
1674467,536,67914,221.94117647058823,219.0,264,18.467600443814092,65862,0.5589677491356951,0.969680013131597,1439010.0,311490.0,4.626929219302672,0.5589677491356951,397.05555555555554,0.08320943746218913,0.9697853167240922,4752,3994.9411764705883,342.0870632215275,1.1895043731778425,17.373774,78.462465,Hyderabad,Active,0.18694352404588158,2.318337714047505,0.6693669184807275,0,0,Active Urban Shops
1676645,536,255870,836.1764705882352,865.0,990,134.7335010196446,248094,1.3534846689258455,0.9696113634678889,5357898.0,844794.0,6.7358669345732265,1.3534846689258455,617.8888888888889,0.16113046200027845,0.9696095673584242,17820,15051.176470588236,2495.754000179458,1.1839606049947238,17.412775,78.510781,Hyderabad,Active,6.311771693714019,1.55343200056855,1.6653580466000173,3,0,High-Volume Urban Hubs
1585311,537,225702,737.5882352941177,734.0,858,43.808903865073006,218772,1.0025463234209318,0.9692545743732135,4804362.0,644346.0,7.520094751187816,1.0025463234209318,735.7222222222222,0.05939479748833568,0.9692957971130074,15444,13276.588235294117,811.5000815483278,1.1632506579472048,17.347575,78.540272,Ranga Reddy,Active,4.645622837859492,0.7620502130691544,0.6114061863850518,0,0,Active Urban Shops
1675560,536,266562,871.1176470588235,868.0,967,60.480907831731805,258282,1.2769878244767092,0.9689688504795513,6824322.0,1154610.0,5.922334796315043,1.2769878244767092,682.1666666666666,0.06942909265577964,0.9689378080896752,17406,15680.117647058823,1120.3261736182537,1.1100682017691945,17.382627,78.447538,Hyderabad,Active,6.361857695312674,0.2643273966802307,0.9974645122409623,3,0,High-Volume Urban Hubs
1672228,536,317898,1038.8823529411766,1129.0,1258,238.10940979268872,308016,0.8604779347731801,0.9708011011422336,8263926.0,1305288.0,6.890892979259418,0.8604779347731801,1207.3333333333333,0.2291976652780538,0.9689145574995753,22644,18699.882352941175,4410.651452483422,1.2109167091331183,17.348186,78.485075,Hyderabad,Active,9.978050275391622,2.6080086307834995,-0.3100411617371227,3,-1,High-Volume Urban Hubs
1585396,537,145854,476.6470588235294,481.0,554,47.14017750903586,141282,1.1348739495798321,0.9685057201164277,3040488.0,322164.0,9.475681315671096,1.1348739495798321,420.0,0.0988995455576465,0.9686535850919412,9972,8579.64705882353,873.2073737933383,1.1622855732444772,17.346289,78.548689,Ranga Reddy,Active,2.3108440240654886,1.4439840549771532,1.7213044685431316,0,0,Active Urban Shops
1676691,536,204696,668.9411764705883,685.0,739,50.338687047770264,198270,0.6342068461229283,0.9686990187729195,4659174.0,816462.0,5.957447563390063,0.6342068461229283,1054.7777777777778,0.0752512908733815,0.9686071051705945,13302,12040.941176470587,932.4553924041239,1.1047309180443194,17.38494,78.531167,Hyderabad,Active,4.737601624461611,1.1909897141543684,-0.49395712711983325,3,0,High-Volume Urban Hubs
3302174,930,170946,558.6470588235294,566.0,601,39.12040607725068,165456,0.9105981936464557,0.9679860268255444,3514554.0,456390.0,8.521079318645912,0.9105981936464557,613.5,0.07002705099644746,0.9678845951353059,10818,10055.64705882353,724.6520666133913,1.0758134147625567,17.475327,78.549716,Medchal,Active,2.9882744608978116,1.0795717643232394,0.7691756912829434,0,0,Active Urban Shops
1676668,536,216900,708.8235294117648,707.0,851,58.82712853020251,209844,0.8826000950623659,0.9680197190389368,4601574.0,767376.0,6.010221813553233,0.8826000950623659,803.1111111111111,0.08299262946169648,0.9674688796680498,15318,12758.823529411764,1089.69217185945,1.2005809128630707,17.391983,78.506328,Hyderabad,Active,4.794808444025948,1.2577206059226258,0.35443322302863667,3,0,High-Volume Urban Hubs
3302171,930,6534,22.6875,22.5,57,14.275765263816712,6318,0.0501751981425654,0.957128616997038,128214.0,0.0,0.0,0.0501751981425654,452.1666666666667,0.629234832564924,0.9669421487603306,1026,408.375,264.92989638770484,2.512396694214876,17.454469,78.538867,Medchal,Active,-1.0480379491723029,9.118825056440055,1.3711137679819672,4,-1,Volatile Portability Hubs
3302019,930,185490,606.1764705882352,582.0,760,59.81305495384972,179334,1.0150631406534074,0.9666603192614047,4039092.0,429120.0,20.35023820323503,1.0150631406534074,597.2222222222222,0.0986726767797618,0.9668122270742358,13680,10911.176470588236,1107.9551116411553,1.2537603105288695,17.393946,78.534396,Medchal,Active,3.6319228420718535,1.562556299061614,1.1113618746838556,0,0,Active Urban Shops
1675501,536,301770,986.1764705882352,982.0,1085,42.08034744715054,291672,1.05368782985565,0.9664138386797403,7124742.0,1269018.0,5.620624508243092,1.05368782985565,935.9444444444445,0.04267020021482608,0.9665374291679093,19530,17751.176470588234,779.4809358873164,1.1002087682672235,17.396789,78.461826,Hyderabad,Active,7.1923338741529115,-0.06694265306945352,-0.0008665991482509851,3,0,High-Volume Urban Hubs
2357011,539,40698,133.0,126.0,174,16.711240940471537,39330,0.9425243343433335,0.9666366581781287,893988.0,0.0,0.0,0.9425243343433335,141.11111111111111,0.12564842812384613,0.9663865546218487,3132,2394.0,309.55290339455706,1.3082706766917294,16.692618,78.923357,Nalgonda,Active,-0.8748453522507406,2.5978478839861747,2.14221725748484,0,0,Active Urban Shops
1676632,536,283068,925.0588235294117,954.0,1040,108.39897375922895,273456,1.6266001988781258,0.9660386858754865,5938650.0,449550.0,13.3046201734779,1.6266001988781258,568.7222222222222,0.11718062787147986,0.9660434948492942,18720,16651.058823529413,2007.9428674201686,1.1242528297087624,17.412694,78.506238,Hyderabad,Active,6.1981305570591,0.4882909727461713,2.1741812696592975,3,0,High-Volume Urban Hubs
1585365,537,379080,1238.8235294117646,1234.0,1495,139.31274488421565,365940,1.206319969693407,0.9651409885277448,7944444.0,508824.0,15.653014078097415,1.206319969693407,1026.9444444444443,0.11245568200530229,0.9653371320037987,26910,22298.823529411766,2580.578235475872,1.2067901234567902,17.319237,78.563415,Ranga Reddy,Active,9.049392867902746,0.5750279527998622,0.32079374687380163,3,0,High-Volume Urban Hubs
1585761,537,170298,556.5294117647059,545.0,945,213.9826884011661,164340,2.111793873206712,0.9717096436158157,3586662.0,258786.0,15.266917504302812,2.111793873206712,327.8333333333333,0.3844948422809242,0.9650142691047457,17010,10017.529411764706,3963.736906595326,1.6980234647500263,17.325207,78.55496,Ranga Reddy,Active,4.917537794979875,4.240444610390173,4.9912357098012,4,-1,Volatile Portability Hubs
3612042,933,17748,58.0,59.0,97,24.125083878219936,17118,0.517602542491923,0.92944384668703,335772.0,0.0,0.0,0.517602542491923,112.05555555555556,0.41594972203827474,0.9645030425963489,1746,1044.0,446.88421319173943,1.6724137931034482,18.687377,79.537096,Peddapalli,Active,-1.2890321369760263,5.668725968835138,1.8984477711924308,4,0,Volatile Portability Hubs
3722032,934,124146,405.70588235294116,407.0,486,46.31267678355727,119736,1.5484957341715313,0.9645841870396819,2679732.0,0.0,0.0,1.5484957341715313,262.0,0.11415332830512885,0.9644773089749167,8748,7302.705882352941,857.8790535898609,1.1979121357111788,17.50799,78.286711,Sangareddy,Active,1.4713614144730427,1.281760045932025,3.0641280755115745,0,0,Active Urban Shops
4317005,940,121086,395.70588235294116,423.0,499,98.2168816148066,116784,0.8508789400357185,0.9648687058947145,2370762.0,0.0,0.0,0.8508789400357185,465.05555555555554,0.248206776787827,0.9644715326297012,8982,7122.705882352941,1819.3335237356112,1.2610376096328229,17.979523,79.6044,Warangal,Active,1.950335589650928,3.283065509736499,1.497672807480405,0,0,Active Urban Shops
1890040,533,188388,615.6470588235294,621.0,629,13.239023582556127,181656,1.093511649775363,0.9643144202582263,4353300.0,0.0,0.0,1.093511649775363,563.0,0.021504242394750066,0.9642652398241927,11322,11081.64705882353,245.23482144071323,1.0216892795719472,18.675112,78.094945,Nizamabad,Active,2.6549433728936487,0.10525832292524022,1.0771843201742215,0,0,Active Urban Shops
1741029,535,128268,419.1764705882353,415.0,557,42.231542503873996,123678,0.931160551539723,0.9640969129622343,2868696.0,0.0,0.0,0.931160551539723,450.1666666666667,0.10074883841788632,0.96421554869492,10026,7545.176470588235,782.2816177130617,1.3287959584619702,17.737182,78.281494,Medak,Active,1.6426785268716613,2.019394020588498,1.3860521762989535,0,0,Active Urban Shops
3201030,929,98442,321.70588235294116,353.0,418,81.53485686083758,94878,0.63816515846567,0.9646988204902831,1910556.0,0.0,0.0,0.63816515846567,504.1111111111111,0.25344534039755695,0.9637959407569939,7524,5790.705882352941,1510.3218102736369,1.2993234594989942,19.077733,79.489688,Manchiryala,Active,1.3336362810936102,3.6232320208712614,1.0608108022401317,0,0,Active Urban Shops
1581381,537,135666,443.3529411764706,405.0,909,169.5706234451693,130752,0.5742913745809204,0.9581454963604067,2962314.0,309420.0,4.013235072869878,0.5742913745809204,772.0,0.3824732119633645,0.9637786917871832,16362,7980.35294117647,3141.0640900253943,2.050285259387024,17.480134,78.321948,Ranga Reddy,Active,4.03372277603317,6.359069399683196,1.1023385111784725,4,-1,Volatile Portability Hubs
1676670,536,162324,530.4705882352941,514.0,638,66.6540920317041,156420,1.119960716790367,0.9634838744937536,3587148.0,433278.0,8.698963730965641,1.119960716790367,473.6666666666667,0.12565087209347633,0.9636282989576402,11484,9548.470588235294,1234.6759755927392,1.2027056997116878,17.395472,78.519448,Hyderabad,Active,3.0399427397794843,1.7188040813975467,1.6133704700550415,0,0,Active Urban Shops
1677796,536,394866,1290.4117647058824,1248.0,1522,103.31651380622694,380484,1.0788895264991194,0.9635036587905884,8345952.0,1065960.0,7.8563069931141225,1.0788895264991194,1196.0555555555557,0.08006476431170433,0.9635775174362948,27396,23227.41176470588,1913.7972417037658,1.1794684779140265,17.409253,78.431794,Hyderabad,Active,9.724015804445962,0.1160203015980211,-0.3852065256174442,3,0,High-Volume Urban Hubs
1675616,536,274752,897.8823529411765,863.0,1186,157.65423636850775,264654,0.7479942167422065,0.9639848419158545,6656688.0,1223352.0,5.451400302290103,0.7479942167422065,1200.388888888889,0.17558451377519863,0.9632468553459119,21348,16161.882352941177,2920.329302543485,1.3208857442348008,17.403321,78.438979,Hyderabad,Active,8.058330866407562,2.407611245036971,-0.4071737786531272,3,0,High-Volume Urban Hubs
1585384,537,138024,451.05882352941177,482.0,539,69.5004408802261,132840,0.8382264700405339,0.9621183590921457,2882700.0,350388.0,8.240888113337178,0.8382264700405339,538.1111111111111,0.15408287623419975,0.9624413145539906,9702,8119.058823529412,1287.400698626317,1.1949660928534167,17.347725,78.513691,Ranga Reddy,Active,2.474989634016185,2.3001197588649442,1.0356465776483872,0,0,Active Urban Shops
1679923,536,207450,677.9411764705883,673.0,967,91.33079744113883,199584,0.7087365887222878,0.9626631984703022,4380228.0,720918.0,6.417243103819151,0.7087365887222878,956.5555555555555,0.13471787908888155,0.9620824295010846,17406,12202.941176470587,1691.7782238885598,1.4263774403470717,17.426011,78.518318,Hyderabad,Active,5.162588111031491,2.4331021630129364,0.05551546366517541,3,0,High-Volume Urban Hubs
3723037,934,208008,679.7647058823529,679.0,778,59.13360972764476,200088,1.2409509443461764,0.9619378489082969,4639986.0,0.0,0.0,1.2409509443461764,547.7777777777778,0.08699129156887858,0.9619245413637937,14004,12235.764705882353,1095.369317251707,1.1445136725510556,17.619756,77.95156,Sangareddy,Active,3.579738306539584,0.8045934089425978,1.5712906450708322,0,0,Active Urban Shops
1673381,536,93204,304.5882352941176,283.0,457,62.08925668393949,89640,0.3433368088851025,0.9614230723676647,2260224.0,443358.0,5.152521120386364,0.3433368088851025,887.5,0.2038465360422888,0.9617612977983777,8226,5482.588235294118,1150.1186383816853,1.500386249517188,17.350065,78.471199,Hyderabad,Active,1.9984346209312145,3.879778619191975,-0.03187179999606588,0,0,Active Urban Shops
2706025,924,134712,440.2352941176471,432.0,565,59.972973662419136,129528,0.8454386601830898,0.960891359578755,2819664.0,0.0,0.0,0.8454386601830898,523.0,0.1362293629424272,0.9615179048637092,10170,7924.235294117647,1110.9173871969374,1.2834045964724747,18.798354,78.915259,Jagityal,Active,1.9327250840732157,2.3018240294067374,1.1484162359077155,0,0,Active Urban Shops
1599021,537,204768,669.1764705882352,616.0,1251,212.35093495367317,196866,0.6181122799217391,0.9614766116654656,4492476.0,0.0,0.0,0.6181122799217391,1083.2222222222222,0.3173317417556649,0.9614099859353024,22518,12045.176470588236,3933.510903685379,1.8694620253164556,0.0,0.0,Ranga Reddy,Active,5.944475488511661,5.277495870533231,0.4625513550249049,3,-1,High-Volume Urban Hubs
1585181,537,278730,910.8823529411765,920.0,1298,183.7202057005223,267912,1.085031699994998,0.9557480799844493,5950386.0,615492.0,10.099792507963652,1.085031699994998,839.5,0.2016947689317972,0.9611882466903455,23364,16395.882352941175,3403.165766649359,1.4249919276719407,17.343677,78.514233,Ranga Reddy,Active,7.431629562850728,2.6500656895709063,0.9149245758609771,3,-1,High-Volume Urban Hubs
3302180,930,257310,840.8823529411765,844.0,898,28.502732955296235,247320,0.9966052126857368,0.9613071421155033,5308848.0,672012.0,11.768232010933962,0.9966052126857368,843.7777777777778,0.03389621967401441,0.9611752360965372,16164,15135.882352941177,527.9741805184395,1.0679258481986709,17.468838,78.54275,Medchal,Active,5.190817301935708,0.08461082318548178,0.24891188714233684,3,0,High-Volume Urban Hubs
2111041,540,60228,196.8235294117647,224.0,265,53.22530122463591,57888,0.647327888590006,0.9616741349294509,1202652.0,0.0,0.0,0.647327888590006,304.05555555555554,0.2704214347934282,0.9611476389719068,4770,3542.823529411765,985.9259756248258,1.3463837417812312,18.014019,79.570602,Hanumakonda,Active,0.060698648672193684,3.89543187254182,1.458066343259446,0,0,Active Urban Shops
1671109,536,324468,1060.3529411764705,1068.0,1131,64.39595451994042,311832,1.7224679802395342,0.9610755177272856,7674696.0,1261530.0,6.113749545896894,1.7224679802395342,615.6111111111111,0.06073067939859021,0.9610562520803284,20358,19086.352941176472,1192.8470638129006,1.066625984688783,17.363174,78.513396,Hyderabad,Active,7.640802073822841,-0.6415527478265848,1.834172050691317,3,-1,High-Volume Urban Hubs
1673431,536,382212,1249.0588235294117,1247.0,1519,148.45067559908392,367236,1.0103842862962076,0.9605666302551319,9615420.0,1707606.0,5.65640243358307,1.0103842862962076,1236.2222222222222,0.11885002755884086,0.9608175567486107,27342,22483.058823529413,2749.8459154693614,1.216115663558444,17.337961,78.464232,Hyderabad,Active,10.922875278196702,0.8024452630989146,-0.6119638810647643,3,0,High-Volume Urban Hubs
1676636,536,102762,335.8235294117647,328.0,450,72.97635976051329,98730,0.5156113934469538,0.9613021873580829,2092374.0,346320.0,6.3453530098101405,0.5156113934469538,651.3333333333334,0.2173056780397138,0.9607637064284463,8100,6044.823529411765,1351.787346224163,1.3399894902785077,17.41296,78.504781,Hyderabad,Active,1.831827808499262,3.5460738485972607,0.5222737335631511,0,0,Active Urban Shops
3302130,930,384228,1255.6470588235295,1239.0,1527,90.206936637659,369126,1.4320411765545003,0.9605821637534813,7905996.0,883080.0,8.308074407423197,1.4320411765545003,876.8333333333334,0.07184099704114133,0.9606952122177457,27486,22601.647058823528,1670.9602382004962,1.2161060620256723,17.50128,78.51247,Medchal,Active,8.957075300466792,-0.19643674391636465,0.8058351267638686,3,0,High-Volume Urban Hubs
1677731,536,181170,592.0588235294117,578.0,708,52.667124818468764,173988,1.012355196732715,0.9601764923753248,3820968.0,630234.0,6.060410346368288,1.012355196732715,584.8333333333334,0.0889558988488792,0.9603576751117735,12744,10657.058823529413,975.5865204191418,1.195827123695976,17.450036,78.444817,Hyderabad,Active,3.5687197325637823,1.3747108649109443,1.05544735437426,0,0,Active Urban Shops
1583003,537,82530,269.70588235294116,293.0,317,51.475142159749694,79254,1.223259113093431,0.9590706591647468,1813392.0,146646.0,13.63186323803872,1.223259113093431,220.5,0.19085657943636747,0.9603053435114504,5706,4854.705882352941,953.5066704476876,1.1753544165757905,17.33355,78.406718,Ranga Reddy,Active,0.6884980947938573,2.3431368922624904,2.58749341868452,0,0,Active Urban Shops
3302183,930,200754,656.0588235294117,655.0,719,36.13657795298779,192780,1.380374500367096,0.960115321186189,4251528.0,490392.0,8.039294701463154,1.380374500367096,475.27777777777777,0.055081307737899446,0.9602797453599928,12942,11809.058823529413,669.3807278548803,1.0959383125616424,17.468478,78.542409,Medchal,Active,3.6041999619636518,0.3461543876989692,1.857013258901697,0,0,Active Urban Shops
1583058,537,58392,190.8235294117647,193.0,264,36.556736527419936,56034,1.0842245989304813,0.958700672703172,1314774.0,188568.0,7.739773458842996,1.0842245989304813,176.0,0.19157352680830425,0.9596177558569667,4752,3434.823529411765,677.163591321746,1.3834771886559802,17.333014,78.427502,Ranga Reddy,Active,0.04065425838854381,3.005504031373866,2.498307601556243,0,0,Active Urban Shops
1672227,536,187794,613.7058823529412,606.0,751,54.68933211561181,180036,0.8229221386467478,0.9589870614473303,4156902.0,778428.0,5.339106159620489,0.8229221386467478,745.7777777777778,0.08911326042033937,0.9586887759992332,13518,11046.70588235294,1013.0451473593046,1.223713217674686,17.370972,78.488027,Hyderabad,Active,4.081775323039395,1.5491409174655262,0.39543183085640343,0,0,Active Urban Shops
1674474,536,50742,165.8235294117647,171.0,183,13.182262124367197,48636,0.4285462423266647,0.9589375319451946,1132974.0,236358.0,4.797027281368452,0.4285462423266647,386.94444444444446,0.07949572760349144,0.9584959205391983,3294,2984.823529411765,244.1833929892955,1.1035828307910607,17.375067,78.462274,Hyderabad,Active,-0.3910729714749953,2.288951900981932,0.3730478919659907,0,0,Active Urban Shops
3384078,930,111420,364.11764705882354,360.0,499,66.51650269055962,106776,0.7473364489902542,0.9583083976229895,2228940.0,257418.0,8.190579346170292,0.7473364489902542,487.22222222222223,0.18267860189652885,0.9583198707592891,8982,6554.117647058823,1232.1273210566014,1.3704361873990307,17.46362,78.45588,Medchal,Active,1.7396251839415662,3.099043303243351,1.144351593489868,0,0,Active Urban Shops
2059017,534,16794,54.88235294117647,56.0,62,4.261826248230454,16092,0.9949258730605479,0.9572629872541331,332388.0,0.0,0.0,0.9949258730605479,55.166666666666664,0.07765385446936518,0.9581993569131833,1116,987.8823529411765,78.94450768810738,1.129689174705252,18.381184,79.046533,Karimnagar,Active,-1.6703955400315,1.954216236197882,2.2613664563904643,1,0,Stable Rural Shops
3384048,930,52416,171.2941176470588,156.0,309,64.93607271043552,50220,0.26672148433331133,0.9577050531104478,223974.0,235278.0,0.7172712457205475,0.26672148433331133,642.2222222222222,0.37909108381778983,0.9581043956043956,5562,3083.294117647059,1202.8520152488566,1.803914835164835,17.45756,78.44724,Medchal,Active,0.5359744570175236,6.0373934337847945,0.749731214172551,4,0,Volatile Portability Hubs
3213032,929,42102,137.58823529411765,157.0,171,38.23096837781003,40338,0.7559793148028442,0.9580181516975806,799866.0,0.0,0.0,0.7559793148028442,182.0,0.27786509723076974,0.9581017528858486,3078,2476.5882352941176,708.1764486008703,1.2428388200085507,18.986699,79.478838,Manchiryala,Active,-0.6238169226752914,3.6418642703208413,1.8613754137368348,0,0,Active Urban Shops
1481001,538,13464,49.86666666666667,50.0,76,15.250473817978982,12888,0.0965936146222394,0.9557267082121794,331452.0,936.0,15.034074074074073,0.0965936146222394,516.2777777777778,0.30582500971882987,0.9572192513368984,1368,897.6,283.6166426710534,1.5240641711229945,16.744006,77.986079,Mahbubnagar,Active,-1.1082701034046065,5.0187860793256736,0.27456615115549693,4,-1,Volatile Portability Hubs
3302163,930,190350,622.0588235294117,622.0,786,61.56273466098829,182142,1.1686040630526582,0.956710965047692,4009590.0,508320.0,7.260849173537544,1.1686040630526582,532.6666666666666,0.09896609827298355,0.9568794326241135,14148,11197.058823529413,1140.365537371035,1.26354609929078,17.44382,78.53311,Medchal,Active,3.7716077728580593,1.3968816933035908,1.4976125645617637,0,0,Active Urban Shops
3611015,933,66888,218.58823529411765,216.0,264,24.059088303390823,63972,1.629912890160671,0.9562967855970217,1242090.0,0.0,0.0,1.629912890160671,134.11111111111111,0.11006579686696555,0.9564047362755651,4752,3934.5882352941176,445.6617353474956,1.2077502691065662,18.642445,79.552448,Peddapalli,Active,-0.1284074328813624,1.4333721173716623,3.6438444789146307,0,0,Active Urban Shops
1881017,533,272412,890.2352941176471,882.0,1011,49.48147720416857,260532,1.062686183746652,0.9563497239629988,5962986.0,0.0,0.0,1.062686183746652,837.7222222222222,0.05558247075927485,0.9563895863618342,18198,16024.235294117647,916.5767513833582,1.1356548169684155,18.66791,78.093661,Nizamabad,Active,5.102236335786329,0.22049432241388808,0.4963523741452972,0,0,Active Urban Shops
3302210,930,107010,349.70588235294116,340.0,476,52.05884216203513,102294,0.9106924019607843,0.9563027704323367,2167578.0,303084.0,9.899440697455807,0.9106924019607843,384.0,0.14886464537503738,0.9559293523969723,8568,6294.705882352941,964.3189153948164,1.361143818334735,17.443695,78.537493,Medchal,Active,1.4701009110909478,2.666423252959946,1.5710092413842798,0,0,Active Urban Shops
1581155,537,265032,866.1176470588235,848.0,1061,114.00097446672793,253350,0.9341554415539232,0.9561796419430424,5751792.0,870768.0,6.677215778506094,0.9341554415539232,927.1666666666666,0.131622966988208,0.9559223037218147,19098,15590.117647058823,2111.7122756886456,1.2250067916327085,17.4937,78.320576,Ranga Reddy,Active,6.577879939726465,1.5862350741543294,0.2518517076259773,3,0,High-Volume Urban Hubs
1673365,536,269244,879.8823529411765,905.0,1096,142.19312386485333,257256,0.7059139271613785,0.9545043698841051,6575832.0,1281114.0,5.14773687791078,0.7059139271613785,1246.4444444444443,0.16160470020741455,0.9554753309265944,19728,15837.882352941177,2633.933320206516,1.2456210723358738,17.357364,78.464744,Hyderabad,Active,7.8751520008555005,2.080401619064195,-0.633054755979529,3,0,High-Volume Urban Hubs
3384150,930,47718,155.94117647058823,157.0,311,67.93132842000414,45576,0.26979442295949524,0.9624688084867012,965340.0,18000.0,23.189878159408558,0.26979442295949524,578.0,0.43562149496041885,0.955111278762731,5598,2806.9411764705883,1258.3350344099656,1.9943417578272349,17.496108,78.433847,Medchal,Active,0.4537675625173256,6.752252143766598,1.0070616222397406,4,0,Volatile Portability Hubs
1676624,536,189324,618.7058823529412,601.0,691,39.98702779044703,180810,1.112448586852921,0.955006471658208,3777552.0,620514.0,6.109780303346896,1.112448586852921,556.1666666666666,0.06463010766662859,0.9550294732838943,12438,11136.70588235294,740.7050496575778,1.1168473093744058,17.413029,78.493104,Hyderabad,Active,3.484495097332188,0.8391995657704118,1.2089258313892197,0,0,Active Urban Shops
1674494,536,71532,233.76470588235293,226.0,372,41.326491278459876,68310,0.2737291637966662,0.9526200739263556,1495854.0,311598.0,4.803025498493037,0.2737291637966662,854.0,0.17678670149316003,0.9549572219426271,6696,4207.764705882353,765.5167804669409,1.591343734272773,17.382657,78.477558,Hyderabad,Active,1.1068279229598443,3.977750249500398,-0.05822054863165562,0,0,Active Urban Shops
1581070,537,187704,613.4117647058823,608.0,888,104.57749683724718,179118,0.9128151260504201,0.9540198156000471,4114062.0,150210.0,32.39972627303344,0.9128151260504201,672.0,0.1704849871723439,0.9542577675489068,15984,11041.411764705883,1937.155229286735,1.4476409666283083,17.466043,78.342841,Ranga Reddy,Active,4.035526356804362,2.711586393197435,1.043543285003996,0,-1,Active Urban Shops
1585392,537,176886,578.0588235294117,595.0,775,88.78622218429449,168714,1.4107065504766059,0.9540876565263673,3657528.0,464274.0,8.436913826660989,1.4107065504766059,409.8888888888889,0.15359374958105285,0.9538007530273735,13950,10405.058823529413,1644.643444283146,1.3406940063091481,17.351336,78.532971,Ranga Reddy,Active,3.6824988778550907,1.9209779196011434,2.420056085515535,0,0,Active Urban Shops
1672245,536,296568,969.1764705882352,949.0,1146,59.72122314330076,282834,0.786527547515249,0.953749632955522,7020954.0,999252.0,7.517064071027485,0.786527547515249,1232.2222222222222,0.06162058712285221,0.9536902160718621,20628,17445.176470588234,1106.2540528340517,1.1824471959213403,17.338943,78.492487,Hyderabad,Active,7.2856709845605625,0.5089680699410513,-0.7754397926055677,3,0,High-Volume Urban Hubs
1671147,536,140958,460.6470588235294,489.0,564,69.24136644655917,134406,0.8514736297607218,0.9534403072713716,3159378.0,329400.0,11.055441434587813,0.8514736297607218,541.0,0.15031327156065713,0.9535180692121057,10152,8291.64705882353,1282.6016987541607,1.224364704380028,17.356005,78.518796,Hyderabad,Active,2.558950030252464,2.2691368977493296,1.0357547244293857,0,0,Active Urban Shops
3031025,927,10818,40.06666666666667,42.0,117,32.245618704725715,10314,0.13003995407221214,0.976615887142203,219600.0,0.0,0.0,0.13003995407221214,308.1111111111111,0.8047991357252674,0.9534109816971714,2106,721.2,599.6793428872753,2.920133111480865,17.55365,80.612459,Bhadrdri Kothagudem,Active,-0.7343266208271552,11.061199148570719,2.197897141835012,4,-1,Volatile Portability Hubs
1585703,537,491490,1606.1764705882354,1541.0,1921,147.34565662590435,468486,1.387094641922381,0.9529171670199886,10397844.0,1204254.0,9.68068218054636,1.387094641922381,1157.9444444444443,0.0917369039604605,0.9531953854605384,34578,28911.176470588234,2729.376948941235,1.1960080571323934,17.33112,78.538265,Ranga Reddy,Active,12.309860714876093,-0.3797787402309361,-0.04318081680225957,3,1,High-Volume Urban Hubs
3723048,934,188352,615.5294117647059,610.0,674,45.632754819753536,179460,1.0541895933165908,0.952956317708021,4172112.0,0.0,0.0,1.0541895933165908,583.8888888888889,0.07413578286848338,0.9527905198776758,12132,11079.529411764706,845.284428287829,1.094992354740061,17.617987,77.951214,Sangareddy,Active,2.9457032819377336,0.8332642151073913,1.115960657249862,0,0,Active Urban Shops
3302126,930,109332,357.29411764705884,353.0,417,34.666728482006064,104166,1.3381802159065872,0.9526800611767987,2228688.0,311328.0,8.36294024279908,1.3381802159065872,267.0,0.09702574649227907,0.9527494237734606,7506,6431.294117647059,642.1537748765753,1.1671056964109319,17.485727,78.502104,Medchal,Active,1.2434904862819298,1.3852663272250523,2.5083016099234468,0,0,Active Urban Shops
2035246,534,27954,91.3529411764706,91.0,96,2.4760375225189746,26622,0.88692175899486,0.9523605457828774,525726.0,0.0,0.0,0.88692175899486,103.0,0.027104081057838098,0.9523502897617514,1728,1644.3529411764705,45.86521173022999,1.0508692852543464,18.356247,79.218242,Karimnagar,Active,-1.4958675821917995,1.5098383264255852,1.7648348698103922,1,0,Stable Rural Shops
3302044,930,7524,418.0,418.0,418,0.0,7164,0.5288061732255682,0.9521531100478469,167094.0,26244.0,6.366941015089163,0.5288061732255682,790.5,0.0,0.9521531100478469,7524,7524.0,0.0,1.0,17.38675,78.53015,Medchal,Active,0.2753347471667832,0.9241826136467571,-0.1493203400221038,0,-1,Active Urban Shops
1585710,537,317718,1038.2941176470588,1020.0,1232,96.15710385105298,302508,1.338295627196672,0.9519106356156825,6503022.0,473148.0,13.771664383499312,1.338295627196672,775.8333333333334,0.09261066032904089,0.9521273582233302,22176,18689.29411764706,1781.1789552395444,1.1865616678941702,17.318549,78.562011,Ranga Reddy,Active,6.948732889478365,0.41391866575653136,1.0826717478621906,3,0,High-Volume Urban Hubs
1672302,536,365868,1195.6470588235295,1191.0,1318,49.1996895349707,348264,1.0076555100119176,0.9519584698120647,8570052.0,1185660.0,7.229485679324746,1.0076555100119176,1186.611111111111,0.04114900728596388,0.9518842861359834,23724,21521.647058823528,911.3570198594285,1.1023319885860474,17.337889,78.490675,Hyderabad,Active,8.775529517875768,-0.4997366082949142,-0.6520334893973176,3,0,High-Volume Urban Hubs
3384031,930,342450,1119.1176470588234,1109.0,1360,111.43863656895294,325962,1.3074040346329567,0.9517959043667006,7460280.0,740790.0,9.31782063956614,1.3074040346329567,856.0,0.09957723109972143,0.9518528252299606,24480,20144.117647058825,2064.248467431699,1.2152431011826543,17.457787,78.422936,Medchal,Active,8.09648966239867,0.4581603110817355,0.7784119775085228,3,0,High-Volume Urban Hubs
1585767,537,333180,1088.8235294117646,1151.0,1267,128.45534365453267,317106,1.7869158850289348,0.951489232771699,6889770.0,731664.0,8.561502810399299,1.7869158850289348,609.3333333333334,0.11797627456115913,0.9517558076715289,22806,19598.823529411766,2379.459713761039,1.1636412749864937,17.319724,78.568379,Ranga Reddy,Active,7.8368372621352265,0.2038303556826046,2.247300784956328,3,0,High-Volume Urban Hubs
3722037,934,141192,461.4117647058824,473.0,494,24.34924293750633,134370,0.9477823392055295,0.9515003350514608,2995506.0,0.0,0.0,0.9477823392055295,486.8333333333333,0.05277117923732886,0.9516828148903621,8892,8305.411764705883,451.0364534635102,1.0706272310045895,17.510611,78.283964,Sangareddy,Active,1.5854619419943807,0.9457837369240819,1.1010198504338022,0,0,Active Urban Shops
2706004,924,54306,177.47058823529412,156.0,365,71.83761824007622,51660,0.453680807920221,0.9449820034035579,1103580.0,0.0,0.0,0.453680807920221,391.22222222222223,0.4047860490822989,0.951276102088167,6570,3194.470588235294,1330.6937155881824,2.0566788200198873,18.799697,78.909199,Jagityal,Active,0.3773704654224199,6.531566612434749,1.5606978817565536,4,0,Volatile Portability Hubs
1585317,537,269640,881.1764705882352,916.0,1092,95.39269090102492,256500,1.3387230671335801,0.9520536940408271,5740686.0,631044.0,9.760436263044097,1.3387230671335801,658.2222222222222,0.10825605776484805,0.9512683578104139,19656,15861.176470588236,1767.0192498701779,1.2392523364485981,17.358329,78.547202,Ranga Reddy,Active,6.116106016703867,0.9042097330210436,1.4047544859999346,3,0,High-Volume Urban Hubs
2281105,541,70686,231.0,237.0,294,41.625969195628436,67212,1.4683287093118673,0.9505135048122103,1328256.0,0.0,0.0,1.4683287093118673,157.33333333333334,0.18019900084687634,0.9508530685001273,5292,4158.0,771.0641996617403,1.2727272727272727,17.255346,80.143831,Khammam,Active,0.13718541879724766,2.2292645665359627,3.3610016799728517,0,0,Active Urban Shops
3722029,934,46476,151.88235294117646,136.0,238,38.062061689026876,44190,1.1334503950834065,0.949999708398017,995724.0,0.0,0.0,1.1334503950834065,134.0,0.25060226518724127,0.9508133230054222,4284,2733.8823529411766,705.0476829932268,1.5670023237800155,17.494651,78.304534,Sangareddy,Active,-0.41190471582274446,3.7546715728359743,2.944163988258579,0,0,Active Urban Shops
3302239,930,180648,590.3529411764706,582.0,688,56.014807244740055,171702,1.1556937274560817,0.9500283117214261,3768156.0,397980.0,8.463627314963974,1.1556937274560817,510.8333333333333,0.09488359138706466,0.9504782781984854,12384,10626.35294117647,1037.5977629346833,1.1654045436428857,17.377296,78.565927,Medchal,Active,3.253027332692679,1.2015349526933037,1.4952010659324468,0,0,Active Urban Shops
3002026,927,22104,72.23529411764706,73.0,77,2.9857908437115177,21006,0.7851662404092071,0.9501428230816696,436572.0,0.0,0.0,0.7851662404092071,92.0,0.041334238064410264,0.9503257328990228,1386,1300.235294117647,55.3076954543451,1.0659609120521172,17.250136,81.134306,Bhadrdri Kothagudem,Active,-1.6454761386097045,1.7701156952688426,1.5774081895820917,1,0,Stable Rural Shops
1581123,537,188010,614.4117647058823,601.0,824,98.9140066603155,178650,0.8567212602379134,0.9498194550530528,4079790.0,614412.0,6.668537517934157,0.8567212602379134,717.1666666666666,0.16098976670419948,0.9502154140737195,14832,11059.411764705883,1832.2468126191243,1.3411201531833412,17.491201,78.325831,Ranga Reddy,Active,4.350407447759989,2.4775651865637407,0.7358578757615631,0,0,Active Urban Shops
1585408,537,370998,1212.4117647058824,1237.0,1344,143.49791930458235,352512,1.6165490196078431,0.950075375880151,7700688.0,702324.0,11.079772129228209,1.6165490196078431,750.0,0.1183574124582941,0.950172238125273,24192,21823.41176470588,2658.102872793478,1.1085342778128184,17.327442,78.60378,Ranga Reddy,Active,8.714967224133291,0.13563316553266008,1.5420942189581104,3,0,High-Volume Urban Hubs
1672215,536,514440,1681.1764705882354,1781.0,1944,214.23768377544997,488628,1.1951973005657173,0.9499889811057451,13738338.0,2210994.0,6.232852754085645,1.1951973005657173,1406.611111111111,0.12743319188882607,0.9498250524842548,34992,30261.176470588234,3968.4603474662267,1.156333100069979,17.354162,78.490702,Hyderabad,Active,15.297421027988282,0.013933310160348718,-1.109396955280395,3,-1,High-Volume Urban Hubs
1539010,537,139644,456.3529411764706,430.0,575,48.46245402719008,132624,0.8191543869733875,0.9507311169755621,3290616.0,0.0,0.0,0.8191543869733875,557.2222222222222,0.1061951171000556,0.9497293116782676,10350,8214.35294117647,897.7007394711552,1.259989688063934,17.079174,78.20278,Ranga Reddy,Active,1.9646222485682958,1.939686791704853,0.9260661445723997,0,0,Active Urban Shops
3302047,930,261108,853.2941176470588,856.0,963,54.60509582332624,247716,1.271954174960828,0.9485894025999159,5517486.0,506484.0,9.757493055269453,1.271954174960828,671.0,0.06399328753595382,0.9487108782572728,17334,15359.29411764706,1011.4847851491564,1.1285674893147664,17.417736,78.564713,Medchal,Active,5.25573781219374,0.252527167564732,1.1496195822224382,3,0,High-Volume Urban Hubs
3384174,930,160218,523.5882352941177,478.0,801,106.24423020240593,151938,0.7324216093663742,0.9487767127618658,3635892.0,529470.0,7.238011794188367,0.7324216093663742,714.8888888888889,0.2029156177329402,0.9483204134366925,14418,9424.588235294117,1968.029187373231,1.5298281092012134,17.515977,78.439322,Medchal,Active,3.8219345645796583,3.4662317131784146,0.7493068006771038,0,0,Active Urban Shops
2084165,534,215586,704.5294117647059,707.0,786,65.32602311518964,204444,1.7396633127571965,0.9485449806691517,4693860.0,0.0,0.0,1.7396633127571965,405.0,0.09272291834000367,0.9483176087501044,14148,12681.529411764706,1210.0753136503047,1.115638306754613,18.44009,79.141834,Karimnagar,Active,3.6993603821794356,0.2656412126114124,2.8783948220171784,0,0,Active Urban Shops
1599018,537,418482,1367.5882352941176,1465.0,1793,325.91475360166845,396360,1.0840553520478158,0.9463407098185806,10523484.0,0.0,0.0,1.0840553520478158,1262.9444444444443,0.2383135107414669,0.9471375112908083,32274,24616.58823529412,6037.125465182328,1.311067142672803,0.0,0.0,Ranga Reddy,Active,11.755855814560709,2.3957002551861786,-0.04697571571420042,3,-1,High-Volume Urban Hubs
1881006,533,142344,465.1764705882353,474.0,487,35.704087592054435,134730,0.8980240744946628,0.9464277183271058,3158028.0,0.0,0.0,0.8980240744946628,518.0,0.07675385547103254,0.9465098634294385,8766,8373.176470588236,661.3694348938155,1.046914516944866,18.668576,78.099194,Nizamabad,Active,1.730630803553251,1.1366435821137866,0.9741668560590976,0,0,Active Urban Shops
1677803,536,290394,949.0,1038.0,1143,169.87559575403085,274842,0.7779397547334179,0.9465937535945687,6218334.0,530820.0,16.44405706447919,0.7779397547334179,1219.888888888889,0.1790048427334361,0.9464451744870762,20574,17082.0,3146.7132853185085,1.2044257112750263,17.413417,78.441154,Hyderabad,Active,7.643849920598459,2.043637733332556,-0.37472351799560727,3,-1,High-Volume Urban Hubs
2111054,540,166878,545.3529411764706,562.0,575,54.840390833134634,157824,0.9767556827912189,0.944223551024036,3313710.0,0.0,0.0,0.9767556827912189,558.3333333333334,0.10055944818933112,0.9457447955991802,10350,9816.35294117647,1015.84330368766,1.054363067630245,18.00241,79.575425,Hanumakonda,Active,2.428660843225,1.203537052229719,1.0957619037302024,0,0,Active Urban Shops
1672238,536,146412,478.47058823529414,495.0,583,82.28013395460208,138420,1.3959006448583333,0.9454022230204501,3122874.0,433800.0,7.261809428814092,1.3959006448583333,342.77777777777777,0.17196487303027236,0.9454143103024343,10494,8612.470588235294,1524.1270500538603,1.2184656995328251,17.34913,78.473565,Hyderabad,Active,2.7633290473554974,1.9327547697830838,2.555841523628701,0,0,Active Urban Shops
3719037,934,13806,127.83333333333333,5.5,437,178.94778124138602,13050,0.3988671904282622,0.5469960785464217,297396.0,0.0,0.0,0.3988671904282622,320.6666666666667,1.399852265252042,0.9452411994784876,7866,2301.0,3512.120897691308,3.4185136897001303,17.534485,78.265286,Sangareddy,Active,1.0362240743566133,15.798223394421019,3.8710209416526866,4,-1,Volatile Portability Hubs
3384197,930,167508,547.4117647058823,501.0,921,147.72959477577035,158292,0.7134482363988147,0.9417626972191964,3482838.0,529866.0,6.820577223619114,0.7134482363988147,767.2777777777778,0.26986923610445906,0.9449817322157748,16578,9853.411764705883,2736.4888785363155,1.682462927143778,17.538413,78.440904,Medchal,Active,4.470889964815703,4.441818825681198,0.8531749075741631,0,0,Active Urban Shops
3307008,930,174438,570.0588235294117,565.0,714,76.02322641585891,164826,1.200423445651149,0.943111151408117,3662136.0,0.0,0.0,1.200423445651149,474.94444444444446,0.13336031875653717,0.9448973274171912,12852,10261.058823529413,1408.2263876321629,1.2525023217418223,17.523537,78.390046,Medchal,Active,2.914881920982913,1.6845187731072322,1.834919608837594,0,0,Active Urban Shops
3031007,927,23148,75.6470588235294,78.0,85,9.38325721225219,21870,0.9102189611965741,0.9448758987207784,441810.0,0.0,0.0,0.9102189611965741,83.11111111111111,0.12403994759586877,0.9447900466562986,1530,1361.6470588235295,173.81201813182776,1.1236391912908241,17.55453,80.615214,Bhadrdri Kothagudem,Active,-1.4924984789681834,2.2620146443882976,2.0580834997829585,1,0,Stable Rural Shops
3410009,931,154620,505.29411764705884,524.0,602,57.73914004514901,145980,1.0866540164452878,0.943936370291012,3310956.0,0.0,0.0,1.0866540164452878,465.0,0.11426837960041131,0.9441210710128056,10836,9095.29411764706,1069.5386718526058,1.1913853317811407,16.490016,78.31136,Nagarkarnool,Active,2.2759751238996286,1.5463379235581334,1.570952298762959,0,0,Active Urban Shops
3003017,927,148824,486.3529411764706,488.0,625,53.58082243027559,140490,1.2985275549613784,0.9437661795174422,3115314.0,0.0,0.0,1.2985275549613784,374.55555555555554,0.1101685995784573,0.9440009675858733,11250,8754.35294117647,992.51152015836,1.2850749879051766,17.670769,80.899827,Bhadrdri Kothagudem,Active,2.1067626360929315,1.5355454957900303,2.2407747113862873,0,0,Active Urban Shops
1585379,537,463284,1514.0,1494.0,1980,357.4068903167671,437274,1.6877518589683342,0.9467249563610325,9646506.0,676368.0,14.279153242731386,1.6877518589683342,922.2222222222222,0.23606795925810245,0.9438573315719947,35640,27252.0,6620.474265488841,1.3077939233817701,17.325305,78.554965,Ranga Reddy,Active,12.976565219850439,2.0919962921903785,1.5897619956452844,3,-1,High-Volume Urban Hubs
3302043,930,139392,455.52941176470586,441.0,556,40.196575797975065,131562,0.7511505586929886,0.943627889226939,2946204.0,436482.0,8.358814674549,0.7511505586929886,606.4444444444445,0.08824144996972832,0.9438274793388429,10008,8199.529411764706,744.5866401607558,1.2205578512396693,17.40839,78.56008,Medchal,Active,2.294227568263129,1.8155271911623998,0.606183002771616,0,0,Active Urban Shops
1599017,537,134568,439.7647058823529,404.0,955,201.95002675815147,126990,0.3487577157186263,0.9466830059829653,3363174.0,0.0,0.0,0.3487577157186263,1262.2777777777778,0.45922290728846643,0.9436864633493847,17190,7915.764705882353,3740.8482916547778,2.1716158373461742,0.0,0.0,Ranga Reddy,Active,4.645292916673507,7.2722173302110855,0.36594346240238623,4,-1,Volatile Portability Hubs
3723035,934,336582,1099.9411764705883,1126.0,1192,76.41888319502783,317610,1.3888146167557933,0.9435183511795562,7320366.0,0.0,0.0,1.3888146167557933,792.0,0.06947542725896963,0.9436333493769721,21456,19798.941176470587,1415.5553888221857,1.0836943152040217,17.620014,77.955492,Sangareddy,Active,6.6591677378303755,-0.38191401579811823,1.0227618071445892,3,0,High-Volume Urban Hubs
1679920,536,219924,718.7058823529412,723.0,812,51.44073557755451,207432,0.7275579396487111,0.9431767407823735,4683744.0,747000.0,6.310942718569894,0.7275579396487111,987.8333333333334,0.07157411236032302,0.9431985595023735,14616,12936.70588235294,952.8693355272985,1.1298084792928467,17.42408,78.51204,Hyderabad,Active,4.821198186690294,1.0270169423759938,-0.2833793477301538,3,0,High-Volume Urban Hubs
1881081,533,197262,644.6470588235294,649.0,667,15.634543758429055,185994,0.9623994902826937,0.9431913850022652,4800852.0,0.0,0.0,0.9623994902826937,669.8333333333334,0.024252873792617386,0.9428779998175016,12006,11603.64705882353,289.60855934702425,1.0346746965964047,18.672614,78.08789,Nizamabad,Active,2.949046530706031,0.15310247976477792,0.5872591587529373,0,0,Active Urban Shops
4018046,937,166428,543.8823529411765,546.0,633,70.53332579863229,156906,0.8559874234074936,0.9418588810463402,3335976.0,0.0,0.0,0.8559874234074936,635.3888888888889,0.12968489493583701,0.9427860696517413,11394,9789.882352941177,1306.5334803571309,1.1638546398442569,17.135035,79.621042,Suryapet,Active,2.6861394414787836,1.8190923096289096,0.8478869237242324,0,0,Active Urban Shops
1674435,536,45288,148.0,145.0,225,22.2651679741706,42678,0.28903119585228504,0.9424671490064487,960246.0,185976.0,5.1519369229336265,0.28903119585228504,512.0555555555555,0.15044032414980135,0.9423688394276629,4050,2664.0,412.4318125460256,1.5202702702702702,17.382978,78.490916,Hyderabad,Active,-0.2508039036057224,3.7670330046251865,0.2987908158755896,0,0,Active Urban Shops
2084162,534,176364,576.3529411764706,592.0,637,65.26892370153801,166194,1.4070358321952814,0.9428914457474181,3501540.0,0.0,0.0,1.4070358321952814,410.1111111111111,0.11324471350542419,0.9423351704429476,11466,10374.35294117647,1209.0176250357388,1.1052255562359665,18.423821,79.112175,Karimnagar,Active,2.7074000849715674,0.9779047024510943,2.2871104634721253,0,0,Active Urban Shops
3909029,936,151038,493.5882352941176,508.0,554,52.489315623091585,142290,1.326159296738343,0.9411844594752407,2923488.0,0.0,0.0,1.326159296738343,373.1111111111111,0.10634231505095423,0.9420808008580622,9972,8884.588235294117,972.2928480416492,1.1223930401620785,18.34005,78.790757,Rajanna Siricilla,Active,1.9978697268720815,1.1378842780132352,2.228149290985601,0,0,Active Urban Shops
2036215,534,72900,238.23529411764707,228.0,340,45.41939568443683,68670,0.4550733634044912,0.942763582384432,1598490.0,0.0,0.0,0.4550733634044912,523.5555555555555,0.19064931521862372,0.9419753086419753,6120,4288.235294117647,841.3322418500735,1.4271604938271605,18.447137,79.14896,Karimnagar,Active,0.4101563237876629,3.5820049379391063,0.6205796879120761,0,0,Active Urban Shops
3201018,929,60714,198.41176470588235,187.0,368,70.6622100327443,57186,0.3866839651822632,0.9393779347559669,1206900.0,0.0,0.0,0.3866839651822632,513.1111111111111,0.35613921451427605,0.9418914912540765,6624,3571.4117647058824,1308.9208846805604,1.8547287281351912,19.074411,79.487324,Manchiryala,Active,0.5392503782716285,5.78620700250007,1.0571190269698716,4,0,Volatile Portability Hubs
1425033,538,49554,161.94117647058823,167.0,211,22.72291694912767,46656,0.8223294370887341,0.9410548455670226,1011906.0,22968.0,28.014000767581773,0.8223294370887341,197.11111111111111,0.14031586928266268,0.9415183436251362,3798,2914.9411764705883,420.91098681731904,1.3029422448238286,16.754703,78.023747,Mahbubnagar,Active,-0.581777236883037,2.7429445270194455,1.7413374298912818,0,0,Active Urban Shops
1673375,536,310140,1013.5294117647059,1031.0,1099,69.69178598480038,291960,0.9791042733929192,0.9415705772960946,7948944.0,1337958.0,5.9651734765389275,0.9791042733929192,1035.3333333333333,0.06876148356016289,0.9413813116656994,19782,18243.529411764706,1290.9451052255793,1.084329657573999,17.360286,78.44528,Hyderabad,Active,7.823603734556502,0.1479017649455309,-0.33467150123999695,3,0,High-Volume Urban Hubs
1881051,533,137484,449.29411764705884,453.0,521,36.70581002885833,129420,0.8366743345382847,0.9419196772683759,3150414.0,0.0,0.0,0.8366743345382847,537.0,0.08169661828889652,0.9413459020686044,9378,8087.294117647059,679.9249742348308,1.1595967530767217,18.668227,78.093161,Nizamabad,Active,1.7198429358227791,1.4795497635174737,0.8795626932463319,0,0,Active Urban Shops
1677708,536,166644,544.5882352941177,538.0,736,93.03287128658552,156816,1.0848371220998358,0.9397456738341342,3260790.0,353970.0,9.714557678724002,1.0848371220998358,502.0,0.17083158477770077,0.9410239792611795,13248,9802.588235294117,1723.3068160814958,1.3514798012529705,17.409008,78.455086,Hyderabad,Active,3.3062728222868305,2.4536853626309267,1.648262425627975,0,0,Active Urban Shops
1581346,537,75978,248.2941176470588,227.0,661,130.89587313826493,71478,0.36621551275377406,0.9531412444510826,1611954.0,184536.0,8.260843395479498,0.36621551275377406,678.0,0.5271807257404653,0.9407723288320303,11898,4469.294117647059,2424.6671875926054,2.662165363657901,17.489501,78.320654,Ranga Reddy,Active,2.2660490246030025,8.815626537923304,1.5252599865107088,4,-1,Volatile Portability Hubs
3727036,934,168750,551.4705882352941,549.0,604,36.889210972996196,158688,1.358674589461157,0.9398854373161518,3998322.0,0.0,0.0,1.358674589461157,405.8888888888889,0.06689243589769976,0.9403733333333333,10872,9926.470588235294,683.3222261172853,1.0952533333333334,17.681158,77.609086,Sangareddy,Active,2.3559736726917793,0.531103286988909,2.0586987291836834,0,0,Active Urban Shops
3302158,930,87552,286.11764705882354,267.0,485,66.16332907124442,82296,0.3498017262930436,0.9403738516588479,1819512.0,322200.0,4.80616585303145,0.3498017262930436,817.9444444444445,0.23124518795459603,0.9399671052631579,8730,5150.117647058823,1225.5852623518763,1.695106907894737,17.448635,78.525972,Medchal,Active,1.6986382941436218,4.4984428104749075,0.2254432568043254,0,0,Active Urban Shops
2720014,924,12492,40.8235294117647,42.0,57,10.584936805410894,11736,0.4581312790169367,0.9359898262911274,233406.0,0.0,0.0,0.4581312790169367,89.11111111111111,0.2592851955215925,0.9394812680115274,1026,734.8235294117648,196.07149056342868,1.3962536023054755,18.789314,79.236899,Jagityal,Active,-1.7303728217802816,4.169812245385178,1.3550412676110501,1,0,Stable Rural Shops
1585702,537,312282,1020.5294117647059,1025.0,1171,71.53960808918708,293382,1.2846727972433527,0.9392856392848868,6531120.0,678456.0,10.416630763918276,1.2846727972433527,794.3888888888889,0.07010048634020292,0.939477779699118,21078,18369.529411764706,1325.1734847580833,1.1474436566949104,17.341545,78.569178,Ranga Reddy,Active,6.794193789268079,0.0793125870739568,0.8193192167755943,3,0,High-Volume Urban Hubs
4005040,937,17532,57.294117647058826,47.0,151,35.07460570390598,16470,0.2807774058132738,0.9381909102341544,320382.0,0.0,0.0,0.2807774058132738,204.05555555555554,0.6121851098217675,0.9394250513347022,2718,1031.2941176470588,649.709143069601,2.635523613963039,16.898177,79.870458,Suryapet,Active,-0.8756793896411443,9.166203134517318,2.1170355555365545,4,-1,Volatile Portability Hubs
2084167,534,149112,487.29411764705884,514.0,593,87.19752458156907,140040,1.1982714688182314,0.939023787128736,3141720.0,0.0,0.0,1.1982714688182314,406.6666666666667,0.1789422884942871,0.939159826170932,10674,8771.29411764706,1615.2149920639777,1.2169241912119748,18.435658,79.115947,Karimnagar,Active,2.4059665623238593,2.1138839086498864,2.068228569934248,0,0,Active Urban Shops
3384059,930,43416,141.88235294117646,157.0,341,83.1617772522749,40770,0.23412929528246942,0.9382810364752604,911574.0,148356.0,5.962092888944336,0.23412929528246942,606.0,0.5861319292241598,0.9390547263681592,6138,2553.8823529411766,1540.4582874242708,2.4033996683250414,17.460361,78.451738,Medchal,Active,0.8064534957930276,8.607134900608502,1.3538839801281197,4,-1,Volatile Portability Hubs
1784019,535,141426,462.1764705882353,452.0,524,34.55328366110381,132786,1.234814059903943,0.938862502570137,3028500.0,0.0,0.0,1.234814059903943,374.55555555555554,0.07476210032312139,0.9389079801450936,9432,8319.176470588236,640.0523645857148,1.133766068473972,18.049342,78.269724,Medak,Active,1.631263437852145,0.9881169825390541,1.9691293548226678,0,0,Active Urban Shops
1677725,536,385668,1260.3529411764705,1296.0,1451,136.84949112374997,362106,1.1799236004383382,0.9386115713537074,9124056.0,1496844.0,6.141816635848178,1.1799236004383382,1068.1666666666667,0.10858029259328618,0.9389060020535798,26118,22686.352941176472,2534.949825469342,1.15126481844488,17.45533,78.412315,Hyderabad,Active,10.281383363816886,0.3435506408946826,-0.09818942919114793,3,0,High-Volume Urban Hubs
1585354,537,574992,1879.0588235294117,1899.0,2237,249.48498388517314,539676,1.3753846782136394,0.9380660063378699,11917422.0,982908.0,12.235244946152854,1.3753846782136394,1366.2222222222222,0.13277124737189905,0.9385800150262961,40266,33823.05882352941,4621.368418425816,1.1904896068119208,17.325237,78.554863,Ranga Reddy,Active,14.95552439695521,-0.04745057661417816,-0.49884301272592324,3,-1,High-Volume Urban Hubs
1585670,537,232038,758.2941176470588,753.0,1039,123.84325801370223,217710,1.2493634841728187,0.9384921267776778,4854042.0,525528.0,11.657046044383009,1.2493634841728187,606.9444444444445,0.16331823646210053,0.9382514932898922,18702,13649.29411764706,2294.0271294359695,1.3701807462570785,17.322328,78.576551,Ranga Reddy,Active,5.401083879537088,2.0414884966167,1.6097793011032382,3,0,High-Volume Urban Hubs
2047334,534,51012,166.7058823529412,168.0,175,6.425239527783577,47862,0.8670204164139883,0.9384632778724954,970794.0,0.0,0.0,0.8670204164139883,192.27777777777777,0.03854236837414284,0.9382498235709245,3150,3000.705882352941,119.01878250190305,1.0497529992942838,18.341123,79.206826,Karimnagar,Active,-0.9099746519512731,1.425585071805155,1.533072390130461,0,0,Active Urban Shops
1673318,536,354168,1157.4117647058824,1180.0,1318,103.80262035365703,332298,1.3823535625400907,0.9383051395587563,8095572.0,1374714.0,5.9671937517600435,1.3823535625400907,837.2777777777778,0.08968512634743694,0.9382496442366335,23724,20833.41176470588,1922.8017012559935,1.1387477129497867,17.366564,78.452305,Hyderabad,Active,8.885162130095834,0.040700705415296065,0.7261761650218963,3,0,High-Volume Urban Hubs
4008007,937,212346,693.9411764705883,694.0,783,67.03052745141312,199098,1.3608960584278935,0.9376916853609115,4018482.0,0.0,0.0,1.3608960584278935,510.0,0.09659396174230932,0.9376112570992625,14094,12490.941176470587,1241.6489273637414,1.1283377129778758,16.994383,79.969,Suryapet,Active,3.516390813363105,0.7525520520361899,1.9071357100735262,0,0,Active Urban Shops
2909018,926,120114,392.52941176470586,405.0,472,74.61886183766087,112608,0.9546749115622365,0.9388482866470973,2733480.0,0.0,0.0,0.9546749115622365,411.1666666666667,0.19009750505623182,0.9375093661022029,8496,7065.529411764706,1382.2124528110294,1.2024576652180428,18.326888,78.33624,Kamareddy,Active,1.6249086936265043,2.489152441887858,1.5999250230900526,0,0,Active Urban Shops
1676687,536,198972,650.2352941176471,639.0,801,114.86104304444336,186534,0.8550164662401817,0.9367878013203781,4539636.0,772902.0,5.957580220002653,0.8550164662401817,760.5,0.17664535297227585,0.9374886918762438,14418,11704.235294117647,2127.6438708525616,1.2318617694952054,17.394222,78.52206,Hyderabad,Active,4.855621320737603,2.358080163258276,0.5849539700793047,3,0,High-Volume Urban Hubs
1671105,536,158022,516.4117647058823,518.0,589,47.30404334595094,148104,0.8520866340276176,0.9373509898770149,3595230.0,268902.0,14.823287605359953,0.8520866340276176,606.0555555555555,0.09160140527180385,0.9372365873106276,10602,9295.411764705883,876.2427645081818,1.1405627064585944,17.367253,78.514794,Hyderabad,Active,2.6113692796416497,1.4404087305829785,0.7320196278638362,0,0,Active Urban Shops
1585682,537,108252,353.7647058823529,267.0,667,214.22096037735236,101430,0.6036940373418992,0.9401045343034838,2308698.0,250254.0,174.54341962925812,0.6036940373418992,586.0,0.605546446028432,0.9369803791153974,12006,6367.764705882353,3968.1505693681115,1.88543398736282,17.356529,78.547996,Ranga Reddy,Active,3.5938806543182604,7.95839659217458,1.8355286723184525,4,-1,Volatile Portability Hubs
3302040,930,342702,1119.9411764705883,1126.0,1184,37.36031651042219,321048,1.7089454832554625,0.9368212210973976,7346052.0,495360.0,13.261636315294147,1.7089454832554625,655.3888888888889,0.0333591775133766,0.9368139082935029,21312,20158.941176470587,692.0488124572787,1.0571983822679762,17.39435,78.536416,Medchal,Active,6.811186561384855,-1.2041382262050762,1.7190971610911812,3,-1,High-Volume Urban Hubs
4606019,982,44118,144.1764705882353,146.0,153,8.645376019514936,41310,0.9368191721132898,0.9368913017692003,1020510.0,0.0,0.0,0.9368191721132898,154.0,0.05996384836056871,0.9363525091799265,2754,2595.176470588235,160.14377731202887,1.061199510403917,16.636603,77.653817,Narayanpet,Active,-1.0093682010516898,1.5485507079803478,1.8008298769302313,0,0,Active Urban Shops
1672280,536,242604,792.8235294117648,823.0,881,92.33191144334171,227142,0.9972624764676249,0.9357407423230647,6130944.0,947322.0,6.454461150729527,0.9972624764676249,795.0,0.11645960042564245,0.9362665083840332,15858,14270.823529411764,1710.322492809986,1.111218281644161,17.318467,78.482382,Hyderabad,Active,5.886635063125832,1.1002057052986103,0.42903189323270663,3,0,High-Volume Urban Hubs
1678824,536,144432,472.0,503.0,622,114.1541666803792,135216,0.4729195907107286,0.939128414437956,3137670.0,666900.0,4.705779991466473,0.4729195907107286,998.0555555555555,0.24185204805165086,0.9361914257228315,11196,8496.0,2114.549952117471,1.3177966101694916,17.426349,78.497082,Hyderabad,Active,3.8459566544805437,3.564855292416355,-0.1139172312705466,0,0,Active Urban Shops
2084169,534,141264,461.6470588235294,478.0,507,39.216836563007504,132174,1.1239788173753182,0.9358243081111879,2724732.0,0.0,0.0,1.1239788173753182,410.8888888888889,0.08494982435921605,0.9356523955147809,9126,8309.64705882353,726.4383095948746,1.0982415902140672,18.427384,79.133954,Karimnagar,Active,1.624325135376701,1.120748116858582,1.6748887502085625,0,0,Active Urban Shops
1672239,536,145224,474.5882352941176,492.0,582,85.0869202185943,135720,0.5038686556041123,0.9343700863543651,3147426.0,655848.0,4.822967469212656,0.5038686556041123,941.8888888888889,0.17928577636540693,0.9345562716906296,10476,8542.588235294117,1576.1189302692044,1.2263262270699058,17.345369,78.473968,Hyderabad,Active,3.429720974634295,2.7825610057378523,-0.1684787095780074,0,0,Active Urban Shops
1585089,537,353754,1156.0588235294117,1111.0,1420,112.4207107279554,330588,1.606381639350223,0.9340961426450628,7227450.0,695916.0,10.621057866905709,1.606381639350223,719.6666666666666,0.0972448014234591,0.9345138146847809,25560,20809.058823529413,2082.4400492747764,1.2283111993079936,17.319707,78.5682,Ranga Reddy,Active,8.055104863085914,0.14552379919393077,1.5981630882761277,3,0,High-Volume Urban Hubs
2153017,540,18378,60.05882352941177,62.0,67,5.271930363625831,17172,0.8215047601993613,0.9336583276107115,339984.0,0.0,0.0,0.8215047601993613,73.11111111111111,0.08777944777829493,0.9343780607247796,1206,1081.0588235294117,97.65530617190964,1.1155729676787465,17.926743,79.537589,Hanumakonda,Active,-1.711782548850313,2.1176095041575187,1.7875357448997908,1,0,Stable Rural Shops
1671192,536,180018,588.2941176470588,598.0,731,89.12013497009393,168192,0.7969077627812728,0.9338596254182405,4064832.0,413586.0,11.94316080718551,0.7969077627812728,738.2222222222222,0.15148908054110558,0.9343065693430657,13158,10589.29411764706,1650.8287223659015,1.2425757424257573,17.355985,78.518788,Hyderabad,Active,3.828735252776402,2.18371555972247,0.5336805494692414,0,0,Active Urban Shops
1672266,536,356508,1165.0588235294117,1148.0,1431,116.9027189965027,333072,0.9601722420632487,0.9342366465366004,9074322.0,1529172.0,5.946477918511248,0.9601722420632487,1213.388888888889,0.1003406151136295,0.9342623447440169,25758,20971.058823529413,2165.463128022163,1.2282641623750379,17.33502,78.480322,Hyderabad,Active,9.780907187237196,0.6388832701987085,-0.6561104979961722,3,0,High-Volume Urban Hubs
3384103,930,159822,522.2941176470588,501.0,779,130.31114755998126,149310,0.6390255392395363,0.9331079650088788,3258414.0,404766.0,472.965212262356,0.6390255392395363,817.3333333333334,0.2494976358283232,0.9342268273454217,14022,9401.29411764706,2413.835945251507,1.491496790179074,17.497742,78.421044,Medchal,Active,4.588262287985056,4.218870213081894,0.5331374609573487,0,-1,Active Urban Shops
3727038,934,130734,427.2352941176471,472.0,491,94.52214692037947,122094,0.7926443304594565,0.9366777045443246,3199176.0,0.0,0.0,0.7926443304594565,539.0,0.2212414288374571,0.9339116067740603,8838,7690.235294117647,1750.8936121810686,1.1492496213685806,17.680306,77.605294,Sangareddy,Active,2.179277284927383,2.7286428780008998,1.055912569845141,0,0,Active Urban Shops
2111044,540,215352,703.7647058823529,697.0,791,23.65954275458072,201096,0.9525353734791826,0.9338720581925949,4418316.0,0.0,0.0,0.9525353734791826,738.8333333333334,0.033618541192567054,0.9338014042126379,14238,12667.764705882353,438.2607000136688,1.1239551989301237,18.011017,79.571513,Hanumakonda,Active,3.378736980508177,0.37044780186236326,0.5134513597931131,0,0,Active Urban Shops
3513035,932,120582,394.05882352941177,393.0,426,14.71487940787924,112536,0.9107637888445745,0.9332468539988312,2601378.0,0.0,0.0,0.9107637888445745,432.77777777777777,0.03734183459231931,0.9332736229287953,7668,7093.058823529412,272.57303392582577,1.0810568741603224,19.084285,78.343335,Nirmal,Active,0.9434502260396502,0.9619100205904161,1.102980635230426,0,0,Active Urban Shops
1671194,536,486234,1589.0,1584.0,1761,80.80723876030889,453780,1.575955080779524,0.933215066454491,11031498.0,1245492.0,8.866269447574286,1.575955080779524,1008.2777777777778,0.05085414648225858,0.9332543590123275,31698,28602.0,1496.8436792130292,1.1082441787287602,17.352536,78.521568,Hyderabad,Active,11.507804598002501,-1.5302895528165554,0.3116946758782706,3,0,High-Volume Urban Hubs
3302216,930,97092,317.29411764705884,315.0,473,47.154977464852074,90576,0.8235535706123941,0.9309961173968696,1949580.0,229950.0,9.534142160171632,0.8235535706123941,385.27777777777777,0.14861598385288935,0.9328883945124212,8514,5711.294117647059,873.4815227514747,1.4907304412309974,17.481162,78.545815,Medchal,Active,1.1292804763433335,2.997879922219679,1.4385052824856368,0,0,Active Urban Shops
4116034,938,151524,495.1764705882353,498.0,559,28.117812485643736,141336,0.9525371578042306,0.9333106243701464,3467250.0,0.0,0.0,0.9525371578042306,520.8888888888889,0.05678341794439813,0.9327631266334047,10062,8913.176470588236,520.8440547916094,1.1288904727963887,17.266078,77.585707,Vikarabad,Active,1.9087941478284907,0.9824840185714668,1.030979978489863,0,0,Active Urban Shops
3302212,930,105102,343.47058823529414,354.0,416,43.527878208019715,97974,0.5813532692863469,0.9331662405178156,1528128.0,391500.0,14.630237254533423,0.5813532692863469,590.8888888888889,0.12672956491459755,0.9321801678369583,7488,6182.470588235294,806.2944652581228,1.2111662955985614,17.480539,78.551753,Medchal,Active,1.3676439799151923,2.46887580203565,0.46277398910634576,0,0,Active Urban Shops
2706014,924,142344,465.1764705882353,474.0,558,51.60964678500428,132678,0.9783492422063207,0.9328342658040751,2868282.0,0.0,0.0,0.9783492422063207,475.5,0.11094638282057065,0.9320940819423369,10044,8373.176470588236,955.998184837066,1.199544764795144,18.801351,78.917071,Jagityal,Active,1.8697433473108185,1.6879258589570525,1.3482173533803947,0,0,Active Urban Shops
3201036,929,92286,301.5882352941176,303.0,316,9.083603972977798,85986,0.9282830178987528,0.9319928952953657,1869228.0,0.0,0.0,0.9282830178987528,324.8888888888889,0.030119225188340662,0.9317339574800078,5688,5428.588235294118,168.26135133458664,1.0477862297639944,19.07592,79.486291,Manchiryala,Active,0.13509559656588524,1.0101504404656376,1.3479264202997967,0,0,Active Urban Shops
1675566,536,262368,857.4117647058823,909.0,1000,109.2885205023699,244368,1.135611529792069,0.9295984269474248,6108084.0,981702.0,6.218640719731712,1.135611529792069,755.0555555555555,0.12746328543772562,0.9313940724478595,18000,15433.411764705883,2024.4205053182359,1.1663007683863886,17.388595,78.436569,Hyderabad,Active,6.467150822100562,1.1539048260916633,0.764278589767143,3,0,High-Volume Urban Hubs
2111033,540,143910,470.29411764705884,468.0,500,9.476031785469543,134010,0.9152663613969947,0.9312058479851997,2957724.0,0.0,0.0,0.9152663613969947,513.8333333333334,0.02014916076960378,0.9312070043777361,9000,8465.29411764706,175.53054032912723,1.063164477798624,18.015177,79.565053,Hanumakonda,Active,1.4330230531277437,0.6170977802037825,0.8945940681880539,0,0,Active Urban Shops
2084166,534,180144,588.7058823529412,655.0,690,106.8505855735739,167580,1.4317553077246832,0.9291058759693139,3496608.0,0.0,0.0,1.4317553077246832,411.27777777777777,0.18150079483920425,0.9302557953637091,12420,10596.70588235294,1979.2610920715426,1.1720623501199041,18.442268,79.115002,Karimnagar,Active,3.243394113898311,1.717616827327681,2.480141117926112,0,0,Active Urban Shops
2909031,926,114120,372.94117647058823,402.0,440,67.1220308114312,106146,0.8781038030174791,0.9305650129031532,2521710.0,0.0,0.0,0.8781038030174791,424.72222222222223,0.17998020880036758,0.9301261829652997,7920,6712.941176470588,1243.3439020735693,1.1798107255520505,18.326449,78.33322,Kamareddy,Active,1.3952234831382437,2.426103944597065,1.3812939177980355,0,0,Active Urban Shops
3114039,928,1026,9.5,2.0,33,12.191233252805027,954,0.0668754172275299,0.9208754208754208,23112.0,0.0,0.0,0.0668754172275299,142.05555555555554,1.2832877108215819,0.9298245614035088,594,171.0,239.27139402778596,3.473684210526316,17.612249,79.809017,Mahabubabad,Active,-1.1142672197740002,14.947995591538517,3.2749089729178045,4,-1,Volatile Portability Hubs
1675517,536,318636,1041.2941176470588,1279.0,1477,371.4199758455215,296244,0.5705200977306483,0.9176927181809762,7892712.0,1376424.0,5.864316680434333,0.5705200977306483,1825.1666666666667,0.3566907462079915,0.9297254547508756,26586,18743.29411764706,6880.0475267681295,1.4184272963506948,17.380908,78.411579,Hyderabad,Active,12.15198354632864,4.700576985332564,-1.2335114407354066,3,-1,High-Volume Urban Hubs
1673430,536,489312,1599.0588235294117,1611.0,1739,140.23246439191982,454698,1.292286935421917,0.9294014683463305,12653514.0,2014812.0,6.323216233590463,1.292286935421917,1237.388888888889,0.08769687664297517,0.9292598587404356,31302,28783.058823529413,2597.614782607985,1.0875147145379636,17.331334,78.458006,Hyderabad,Active,13.319212117502984,-0.7532093289362871,-0.6876796318189251,3,0,High-Volume Urban Hubs
1673378,536,246960,807.0588235294117,789.0,1010,122.47214392115508,229482,0.6481830915775858,0.929365298965446,6107688.0,1172916.0,5.202750100918773,0.6481830915775858,1245.111111111111,0.1517511987361251,0.9292274052478134,18180,14527.058823529413,2268.6291144264924,1.2514577259475217,17.34685,78.457059,Hyderabad,Active,6.970899156118612,2.052727004624827,-0.6979344305702111,3,0,High-Volume Urban Hubs
1675507,536,470484,1537.5294117647059,1550.0,1662,86.63555161850698,437112,1.223985567929888,0.929036458217738,11794266.0,2028672.0,5.829736374189819,1.223985567929888,1256.1666666666667,0.0563472483554449,0.9290687887367052,29916,27675.529411764706,1604.805210829614,1.080954931517331,17.383218,78.405815,Hyderabad,Active,12.387949398589393,-1.1292306479817609,-0.8655706866381901,3,0,High-Volume Urban Hubs
3722026,934,58860,192.35294117647058,190.0,238,13.499469613496231,54684,0.9530318703512143,0.9299328273298684,1217772.0,0.0,0.0,0.9530318703512143,201.83333333333334,0.07018072887750335,0.9290519877675841,4284,3462.3529411764707,250.05922827813978,1.237308868501529,17.494759,78.304703,Sangareddy,Active,-0.568404726142478,1.8899535230463018,1.8428486223119822,0,0,Active Urban Shops
2111039,540,114642,374.6470588235294,391.0,423,57.15787404279143,106488,0.821396855368834,0.9281389484383782,2248398.0,0.0,0.0,0.821396855368834,456.1111111111111,0.1525645876475827,0.9288742345737164,7614,6743.64705882353,1058.7715134282084,1.1290626471973622,18.015888,79.574466,Hanumakonda,Active,1.2263203962405729,2.1646644984778565,1.1534694990064518,0,0,Active Urban Shops
1881010,533,199260,651.1764705882352,650.0,663,6.4111763551245815,185058,1.0925779707856298,0.928722072810131,4359672.0,0.0,0.0,1.0925779707856298,596.0,0.009845528277969097,0.9287262872628727,11934,11721.176470588236,118.75828144497835,1.0181571815718156,18.668151,78.096594,Nizamabad,Active,2.7056936735408375,-0.14622357224632204,0.9323770032675399,0,0,Active Urban Shops
1674440,536,113616,371.29411764705884,377.0,421,36.28048879113702,105498,0.839926594009717,0.9285269706975905,2359818.0,485190.0,4.868042547912289,0.839926594009717,442.05555555555554,0.0977136104957746,0.9285487959442332,7578,6683.294117647059,672.0464794850392,1.1338719898605831,17.38012,78.476591,Hyderabad,Active,1.5177947594785564,1.7480704394653124,1.0298476980527862,0,0,Active Urban Shops
3302033,930,96246,314.52941176470586,319.0,436,54.7263905317759,89352,0.799598268334447,0.9256598421275122,2008890.0,212616.0,10.267790823829113,0.799598268334447,393.44444444444446,0.1739945088910025,0.9283710491864597,7848,5661.529411764706,1013.7316038803779,1.3861978679633438,17.402268,78.567682,Medchal,Active,1.1286744349089703,2.9886870058232766,1.3644943751283742,0,0,Active Urban Shops
1673347,536,60912,199.05882352941177,203.0,224,25.45925328103266,56538,0.8352977038146443,0.9282034664474,1253556.0,276228.0,4.539063318519685,0.8352977038146443,238.44444444444446,0.1278981400051877,0.9281914893617021,4032,3583.0588235294117,471.5978783068573,1.1252955082742317,17.361636,78.467495,Hyderabad,Active,-0.13513357372998894,2.201255146299786,1.5154999270101208,0,0,Active Urban Shops
2084173,534,166464,544.0,537.0,728,105.19583610783388,154494,1.3303437878474305,0.928369407777208,3446586.0,0.0,0.0,1.3303437878474305,409.1111111111111,0.19337469872763582,0.9280925605536332,13104,9792.0,1948.6091193464122,1.338235294117647,18.427431,79.120099,Karimnagar,Active,2.9904292866019713,2.3276389988764112,2.402154165003421,0,0,Active Urban Shops
1675605,536,96768,316.2352941176471,294.0,492,73.66158904789354,89802,0.4396976920171541,0.9257591325915538,2398212.0,425556.0,5.622539873671747,0.4396976920171541,719.2222222222222,0.2329328522719848,0.9280133928571429,8856,5692.235294117647,1364.4802824432718,1.5558035714285714,17.39041,78.448352,Hyderabad,Active,1.9539001113634802,4.103759813570111,0.36321183676412955,0,0,Active Urban Shops
1981011,532,173826,568.0588235294117,566.0,620,28.256491560926303,161262,1.3455931126778196,0.9277483459880316,3714066.0,0.0,0.0,1.3455931126778196,422.1666666666667,0.04974219286898076,0.9277208242725484,11160,10225.058823529413,523.4128951635886,1.0914362638500568,19.665985,78.541724,Adilabad,Active,2.2882836840719043,0.3444664701146478,1.9547762275908624,0,0,Active Urban Shops
1671137,536,373230,1219.7058823529412,1248.0,1348,118.24957670754668,346176,1.1129836668086934,0.9274216130355082,8344692.0,1095120.0,8.222332927056584,1.1129836668086934,1095.888888888889,0.09694925507732305,0.9275138654448999,24264,21954.70588235294,2190.41182670936,1.1051844707017122,17.37348,78.522409,Hyderabad,Active,9.239979710261009,0.17345490485782317,-0.194618292357779,3,0,High-Volume Urban Hubs
3201025,929,155898,509.47058823529414,509.0,521,7.417355654055324,144594,1.022353098982917,0.9273816325243505,2649924.0,0.0,0.0,1.022353098982917,498.3333333333333,0.014558947710303718,0.9274910518415888,9378,9170.470588235294,137.3963780668266,1.0226301812723704,19.073369,79.4857,Manchiryala,Active,1.534357406434109,0.3389756528556141,1.1132527323067256,0,0,Active Urban Shops
4607004,982,58986,192.76470588235293,179.0,359,79.83554939350259,54702,0.48197886464527334,0.9254739049412366,1482948.0,0.0,0.0,0.48197886464527334,399.94444444444446,0.41416061632271717,0.927372596887397,6462,3469.764705882353,1478.8444614551154,1.8623741226731765,16.648686,77.513281,Narayanpet,Active,0.5241565147967768,6.096130976109576,1.4668691387366135,4,0,Volatile Portability Hubs
1585685,537,381906,1248.0588235294117,1221.0,1425,97.38093092990701,354168,1.498369940925088,0.9272282936419323,8091414.0,523800.0,20.30582411266894,1.498369940925088,832.9444444444445,0.07802591439922794,0.9273695621435641,25650,22465.058823529413,1803.8486795802817,1.1417731064712258,17.327669,78.606336,Ranga Reddy,Active,8.371440790592432,-0.397342777379413,1.0160237373906331,3,0,High-Volume Urban Hubs
1673348,536,263106,859.8235294117648,849.0,951,60.49686269031859,243972,1.155504657444478,0.9272931310898814,6252588.0,1137366.0,5.526418940089179,1.155504657444478,744.1111111111111,0.07035962685471821,0.9272764589176986,17118,15476.823529411764,1120.6217155721038,1.106040911267702,17.362286,78.464728,Hyderabad,Active,6.0709898135443625,0.3541964404450635,0.6415447008856712,3,0,High-Volume Urban Hubs
1672318,536,348840,1140.0,1055.0,1653,210.43346364813476,323442,1.0526315789473684,0.9257202381045707,8515980.0,1421118.0,6.071547611660154,1.0526315789473684,1083.0,0.18459075758608312,0.9271929824561403,29754,20520.0,3897.9923678734917,1.45,17.314724,78.470087,Hyderabad,Active,10.325372730017415,2.2830987442924666,0.07456335257606446,3,-1,High-Volume Urban Hubs
1585649,537,277128,905.6470588235294,901.0,1075,90.40364642205022,256950,1.158940256599478,0.9266229992638461,5810724.0,713862.0,8.199239665026164,1.158940256599478,781.4444444444445,0.09982216089730149,0.9271888802286308,19350,16301.64705882353,1674.6040181628189,1.1869966224993505,17.344809,78.513901,Ranga Reddy,Active,6.201696203472793,0.8126328140383189,0.7605498082171853,3,0,High-Volume Urban Hubs
3384201,930,148428,485.05882352941177,473.0,635,52.93425991463125,137610,0.9319237612159885,0.92689183941555,3062574.0,362232.0,8.952821418864954,0.9319237612159885,520.5,0.10912956809953082,0.9271161775406258,11430,8731.058823529413,980.5348330495601,1.309119573126364,17.534624,78.436223,Medchal,Active,2.489814131922142,1.95090715233983,1.1556525298615439,0,0,Active Urban Shops
3302056,930,367074,1199.5882352941176,1177.0,1366,75.48692466622362,340236,1.5982530895542824,0.9265799398616804,8051256.0,559548.0,12.763242920998518,1.5982530895542824,750.7222222222222,0.06292736327787975,0.926886676800863,24588,21592.58823529412,1398.2921305481693,1.1387240719854852,17.40271,78.56568,Medchal,Active,7.880481623745406,-0.6713360706897058,1.3300332091712,3,0,High-Volume Urban Hubs
3384045,930,94770,309.70588235294116,317.0,436,74.15605011435794,87840,0.6293419164841803,0.9236292272491369,1858968.0,322200.0,4.844361356422481,0.6293419164841803,492.1111111111111,0.239440237786151,0.9268755935422602,7848,5574.705882352941,1373.6394980446057,1.407787274453941,17.459466,78.452257,Medchal,Active,1.4516943274524414,3.7274436763970424,0.9985706230402952,0,0,Active Urban Shops
1672222,536,186660,610.0,615.0,710,49.780501812011956,172980,0.9907982005779397,0.9264938467822512,4846266.0,802260.0,6.0567510890558935,0.9907982005779397,615.6666666666666,0.08160738001969173,0.926711668273867,12780,10980.0,922.115773642334,1.1639344262295082,17.361786,78.478311,Hyderabad,Active,3.943106422293623,1.0906401583439191,0.7821274087970135,0,0,Active Urban Shops
1672296,536,293112,957.8823529411765,1003.0,1164,188.35929883616603,271548,0.8327408539173246,0.9262285614717951,8011314.0,1265256.0,6.636798355019971,0.8327408539173246,1150.2777777777778,0.19664137068378915,0.926430852370425,20952,17241.882352941175,3489.0986279115295,1.2151805453205602,17.355759,78.483194,Hyderabad,Active,8.760468980471181,2.1689325807941082,-0.36933108985400487,3,0,High-Volume Urban Hubs
3384051,930,127944,418.11764705882354,411.0,552,76.7843854666735,118530,0.5979288895530143,0.9224440193627995,2278890.0,450198.0,5.199155458890765,0.5979288895530143,699.2777777777778,0.18364301532547123,0.9264209341586944,9936,7526.117647058823,1422.3258189648805,1.3202025886325268,17.46345,78.443966,Medchal,Active,2.4231765727399224,3.0419317383672375,0.4501505451158647,0,0,Active Urban Shops
1890003,533,191088,624.4705882352941,624.0,692,21.48855854880229,177012,0.9665897325062512,0.9263493776894726,3871926.0,0.0,0.0,0.9665897325062512,646.0555555555555,0.03441084168515815,0.9263376036171816,12456,11240.470588235294,398.04618413681885,1.1081386586284854,18.684666,78.114826,Nizamabad,Active,2.709798338376632,0.4801415936655639,0.7290018789182411,0,0,Active Urban Shops
3302204,930,112032,366.11764705882354,329.0,738,106.52538779529185,103752,0.5799647265073073,0.9262820322771151,2141478.0,440568.0,4.853652791399348,0.5799647265073073,631.2777777777778,0.2909594460989655,0.9260925449871465,13284,6590.117647058823,1973.2372475944492,2.015745501285347,17.442139,78.537451,Medchal,Active,2.6881639952224288,5.4697327139683445,1.087067543305695,4,-1,Volatile Portability Hubs
1679913,536,277164,905.7647058823529,922.0,1194,107.8832863401581,256662,0.9424190795334931,0.9267347231506662,6091938.0,1011438.0,6.23642191145033,0.9424190795334931,961.1111111111111,0.11910740796094867,0.9260293544616184,21492,16303.764705882353,1998.3904626414908,1.318223145863099,17.416956,78.508376,Hyderabad,Active,7.048620671976884,1.476533848903858,0.09674305148414067,3,0,High-Volume Urban Hubs
1679978,536,183420,599.4117647058823,623.0,1023,168.5653457729795,169830,0.5520622604222841,0.928355609370844,4046868.0,569880.0,7.116800728019825,0.5520622604222841,1085.7777777777778,0.28121794682440154,0.9259077526987243,18414,10789.411764705883,3122.442694806894,1.706673209028459,17.443171,78.520133,Hyderabad,Active,5.505453530302979,4.584295569495207,0.08231102169825971,3,0,High-Volume Urban Hubs
2084164,534,120564,394.0,376.0,532,47.90646624618353,111582,0.9462327429755583,0.9254065168579608,2660688.0,0.0,0.0,0.9462327429755583,418.77777777777777,0.12159001585325768,0.925500149298298,9576,7092.0,887.4018255559314,1.350253807106599,18.438921,79.141478,Karimnagar,Active,1.3917788369825432,2.2058722292733233,1.4963716575604429,0,0,Active Urban Shops
1585393,537,402390,1315.0,1292.0,1584,138.3817954482286,372402,1.4669976448169384,0.9254011908499513,8177418.0,760968.0,10.807084269376057,1.4669976448169384,896.3888888888889,0.10523330452336775,0.9254752851711027,28512,23670.0,2563.333669267426,1.2045627376425856,17.328571,78.588883,Ranga Reddy,Active,9.489781351751354,0.10922267191971165,0.8673521773132379,3,0,High-Volume Urban Hubs
1677756,536,481284,1572.8235294117646,1622.0,1750,185.15510972605222,445410,1.4712290518976472,0.9256234544427673,10682352.0,1249938.0,8.783803469731724,1.4712290518976472,1069.0555555555557,0.11772147749805101,0.9254618894457327,31500,28310.823529411766,3429.7454030017684,1.112648664821602,17.449921,78.410649,Hyderabad,Active,12.338274154219011,-0.24646023931606437,0.24054129610584374,3,-1,High-Volume Urban Hubs
3722028,934,94752,309.6470588235294,296.0,384,57.34857130448312,87678,1.48868778280543,0.924582194578677,1986912.0,0.0,0.0,1.48868778280543,208.0,0.18520625231311041,0.9253419452887538,6912,5573.64705882353,1062.303919623315,1.2401215805471124,17.49507,78.304579,Sangareddy,Active,0.7848137985804695,2.0652157496608674,3.218768404968765,0,0,Active Urban Shops
3302049,930,193536,632.4705882352941,619.0,855,85.3445905263588,179064,1.4835343279066688,0.9251364092904638,4073976.0,326934.0,11.180074518277776,1.4835343279066688,426.3888888888889,0.1349384336819289,0.9252232142857143,15390,11384.470588235294,1580.8919206276823,1.351841517857143,17.40265,78.56958,Medchal,Active,3.8183296181706075,1.5606386744597505,2.457158157411292,0,0,Active Urban Shops
1678902,536,116676,381.29411764705884,385.0,524,81.15614436728234,107928,0.3217973837575475,0.9324088802053966,2585808.0,291960.0,9.538112055215828,0.3217973837575475,1184.888888888889,0.21284394542483795,0.9250231410058624,9432,6863.294117647059,1503.3066788211363,1.3742672014810244,17.44154,78.461226,Hyderabad,Active,2.743209831868955,3.5030055410222225,-0.500171499880112,0,-1,Active Urban Shops
1585657,537,344880,1127.0588235294117,1131.0,1364,79.54075027730708,318942,1.259987899025232,0.9247023079514319,7265736.0,854550.0,8.605131122032274,1.259987899025232,894.5,0.07057373458842486,0.9247912317327767,24552,20287.058823529413,1473.3837106550109,1.2102296450939456,17.333827,78.538135,Ranga Reddy,Active,7.890954643991834,0.03089871304032122,0.4834153744059551,3,0,High-Volume Urban Hubs
1890010,533,109998,359.47058823529414,358.0,384,17.0991549301413,101718,0.9535028865657669,0.9267618030175651,2347830.0,0.0,0.0,0.9535028865657669,377.0,0.047567604943937504,0.9247259041073475,6912,6470.470588235294,316.73847998922133,1.0682376043200785,18.683953,78.096996,Nizamabad,Active,0.6617113910457084,1.0383151654359979,1.3130583748285845,0,0,Active Urban Shops
3384090,930,340182,1111.7058823529412,1126.0,1227,95.55682421370571,314568,1.3013423726074842,0.9243883345883072,7391880.0,689220.0,9.789892915520813,1.3013423726074842,854.2777777777778,0.08595513051658803,0.9247050108471347,22086,20010.70588235294,1770.0595952080917,1.1037091909624848,17.483362,78.418329,Medchal,Active,7.625417214025931,-0.0009407557965806242,0.6686183841035748,3,0,High-Volume Urban Hubs
1585047,537,216306,706.8823529411765,705.0,934,81.5074323213892,199998,0.9637848956440128,0.9242187910667226,4565772.0,594036.0,7.854904499370694,0.9637848956440128,733.4444444444445,0.11530551297858171,0.9246068070233835,16812,12723.882352941177,1509.8138081545412,1.3212948323208789,17.346261,78.515382,Ranga Reddy,Active,4.737622186016793,1.68981238276448,0.7032788755779775,0,0,Active Urban Shops
3213039,929,21726,71.0,73.0,79,9.35212783712708,20088,0.897485935302391,0.9229579793293142,391500.0,0.0,0.0,0.897485935302391,79.11111111111111,0.13172011038207154,0.9246064623032312,1422,1278.0,173.2353889942814,1.1126760563380282,18.932883,79.474741,Manchiryala,Active,-1.575459507760307,2.2673807684630285,2.0166114805506945,1,0,Stable Rural Shops
3310022,930,209646,685.1176470588235,653.0,988,146.3278574007517,193824,0.8709402638187117,0.9249230935274745,3556764.0,0.0,0.0,0.8709402638187117,787.6111111111111,0.21358062812851197,0.9245299218682923,17784,12332.117647058823,2710.5236090641456,1.4420880913539968,17.490931,78.598861,Medchal,Active,4.499975593811621,3.127825617832913,0.9015548555723041,0,0,Active Urban Shops
1881011,533,232704,760.4705882352941,762.0,795,18.792764154612343,215082,0.9376949300065278,0.9243114778453125,5825826.0,0.0,0.0,0.9376949300065278,811.0,0.02471201969588566,0.9242728960396039,14310,13688.470588235294,348.1102766450343,1.0454053217821782,18.6721,78.086942,Nizamabad,Active,3.878289659763043,-0.09943632812730963,0.19912659121388807,0,0,Active Urban Shops
4317085,940,85878,280.6470588235294,324.0,408,96.96093319008237,79362,0.6698020496981608,0.9297013821128365,1798668.0,0.0,0.0,0.6698020496981608,419.0,0.3454906443578706,0.9241249214001258,7344,5051.64705882353,1796.068795354749,1.4537832739467615,17.994644,79.598963,Warangal,Active,1.175664064109543,4.569730321910618,1.4540323490195894,4,0,Volatile Portability Hubs
3727034,934,152370,497.94117647058823,496.0,666,86.77872635686441,140796,1.3369566118509248,0.9240758038811233,3499596.0,0.0,0.0,1.3369566118509248,372.44444444444446,0.17427505588502007,0.9240401653868872,11988,8962.941176470587,1607.457327216971,1.3375073833431779,17.68082,77.607467,Sangareddy,Active,2.5411157749447466,2.133455590049915,2.4399470051657643,0,0,Active Urban Shops
1673394,536,349002,1140.5294117647059,1197.0,1394,204.7842546080886,322380,0.9112958875740237,0.9181794939965296,8561556.0,1611684.0,5.3101452256573785,0.9112958875740237,1251.611111111111,0.17955192781151716,0.9237196348444995,25092,20529.529411764706,3793.348489752277,1.2222394141007789,17.333303,78.459469,Hyderabad,Active,10.47392288840164,1.8061187494121511,-0.5779190085588658,3,-1,High-Volume Urban Hubs
2241033,541,58950,192.64705882352942,192.0,210,5.343874186497904,54450,0.9173669467787116,0.9237099240779136,1100394.0,0.0,0.0,0.9173669467787116,210.0,0.02773919425052347,0.9236641221374046,3780,3467.6470588235293,98.98796718318269,1.0900763358778627,17.185086,80.088435,Khammam,Active,-0.7471547339922439,1.3075933304981269,1.5896141729386686,0,0,Active Urban Shops
1673407,536,409266,1337.4705882352941,1293.0,1587,90.48923919892559,378000,1.0689332228646462,0.9235722778813343,10535688.0,1678752.0,6.30784235048484,1.0689332228646462,1251.2222222222222,0.06765699372748098,0.9236046971896028,28566,24074.470588235294,1676.1895073964286,1.1865681488322999,17.330591,78.457478,Hyderabad,Active,10.829964217138736,-0.310556227199435,-0.8312743467502022,3,0,High-Volume Urban Hubs
3727042,934,157446,514.5294117647059,509.0,634,34.570158423463084,145386,1.5979174278407016,0.9235515329951203,3967704.0,0.0,0.0,1.5979174278407016,322.0,0.06718791507932691,0.9234023093632102,11412,9261.529411764706,640.3649464999487,1.2321938950497313,17.681487,77.603673,Sangareddy,Active,2.1720800841450516,0.5841567710168657,2.7980814816610335,0,0,Active Urban Shops
3384043,930,124668,407.4117647058824,417.0,463,38.82073628946176,115110,0.839641338874341,0.9230832545615993,2683998.0,324000.0,6.447156862745098,0.839641338874341,485.22222222222223,0.09528624269720617,0.9233323707767831,8334,7333.411764705882,719.1010932775315,1.1364423909904708,17.462105,78.442479,Medchal,Active,1.667970069470526,1.6378777889428577,0.9463177279045006,0,0,Active Urban Shops
1677761,536,215226,703.3529411764706,740.0,897,140.58782777747857,198648,0.7012880741231616,0.9269639589447038,4951494.0,896004.0,5.506607599649936,0.7012880741231616,1002.9444444444445,0.19988233438296693,0.9229739901313039,16146,12660.35294117647,2604.1974037401733,1.2753198962950574,17.445012,78.422205,Hyderabad,Active,5.882169827360124,2.7078915114732336,-0.05470631907365018,3,0,High-Volume Urban Hubs
3722027,934,77616,253.64705882352942,242.0,369,41.83378046558104,71622,1.203390845543062,0.9230774178457156,1593612.0,0.0,0.0,1.203390845543062,210.77777777777777,0.1649290973828566,0.9227736549165121,6642,4565.64705882353,774.9136194744927,1.4547773654916512,17.494716,78.304643,Sangareddy,Active,0.27888040150752946,2.700434563574184,2.653875558200285,0,0,Active Urban Shops
3201020,929,81342,265.8235294117647,257.0,406,49.62880148013719,75060,0.5784431150829707,0.9265278678103354,1545786.0,0.0,0.0,0.5784431150829707,459.55555555555554,0.1866983016513238,0.9227705244523124,7308,4784.823529411765,919.3057322848391,1.527329055100686,19.077726,79.489667,Manchiryala,Active,0.5553762797228927,3.6184834095752167,0.9713914665618507,0,0,Active Urban Shops
1599015,537,494676,1616.5882352941176,1620.0,2045,186.71161349856166,455994,1.5242044461310604,0.9213157680695996,10793592.0,0.0,0.0,1.5242044461310604,1062.7222222222222,0.11549732295595475,0.9218033622007132,36810,29098.58823529412,3458.5775085073547,1.2650098246124735,0.0,0.0,Ranga Reddy,Active,11.531141919693338,-0.23823344069339936,0.5216594533212888,3,-1,High-Volume Urban Hubs
1585704,537,476298,1556.5294117647059,1543.0,1713,48.42246583648596,438966,1.8722074052741602,0.9215472062528036,9829080.0,654084.0,50.79962368933497,1.8722074052741602,831.3888888888889,0.0311092520774068,0.9216204980915309,30834,28017.529411764706,896.9600128801088,1.1005253013869467,17.332973,78.598609,Ranga Reddy,Active,10.091802565387795,-2.076262668934061,1.3041062024566774,3,-1,High-Volume Urban Hubs
2084135,534,267462,874.0588235294117,848.0,1013,69.23244149007708,246420,1.383758072449386,0.9211177938308225,5298930.0,0.0,0.0,1.383758072449386,631.7777777777778,0.07920798878331721,0.9213271417995827,18234,15733.058823529413,1282.4363761308114,1.1589608991183793,18.439052,79.121435,Karimnagar,Active,4.812870733605741,0.28881574494426626,1.5471651092039909,0,0,Active Urban Shops
1673393,536,462024,1509.8823529411766,1416.0,2189,298.6818020915822,425592,1.2009202125412508,0.9214738380824654,11546370.0,2027106.0,5.6821858020876785,1.2009202125412508,1258.0555555555557,0.19781793032401812,0.921146953405018,39402,27177.882352941175,5532.672250847154,1.44978182951535,17.333317,78.459426,Hyderabad,Active,14.538926472623295,2.073791547582778,-0.3250671924341042,3,-1,High-Volume Urban Hubs
2084171,534,174366,569.8235294117648,569.0,714,95.94234044702704,160596,1.3906822398458336,0.9213361492659078,3425652.0,0.0,0.0,1.3906822398458336,409.77777777777777,0.16837202308242588,0.9210281820997213,12852,10256.823529411764,1777.200756642807,1.2530195106844224,18.452162,79.107195,Karimnagar,Active,2.9774159650896688,1.8239356383449123,2.422341737689494,0,0,Active Urban Shops
3384091,930,139158,454.7647058823529,482.0,607,109.30659330710579,128160,0.5328598815507188,0.9225672573096514,2802366.0,504108.0,5.565294513257228,0.5328598815507188,853.4444444444445,0.24035856761360735,0.9209675333074635,10926,8185.764705882353,2024.755279330436,1.3347561764325442,17.485483,78.423877,Medchal,Active,3.2884987935419154,3.544280734064359,0.19660502905617402,0,0,Active Urban Shops
1481062,538,201348,658.0,659.0,854,102.80167122453501,185400,0.6630193381320073,0.9206019224636177,4479426.0,0.0,0.0,0.6630193381320073,992.9444444444445,0.15623354289443012,0.9207938494546755,15372,11844.0,1904.2604863830995,1.297872340425532,16.731654,77.984626,Mahbubnagar,Active,4.220611172061432,2.2745271140729577,-0.024336800783883516,0,0,Active Urban Shops
1581065,537,107496,351.29411764705884,298.0,753,167.54825612109164,98946,0.43174219861869095,0.939380348093366,2450664.0,322380.0,6.39672893961631,0.43174219861869095,813.6666666666666,0.4769458061049159,0.9204621567314133,13554,6323.294117647059,3103.602498804935,2.1435030140656397,17.496813,78.318259,Ranga Reddy,Active,3.3691548690511532,7.358666081274912,1.0396039425200032,4,-1,Volatile Portability Hubs
3722021,934,136206,445.11764705882354,445.0,457,6.58058861931542,125370,1.8702422145328719,0.9205566968486254,2918898.0,0.0,0.0,1.8702422145328719,238.0,0.01478393108607931,0.9204440333024977,8226,8012.117647058823,121.8964121462057,1.0266948592573015,17.499359,78.314947,Sangareddy,Active,1.1969946825100692,-0.4395571306396015,3.4751302485238225,0,0,Active Urban Shops
1423007,538,101106,330.4117647058824,332.0,395,32.36219802698663,93060,0.7315409605336727,0.9185985610702472,2145006.0,0.0,0.0,0.7315409605336727,451.6666666666667,0.09794505366899994,0.9204201531066406,7110,5947.411764705882,599.4654972164296,1.1954780131742924,16.754292,78.144613,Mahbubnagar,Active,0.7058698146987435,1.9647633384129504,0.8995286651492234,0,0,Active Urban Shops
1672214,536,424224,1386.3529411764705,1524.0,1714,352.2371122139595,390240,1.1500788216070807,0.922071998295447,10577718.0,1639440.0,6.493460813032833,1.1500788216070807,1205.4444444444443,0.25407463117945145,0.9198913781398507,30852,24954.352941176472,6524.711190362916,1.2363374066530888,17.338769,78.480434,Hyderabad,Active,13.569787111237007,2.578847262947569,-0.11069989631562004,3,-1,High-Volume Urban Hubs
1672225,536,236862,774.0588235294117,913.0,1147,343.2672759788729,217854,0.6436512908504128,0.9182635968659217,6321618.0,1100898.0,5.667016656981486,0.6436512908504128,1202.611111111111,0.44346406958285883,0.9197507409377612,20646,13933.058823529413,6358.557230915163,1.4817995288395773,17.355154,78.483094,Hyderabad,Active,9.08259521936962,5.7758947785484,0.09230774398779422,3,-1,High-Volume Urban Hubs
1679997,536,242514,792.5294117647059,834.0,930,141.6801319446364,222984,0.9118852830080757,0.918644141979029,5401170.0,750492.0,8.391318957128346,0.9118852830080757,869.1111111111111,0.17876955711859413,0.9194685667631559,16740,14265.529411764706,2624.4308458608475,1.173458027165442,17.445024,78.516543,Hyderabad,Active,6.078707906621147,2.0203100652222377,0.3840976706364673,3,0,High-Volume Urban Hubs
1585656,537,435024,1421.6470588235295,1431.0,1621,113.67076245553562,399780,1.3757877625126982,0.9188464030848171,9184302.0,1117206.0,8.383999975344869,1.3757877625126982,1033.3333333333333,0.0799570904395939,0.9189837802052301,29178,25589.647058823528,2105.5955493985684,1.1402267461105595,17.329777,78.538307,Ranga Reddy,Active,10.43088887404987,-0.5149508830854497,0.18565866546596138,3,0,High-Volume Urban Hubs
1673317,536,228402,746.4117647058823,749.0,888,78.145935729083,209880,0.9165334232863072,0.9183834880863524,5342796.0,878922.0,6.154263006808092,0.9165334232863072,814.3888888888889,0.10469547697962102,0.918906139175664,15984,13435.411764705883,1447.5466770895305,1.1896918590905508,17.36936,78.449103,Hyderabad,Active,5.29636482355107,1.263787983567058,0.3049231751584798,3,0,High-Volume Urban Hubs
1673432,536,299178,977.7058823529412,979.0,1181,131.3828035933113,274878,0.7903847068334205,0.9185071801510895,7230564.0,1381320.0,5.236609929286208,0.7903847068334205,1237.0,0.1343786571858668,0.9187774502135853,21258,17598.70588235294,2433.6869089076013,1.207929727453222,17.325661,78.462656,Hyderabad,Active,8.341601992587345,1.4407466553224797,-0.6982099042238837,3,0,High-Volume Urban Hubs
2511004,922,132282,432.29411764705884,444.0,461,23.102304860654975,121428,0.9740022526379368,0.9179144385127184,2447118.0,0.0,0.0,0.9740022526379368,443.8333333333333,0.05344117330672671,0.9179480201387944,8298,7781.294117647059,427.93862946482795,1.0664035923254864,18.726295,79.985799,Jayashankar Bhupalpalli,Active,1.1917678734507895,0.9368381710462341,1.2199515862127839,0,0,Active Urban Shops
2236044,541,211140,690.0,666.0,874,71.70266474230606,193662,0.9702384506271118,0.9144469527475857,3944394.0,0.0,0.0,0.9702384506271118,711.1666666666666,0.10391690542363197,0.9172208013640238,15732,12420.0,1328.1938864488118,1.2666666666666666,17.253116,80.185021,Khammam,Active,3.6859877332686684,1.4429530002999764,0.8316750389094028,0,0,Active Urban Shops
1675519,536,453276,1481.2941176470588,1472.0,1700,95.81894691675184,415728,1.076004826399429,0.9171117832699515,11564874.0,1987776.0,5.8464423960207945,1.076004826399429,1376.6666666666667,0.06468597004148921,0.9171630529743467,30600,26663.29411764706,1774.9150601051977,1.1476451433563657,17.385311,78.444193,Hyderabad,Active,12.244216148723863,-0.6944778395594255,-1.2227485405702667,3,0,High-Volume Urban Hubs
3384016,930,301698,985.9411764705883,997.0,1125,66.78443278844013,276606,1.3904430744819298,0.9166114476197718,6095304.0,503352.0,19.7730821385467,1.3904430744819298,709.1666666666666,0.06773673154367174,0.916830738022791,20250,17746.941176470587,1237.090360007517,1.1410417039556113,17.45745,78.45334,Medchal,Active,6.178408150197954,-0.04702163244505553,1.1969485331564078,3,0,High-Volume Urban Hubs
1981040,532,203976,666.5882352941177,688.0,751,63.36224551118653,187002,0.809516067235896,0.9166376624967962,4670460.0,0.0,0.0,0.809516067235896,823.4444444444445,0.09505455115515098,0.9167843275679491,13518,11998.588235294117,1173.69901693447,1.1266325450052947,19.67949,78.520365,Adilabad,Active,3.6391980317046575,1.1350321674896076,0.22879222772351418,0,0,Active Urban Shops
4018061,937,107154,350.1764705882353,319.0,606,122.12265361724987,98208,0.6457525092446806,0.9210920157629691,2070234.0,0.0,0.0,0.6457525092446806,542.2777777777778,0.3487460291438346,0.9165126826810012,10908,6303.176470588235,2262.1552841066778,1.730556022173694,17.129248,79.615639,Suryapet,Active,2.0094226943390243,5.243937033499793,1.3785117863557543,4,0,Volatile Portability Hubs
3302065,930,322452,1053.764705882353,1055.0,1186,89.38249102067331,295506,0.9659047613775078,0.9164521883230592,6695316.0,765234.0,13.080976630820155,0.9659047613775078,1091.0,0.08482205801894867,0.9164340739086748,21348,18967.764705882353,1655.6885097072075,1.125488444791783,17.42486,78.547283,Medchal,Active,7.398201253467118,0.4107154737718057,-0.2653303020612427,3,0,High-Volume Urban Hubs
3384207,930,120528,393.88235294117646,376.0,516,44.32294912015451,110448,0.4575089833233721,0.9163301114744797,2419542.0,426618.0,5.670874510374105,0.4575089833233721,861.0,0.11252839531699921,0.9163679808841099,9288,7089.882352941177,821.0220674830352,1.3100358422939067,17.493682,78.450426,Medchal,Active,2.104864891234488,2.4789506012444935,-0.17061369413805713,0,0,Active Urban Shops
1585764,537,520056,1699.5294117647059,1668.0,2059,193.0924201999374,476514,1.2910544659107812,0.9162768875938511,10759788.0,1151802.0,10.519436165813628,1.2910544659107812,1316.388888888889,0.11361522717011407,0.9162744012183304,37062,30591.529411764706,3576.773233615165,1.2115118371867646,17.328155,78.588377,Ranga Reddy,Active,13.28693217184368,-0.09392307263207934,-0.5163938164326246,3,-1,High-Volume Urban Hubs
2111040,540,157968,516.2352941176471,537.0,554,43.08143485226091,144630,0.9234068809325946,0.9156756295734079,3166866.0,0.0,0.0,0.9234068809325946,559.0555555555555,0.08345309850597488,0.9155651777575206,9972,9292.235294117647,798.0247121339482,1.0731540565177757,18.008039,79.572398,Hanumakonda,Active,2.0719822091631603,1.104072035908686,0.9282047283176909,0,0,Active Urban Shops
3302129,930,185760,607.0588235294117,595.0,771,80.5347077439178,170028,0.6451209601800337,0.9153562309890879,3978000.0,447210.0,14.250236955855518,0.6451209601800337,941.0,0.13266376275645375,0.9153100775193799,13878,10927.058823529413,1491.795414533618,1.2700581395348836,17.508346,78.503401,Medchal,Active,4.01739129461648,2.124105394442383,-0.07549754466623808,0,0,Active Urban Shops
1673390,536,427266,1396.2941176470588,1332.0,2072,267.98874168554624,391068,1.116567851094281,0.9155740405564855,11005326.0,1893006.0,5.806681571820398,1.116567851094281,1250.5555555555557,0.19192857600599428,0.9152799427054809,37296,25133.29411764706,4964.125247270483,1.4839280448245356,17.33801,78.464204,Hyderabad,Active,13.452108727223964,2.128827068391109,-0.3946918042679333,3,-1,High-Volume Urban Hubs
1673305,536,188460,615.8823529411765,624.0,725,76.88884386249464,172476,0.7973204958880058,0.9157556345464178,4129992.0,501156.0,8.438928841356711,0.7973204958880058,772.4444444444445,0.12484339500118519,0.9151862464183381,13050,11085.882352941177,1424.2607680105905,1.1771728748806112,17.365286,78.457728,Hyderabad,Active,3.891284250639676,1.7222859964366786,0.34845416224705217,0,0,Active Urban Shops
1675612,536,516600,1688.235294117647,1672.0,1946,137.56633045491623,472644,1.5806855648926068,0.9149122837762858,11730348.0,1444914.0,8.141466035582122,1.5806855648926068,1068.0555555555557,0.08148528284785979,0.9149128919860627,35028,30388.235294117647,2548.2282945561346,1.1526829268292682,17.406484,78.401872,Hyderabad,Active,12.915263581389013,-1.0778726989433174,0.18309246659486622,3,-1,High-Volume Urban Hubs
3404011,931,51390,167.94117647058823,169.0,208,17.343675672258563,46980,0.34803270318799373,0.9152073644310504,1165086.0,0.0,0.0,0.34803270318799373,482.6111111111111,0.10327232449330843,0.9141856392294221,3744,3022.9411764705883,321.26789261227054,1.2385288966725043,16.508434,78.162251,Nagarkarnool,Active,-0.5363433658586794,2.6804812942639558,0.1844452928899253,0,0,Active Urban Shops
2084176,534,190044,621.0588235294117,613.0,742,79.93819213138572,173718,1.5132919558785172,0.9140686519125372,3683556.0,0.0,0.0,1.5132919558785172,410.44444444444446,0.12871275489993914,0.914093578329229,13356,11179.058823529413,1480.7457779185222,1.1947338511081644,18.451137,79.112207,Karimnagar,Active,3.107836530441764,1.1218790740739066,2.535350813506485,0,0,Active Urban Shops
3302122,930,186570,609.7058823529412,629.0,705,64.78594082992772,170478,0.6899782431025798,0.9142176376270723,3862206.0,454770.0,11.292697003248277,0.6899782431025798,883.6666666666666,0.10625769359467162,0.9137481910274964,12690,10974.70588235294,1200.0710273097322,1.1562952243125906,17.508322,78.503426,Medchal,Active,3.750732611845382,1.5793896285675861,-0.036768962052931724,0,0,Active Urban Shops
2084101,534,159948,522.7058823529412,524.0,643,49.64132101555836,146142,0.8887501930905897,0.9131242210107832,3289122.0,0.0,0.0,0.8887501930905897,588.2222222222222,0.09496989165704389,0.9136844474454198,11574,9408.70588235294,919.5376395712333,1.2301372946207518,18.430131,79.143903,Karimnagar,Active,2.3025826010079755,1.5541710330921148,0.901230730727029,0,0,Active Urban Shops
2084128,534,74952,244.94117647058823,224.0,684,119.62045086920699,68454,0.3560826689149709,0.9067717691084961,1551456.0,0.0,0.0,0.3560826689149709,687.8888888888889,0.48836399250156554,0.9133045148895294,12312,4408.941176470588,2215.805397327015,2.792507204610951,18.442117,79.136763,Karimnagar,Active,1.9031441043044417,8.705365347365351,1.4682209545790652,4,-1,Volatile Portability Hubs
2084172,534,172116,562.4705882352941,580.0,627,58.269589270486705,157140,1.3732135499573976,0.9126501958926678,3366954.0,0.0,0.0,1.3732135499573976,409.6666666666667,0.10359579769904559,0.9129889144530433,11286,10124.470588235294,1079.3645189211481,1.1147249529387158,18.440414,79.106896,Karimnagar,Active,2.4669248621691144,0.896005848321648,2.16529257346231,0,0,Active Urban Shops
3302139,930,191484,625.7647058823529,617.0,765,39.08960110023515,174798,0.8933151727809112,0.9129356225110162,4159008.0,393408.0,10.190276755496809,0.8933151727809112,700.5,0.062466931632261476,0.9128595600676819,13770,11263.764705882353,724.0814465075531,1.2225042301184432,17.523592,78.507854,Medchal,Active,3.4500370678607064,1.0677210387873135,0.521529481346376,0,0,Active Urban Shops
1671144,536,259020,846.4705882352941,872.0,937,85.0564371036525,236430,1.5552248145767111,0.9124451203232334,5753988.0,628668.0,9.159701726195513,1.5552248145767111,544.2777777777778,0.10048362965685145,0.9127866574009729,16866,15236.470588235294,1575.554272218473,1.1069492703266157,17.352154,78.521589,Hyderabad,Active,5.489383607819061,0.30270191264395296,1.9575070303689455,3,0,High-Volume Urban Hubs
1672317,536,305424,998.1176470588235,1001.0,1135,91.62009523840688,278766,0.9208199707872913,0.913067280172047,7734888.0,1306620.0,5.910547778769751,0.9208199707872913,1083.9444444444443,0.09179288183951655,0.9127180575200378,20430,17966.117647058825,1697.1370702727925,1.137140499764262,17.315288,78.468894,Hyderabad,Active,7.860994875491741,0.5793635078877696,-0.44054905360061036,3,0,High-Volume Urban Hubs
1671177,536,235224,768.7058823529412,768.0,862,51.72447590751817,214668,0.7363083164300203,0.9127056734220041,5976540.0,1103058.0,5.418706201997818,0.7363083164300203,1044.0,0.06728773266206067,0.9126109580655035,15516,13836.70588235294,958.1252374237073,1.1213651668197124,17.361699,78.490124,Hyderabad,Active,5.659812414265591,0.763654380400907,-0.5495028233979983,3,0,High-Volume Urban Hubs
1676688,536,306198,1000.6470588235294,1015.0,1118,79.21023866492212,279414,1.2358162233308088,0.9125336709885047,6672924.0,1175076.0,5.737452081489434,1.2358162233308088,809.7222222222222,0.0791590181237832,0.9125271882899301,20124,18011.647058823528,1467.2614346622277,1.1172770560225738,17.40946,78.50723,Hyderabad,Active,7.179938847804192,0.18758618803996516,0.6003072789863277,3,0,High-Volume Urban Hubs
3302055,930,181080,591.7647058823529,589.0,730,41.831788791776226,165150,0.9929305276482153,0.9117753886262836,3851514.0,266400.0,13.197941130848134,0.9929305276482153,596.0,0.0706899015367988,0.9120278330019881,13140,10651.764705882353,774.8767264387739,1.2335984095427435,17.391574,78.536927,Medchal,Active,3.0299192753580892,1.1412642853177624,0.9487030632768236,0,0,Active Urban Shops
3302168,930,134820,440.5882352941176,440.0,487,19.52871930084867,122958,0.5920563623529186,0.9119281519348413,2706480.0,407934.0,9.495251448969043,0.5920563623529186,744.1666666666666,0.04432419600993691,0.9120160213618158,8766,7930.588235294118,361.742840085248,1.1053404539385847,17.470553,78.541722,Medchal,Active,1.9290013349274326,1.266089029696381,-0.060499789989734216,0,0,Active Urban Shops
1585708,537,370998,1212.4117647058824,1226.0,1382,85.67238623253844,338328,1.3382057231308504,0.9121039523804539,8091756.0,855036.0,10.209414804031343,1.3382057231308504,906.0,0.07066278035772905,0.9119402260928631,24876,21823.41176470588,1586.9638881691483,1.1398767648343118,17.35833,78.547331,Ranga Reddy,Active,8.445900715835588,-0.3598201266396753,0.4855399904421435,3,0,High-Volume Urban Hubs
3302007,930,356832,1166.1176470588234,1136.0,1440,100.16373095604855,325278,1.1668404306861386,0.9111441855572489,7635798.0,435834.0,10.630832007008932,1.1668404306861386,1000.0,0.08589504773268894,0.9115718321226796,25920,20990.117647058825,1855.396247515369,1.234866828087167,17.404763,78.561712,Medchal,Active,7.959272315162401,0.24852511232025737,0.2080279229959709,3,0,High-Volume Urban Hubs
1671206,536,261126,853.3529411764706,864.0,963,52.254794504410484,237870,1.2358587410830475,0.9109424318136478,5920506.0,747666.0,7.940648244635182,1.2358587410830475,690.5,0.06123468026297499,0.9109395464258634,17334,15360.35294117647,967.9486647787985,1.1284896946301786,17.373512,78.522314,Hyderabad,Active,5.46433215122467,0.16243667327208497,0.9184972414913227,3,0,High-Volume Urban Hubs
2706007,924,173556,567.1764705882352,573.0,584,20.180210285686837,158022,0.9672943026861547,0.9105901867772418,3412368.0,0.0,0.0,0.9672943026861547,586.8333333333334,0.03558012599633647,0.9104957477701722,10512,10209.176470588236,373.8108203513707,1.0296618958722257,18.789728,78.916215,Jagityal,Active,2.145941769330181,0.42062946713964816,0.817663931787946,0,0,Active Urban Shops
3201038,929,91836,300.11764705882354,299.0,358,41.576150347575485,83610,0.83071569855533,0.9105313207692918,1776096.0,0.0,0.0,0.83071569855533,361.27777777777777,0.13853284122085127,0.9104272834182674,6444,5402.117647058823,770.1413735763826,1.1928655429243433,19.074367,79.487396,Manchiryala,Active,0.46979380978378227,2.2400493898639278,1.3427416850443228,0,0,Active Urban Shops
3610006,933,89388,292.11764705882354,268.0,399,48.81063323773279,81378,1.110014042951569,0.9104019816319695,1756386.0,0.0,0.0,1.110014042951569,263.1666666666667,0.16709238120045455,0.9103906564639549,7182,5258.117647058823,904.1502835779667,1.3658880386629078,18.612831,79.372428,Peddapalli,Active,0.527012298289651,2.5760130677444684,2.2770270272405146,0,0,Active Urban Shops
2706024,924,152370,497.94117647058823,499.0,523,20.743313453679672,138654,1.0627649716285057,0.9098479109727939,3042090.0,0.0,0.0,1.0627649716285057,468.6111111111111,0.04165816050945711,0.9099822799763733,9414,8962.941176470587,384.2415370877141,1.0503248670998229,18.796994,78.915458,Jagityal,Active,1.627126221054848,0.5650589194558705,1.2724507597889694,0,0,Active Urban Shops
1673346,536,120762,394.6470588235294,389.0,502,47.35128167818709,109890,0.4475642457271644,0.9114175205473409,2930472.0,587646.0,5.006057070981385,0.4475642457271644,881.7777777777778,0.11998387070042936,0.90997167983306,9036,7103.64705882353,877.1177900641728,1.272022656133552,17.361618,78.467457,Hyderabad,Active,2.4004323916284185,2.4251677407892513,-0.28389526494852657,0,0,Active Urban Shops
1585709,537,349326,1141.5882352941176,1136.0,1307,73.3947359895379,317520,1.3076612088134223,0.9088016446659904,7172388.0,509778.0,17.153067442530677,1.3076612088134223,873.0,0.06429177677240916,0.9089503787293245,23526,20548.58823529412,1359.5371941778353,1.1448961714845158,17.333448,78.549051,Ranga Reddy,Active,7.376047338984832,-0.28919374255125785,0.6074365465195761,3,0,High-Volume Urban Hubs
1673403,536,199224,651.0588235294117,638.0,894,101.75407417108487,181062,0.5408876709038821,0.9091751726651517,4939920.0,891036.0,5.55761133513786,0.5408876709038821,1203.888888888889,0.156290139221941,0.9088362847849657,16092,11719.058823529413,1884.8551824539545,1.3731478135164437,17.359542,78.446725,Hyderabad,Active,5.4349958699068255,2.5380218904765606,-0.6312664055046481,3,0,High-Volume Urban Hubs
3723038,934,202428,661.5294117647059,669.0,732,44.2673041202992,183942,1.4048530821583125,0.9087338985831851,4481964.0,0.0,0.0,1.4048530821583125,470.8888888888889,0.06691660768674075,0.9086786412946826,13176,11907.529411764706,819.9913198966696,1.1065267650720256,17.620717,77.952797,Sangareddy,Active,3.106397095034914,0.2766934559874295,1.9281110718342511,0,0,Active Urban Shops
1890004,533,197334,644.8823529411765,641.0,767,32.974295240029996,179280,1.0432179893408602,0.9083951723205125,3988998.0,0.0,0.0,1.0432179893408602,618.1666666666666,0.05113226480712487,0.9085104442214722,13806,11607.882352941177,610.8037616895608,1.1893642251208612,18.684651,78.114845,Nizamabad,Active,2.9504046208711934,0.6793416547631124,0.9586447430184535,0,0,Active Urban Shops
1673353,536,189936,620.7058823529412,635.0,710,53.05152241791225,172512,1.155050575018776,0.9080217679334257,4508010.0,825192.0,5.496235996526999,1.155050575018776,537.3888888888889,0.08546966272787228,0.9082638362395754,12780,11172.70588235294,982.7069606898262,1.1438589840788478,17.362697,78.464793,Hyderabad,Active,3.887940108074313,0.9181881160535635,1.231084181703717,0,0,Active Urban Shops
2084113,534,265068,866.2352941176471,873.0,1058,107.06840250893289,240714,1.0614225798047756,0.9072472028092651,5390172.0,0.0,0.0,1.0614225798047756,816.3333333333334,0.12360198578377422,0.9081216895287247,19044,15592.235294117647,1983.2958531637357,1.2213771560505229,18.431669,79.139202,Karimnagar,Active,5.3176604274323855,1.1952231420073753,0.7035038461413862,3,0,High-Volume Urban Hubs
1675563,536,159444,521.0588235294117,520.0,605,50.6961679664275,144720,0.4349988652683432,0.9080141680592848,4024782.0,725760.0,5.537888654073203,0.4349988652683432,1197.888888888889,0.09729451969172134,0.907654097990517,10890,9379.058823529413,939.0772379434661,1.161097313163242,17.384769,78.44948,Hyderabad,Active,3.7424859940793294,1.738096048254491,-0.8981537390174232,0,0,Active Urban Shops
2084138,534,146736,479.52941176470586,464.0,622,67.5817473489315,133164,1.07309269533689,0.9065415533418901,2941218.0,0.0,0.0,1.07309269533689,446.8888888888889,0.14093347705248227,0.9075073601570167,11196,8631.529411764706,1251.8595227524065,1.2971050049067714,18.447308,79.134004,Karimnagar,Active,2.076929373531775,2.0243574461839344,1.6706851421901698,0,0,Active Urban Shops
1881041,533,185346,605.7058823529412,596.0,740,36.35848512650544,168174,1.0682643427741467,0.907197796715308,3979314.0,0.0,0.0,1.0682643427741467,567.0,0.060026633694337424,0.9073516558220841,13320,10902.70588235294,673.4912550198666,1.2217150626396038,18.667351,78.099478,Nizamabad,Active,2.7381801145172147,0.8682258195437954,1.1411743299815054,0,0,Active Urban Shops
1585681,537,314550,1027.9411764705883,1048.0,1099,55.020381951480445,285372,1.1522587994440874,0.9073368524831291,6525360.0,791370.0,8.40457730498943,1.1522587994440874,892.1111111111111,0.05352483508870773,0.9072389127324749,19782,18502.941176470587,1019.1773932066626,1.0691273247496424,17.357756,78.553055,Ranga Reddy,Active,6.686337892690904,-0.25186384708375137,0.2670140225062719,3,0,High-Volume Urban Hubs
1672319,536,308754,1009.0,989.0,1111,57.22604015770401,280098,0.8409502131405802,0.9072078573393801,7697448.0,1421262.0,5.41781212127268,0.8409502131405802,1199.8333333333333,0.056715599759865225,0.9071882469538857,19998,18162.0,1060.03419756157,1.1010901883052526,17.322206,78.491809,Hyderabad,Active,7.750887201632713,0.09846288643048147,-0.864732975306919,3,0,High-Volume Urban Hubs
1679952,536,148518,485.3529411764706,475.0,588,46.449051318302516,134712,0.40438613300617404,0.9068812584106511,3410478.0,189000.0,21.92829232724307,0.40438613300617404,1200.2222222222222,0.09570159646238549,0.9070415707187007,10584,8736.35294117647,860.4052054974208,1.2114895164222519,17.437684,78.533806,Hyderabad,Active,2.8886368385124883,1.8891152820900396,-0.8002741301411744,0,0,Active Urban Shops
1585719,537,264672,864.9411764705883,885.0,972,75.93700886479985,239940,1.0897293060129938,0.9060339358171459,5830218.0,658692.0,9.029995819092345,1.0897293060129938,793.7222222222222,0.0877944199334601,0.9065560391730142,17496,15568.941176470587,1406.6293253105202,1.1237758433079434,17.346269,78.515418,Ranga Reddy,Active,5.696845438786682,0.5764824077091267,0.536835160904167,3,0,High-Volume Urban Hubs
1585707,537,245790,803.2352941176471,852.0,988,130.4721697455435,222804,1.266710955062701,0.9053555735149312,5180346.0,492498.0,9.640222169021879,1.266710955062701,634.1111111111111,0.16243331275534525,0.9064811424386672,17784,14458.235294117647,2416.8186612107393,1.230025631636763,17.355373,78.532395,Ranga Reddy,Active,5.583298768101587,1.5904912567511924,1.4498469635225155,3,0,High-Volume Urban Hubs
1807023,533,97290,317.94117647058823,320.0,338,16.167255023807247,88182,0.8710717163577759,0.9063063600019582,1851264.0,0.0,0.0,0.8710717163577759,365.0,0.05084983078718283,0.9063829787234042,6084,5722.941176470588,299.4763076163613,1.0630897317298797,18.835905,78.507407,Nizamabad,Active,0.2653509626998132,1.1913419388055244,1.1706781223351888,0,0,Active Urban Shops
1890034,533,238176,778.3529411764706,777.0,810,13.127106526091248,215802,0.9412397727452563,0.905879424727374,5272866.0,0.0,0.0,0.9412397727452563,826.9444444444445,0.016865236619071283,0.9060610640870617,14580,14010.35294117647,243.16171089844488,1.040659008464329,18.685187,78.105947,Nizamabad,Active,3.7727376642252115,-0.2198241558876992,0.16398482062282851,0,0,Active Urban Shops
3384081,930,58356,190.7058823529412,153.0,462,96.19146769380195,52866,0.20504926067837595,0.8935732489550368,1275552.0,32778.0,20.920906239861576,0.20504926067837595,930.0555555555555,0.5043969619971108,0.9059222702035781,8316,3432.705882352941,1781.815498470096,2.4225786551511415,17.467166,78.455385,Medchal,Active,1.4185318981059247,8.045960938954469,0.800109914964256,4,-1,Volatile Portability Hubs
1599024,537,361332,1180.8235294117646,1229.0,1746,308.27548075498237,327276,1.0366825019427324,0.9056833040340823,8961768.0,0.0,0.0,1.0366825019427324,1160.6666666666667,0.2610682062785046,0.9057487297001096,31428,21254.823529411766,5710.382038831707,1.4786290724320015,0.0,0.0,Ranga Reddy,Active,10.221359876804977,3.1276828215975576,0.25511946519316375,3,-1,High-Volume Urban Hubs
2706039,924,93726,306.29411764705884,272.0,582,92.38273079364465,84870,0.5840353015325764,0.9040112501169065,1980396.0,0.0,0.0,0.5840353015325764,524.5,0.301614446608788,0.905511811023622,10476,5513.294117647059,1711.2638518323924,1.9001344344152105,18.795562,78.910937,Jagityal,Active,1.4759174066799479,5.227960656438365,1.2581877278928606,4,0,Volatile Portability Hubs
3213001,929,55008,179.76470588235293,159.0,451,114.00441548572181,49806,0.4094350986753506,0.9190701505978396,1154520.0,0.0,0.0,0.4094350986753506,439.05555555555554,0.6341868662491069,0.9054319371727748,8118,3235.764705882353,2111.776015863536,2.508835078534031,18.946527,79.467929,Manchiryala,Active,1.0065840501678163,9.069138187806962,2.0215743089132965,4,-1,Volatile Portability Hubs
1676704,536,191196,624.8235294117648,647.0,861,115.96438784312308,173034,0.5926639997167406,0.9094854493416427,4364622.0,724320.0,6.227875783486262,0.5926639997167406,1054.4444444444443,0.18559542396282172,0.9050084729806063,15498,11246.823529411764,2148.0818255857403,1.377989079269441,17.387743,78.526645,Hyderabad,Active,5.01724860972007,2.860407020292498,-0.24056954647233209,3,0,High-Volume Urban Hubs
2084170,534,124110,405.5882352941176,391.0,634,62.79057352368248,112320,0.9995386355548797,0.9044819690895468,2556558.0,0.0,0.0,0.9995386355548797,405.77777777777777,0.15481359679515624,0.9050036258158085,11412,7300.588235294118,1163.109574525522,1.5631617113850615,18.431728,79.108926,Karimnagar,Active,1.6646412618380642,2.8428109274661413,1.7705589262798296,0,0,Active Urban Shops
1671193,536,323658,1057.7058823529412,1055.0,1155,72.50459633619525,292698,1.1663019677436384,0.9043140461775261,7328484.0,964314.0,7.6099843464840395,1.1663019677436384,906.8888888888889,0.06854892040016235,0.9043434736666481,20790,19038.70588235294,1343.0485734284653,1.091985985206607,17.355256,78.515124,Hyderabad,Active,7.333996515538429,-0.09132515893988676,0.23651404472248128,3,0,High-Volume Urban Hubs
2706002,924,144702,472.88235294117646,473.0,541,39.14444728354257,130860,1.119575446717211,0.9041172314393887,2812302.0,0.0,0.0,1.119575446717211,422.44444444444446,0.08277840574949916,0.9043413359870631,9738,8511.882352941177,725.0973971089107,1.1440477671352158,18.793476,78.921116,Jagityal,Active,1.6420534292854483,1.1273449384646304,1.6160287429507554,0,0,Active Urban Shops
3722018,934,97398,318.29411764705884,326.0,383,57.124641675864815,88074,1.5376527422563229,0.9039293851933571,2065842.0,0.0,0.0,1.5376527422563229,207.0,0.17947124533167655,0.9042690815006468,6894,5729.294117647059,1058.1559292411657,1.2032895952688967,17.494674,78.304585,Sangareddy,Active,0.8148981877009674,1.8288787880881323,3.2601642038638516,0,0,Active Urban Shops
2084148,534,274320,896.4705882352941,903.0,957,43.974367917585795,248022,1.5775318284554782,0.9040324488764796,5383260.0,0.0,0.0,1.5775318284554782,568.4444444444445,0.049052772611480215,0.9041338582677165,17226,16136.470588235294,814.5650770232432,1.06751968503937,18.449283,79.126961,Karimnagar,Active,4.585975191703146,-0.533554209021388,1.9023924035845543,0,0,Active Urban Shops
2084168,534,118008,385.6470588235294,354.0,562,81.64999035975046,106668,0.9509253176098582,0.9041493799599019,2365938.0,0.0,0.0,0.9509253176098582,405.55555555555554,0.21172206164059762,0.9039048200122025,10116,6941.64705882353,1512.454501017157,1.4572910311165344,18.430045,79.116267,Karimnagar,Active,1.5974561623855439,3.1986121554354594,1.7611796186912478,0,0,Active Urban Shops
3302207,930,113904,372.2352941176471,371.0,506,63.512463184396175,102906,0.6527288952702871,0.902442194437701,2226780.0,388800.0,5.185871962988398,0.6527288952702871,570.2777777777778,0.17062450602634877,0.9034450063211125,9108,6700.235294117647,1176.4815940661674,1.3593552465233882,17.467963,78.543427,Medchal,Active,1.8218172034845392,2.9503562048422007,0.7077332214492431,0,0,Active Urban Shops
4005038,937,130068,425.05882352941177,426.0,513,40.44153607274156,117486,1.3034382685279393,0.9028990193889572,2398140.0,0.0,0.0,1.3034382685279393,326.1666666666667,0.09514338683041884,0.9032659839468585,9234,7651.058823529412,749.1241945255335,1.2068917796844727,16.903253,79.87121,Suryapet,Active,1.315118174912292,1.2680538993732473,2.280421269288823,0,0,Active Urban Shops
4018039,937,103248,337.4117647058824,315.0,477,68.67490814467013,93258,0.6897692323631854,0.8969881299757408,2281680.0,0.0,0.0,0.6897692323631854,489.1666666666667,0.20353442093085636,0.9032426778242678,8586,6073.411764705882,1272.108832747002,1.413702928870293,17.136873,79.620596,Suryapet,Active,1.201590173495948,3.283582471289176,1.052978628402846,0,0,Active Urban Shops
3302036,930,198180,647.6470588235294,634.0,980,86.33313066452244,178938,0.8046045179514288,0.9019500044339707,4221504.0,575370.0,7.571126164618635,0.8046045179514288,804.9444444444445,0.13330274489526628,0.9029064486830154,17640,11657.64705882353,1599.2032758993018,1.5131698455949136,17.38836,78.53347,Medchal,Active,4.517049956173158,2.435504153255803,0.42893198746184696,0,0,Active Urban Shops
1890041,533,232938,761.2352941176471,763.0,778,9.202825443455913,210222,0.9648102587042422,0.9024675120994414,5781762.0,0.0,0.0,0.9648102587042422,789.0,0.012089331005235338,0.9024804883702959,14004,13702.235294117647,170.46976616535446,1.02202302758674,18.676171,78.082441,Nizamabad,Active,3.681774764574737,-0.3536830424611251,0.21504603161294616,0,0,Active Urban Shops
1784012,535,147060,480.5882352941176,495.0,513,35.15409253264315,132714,0.9784420905971777,0.9025753753644619,3045384.0,0.0,0.0,0.9784420905971777,491.22222222222223,0.07314805055751941,0.9024479804161567,9234,8650.588235294117,651.1815279574054,1.0674418604651164,18.04632,78.266227,Medak,Active,1.6850971301099307,0.9738585827544429,1.1239907570986385,0,0,Active Urban Shops
4115020,938,27666,90.41176470588235,90.0,108,6.555217580777952,24966,0.9676172670066969,0.90184001028304,641574.0,0.0,0.0,0.9676172670066969,94.05555555555556,0.07250403309904047,0.9024072869225764,1944,1627.4117647058824,121.42644832548298,1.1945348080676643,17.296903,77.668136,Vikarabad,Active,-1.4660664712610714,1.9182972930386146,2.0586155988157104,1,0,Stable Rural Shops
1671146,536,371448,1213.8823529411766,1270.0,1428,172.49668815738232,335070,1.5588144087892735,0.9027453894805866,7868988.0,990288.0,8.133629030305901,1.5588144087892735,778.7222222222222,0.14210329999396681,0.9020643535568909,25704,21849.882352941175,3195.26544050633,1.1763907734056989,17.362704,78.527547,Hyderabad,Active,9.288058062506623,0.5658870586400094,1.3222706412195608,3,-1,High-Volume Urban Hubs
1675608,536,340398,1112.4117647058824,1142.0,1195,67.53015398474561,306990,0.895850510173509,0.9015666730996684,8941392.0,1395936.0,6.411578792956838,0.895850510173509,1241.7777777777778,0.060706076766996735,0.9018560626090635,21510,20023.41176470588,1250.9038261804708,1.0742425043625403,17.394734,78.423891,Hyderabad,Active,8.651421554014226,-0.21388220416785958,-0.9743381835379844,3,0,High-Volume Urban Hubs
4406021,941,34866,113.94117647058823,116.0,128,9.443002644246572,31428,1.0264970853206148,0.904560415085264,759402.0,0.0,0.0,1.0264970853206148,111.0,0.08287612026442526,0.9013939081053175,2304,2050.9411764705883,174.91872062054824,1.1233866804336603,17.600042,78.749906,Yadadri Bhuvanagiri,Active,-1.2671138402478184,1.7334848169513453,2.1366952278236218,0,0,Active Urban Shops
3302068,930,260910,852.6470588235294,826.0,1243,125.39853690093392,235080,0.7854880144893459,0.9007008383208978,5448474.0,604908.0,13.579210054860592,0.7854880144893459,1085.5,0.14706968798315811,0.9010003449465332,22374,15347.64705882353,2322.8365456155248,1.4578130389789583,17.428923,78.549811,Medchal,Active,6.518807605627272,2.232428120817736,-0.1364376494450487,3,-1,High-Volume Urban Hubs
1671140,536,234108,765.0588235294117,757.0,818,29.868835734249465,210924,1.2562542258282623,0.9009553981240925,5317812.0,730728.0,7.276769013305682,1.2562542258282623,609.0,0.03904122770123335,0.9009687836383208,14724,13771.058823529413,553.2793677912897,1.0691988313086267,17.360946,78.52181,Hyderabad,Active,4.472014106684723,-0.08325477020148775,1.0896316805273405,0,0,Active Urban Shops
3384166,930,225648,737.4117647058823,742.0,781,26.698444582130783,203292,1.1497179664480213,0.9008237957975066,5009886.0,546732.0,9.59848823901472,1.1497179664480213,641.3888888888889,0.03620561246779063,0.9009253350350989,14058,13273.411764705883,494.5522038702701,1.0591097638800255,17.51161,78.426681,Medchal,Active,4.069205335958009,-0.001421422388655697,0.8591821769298739,0,0,Active Urban Shops
3612026,933,77562,253.47058823529412,252.0,305,26.516696583202656,69858,0.9418835102411817,0.9010207052979795,1431936.0,0.0,0.0,0.9418835102411817,269.1111111111111,0.10461449104535743,0.9006730099791135,5490,4562.470588235294,491.18557053916226,1.2032954281735904,18.740874,79.515076,Peddapalli,Active,-0.07563949276817918,1.9411865490733247,1.6893065202167592,0,0,Active Urban Shops
1678831,536,192006,627.4705882352941,631.0,815,101.72080457276931,172926,0.6293237702781616,0.900836026909092,4213314.0,657126.0,6.907544606699942,0.6293237702781616,997.0555555555555,0.16211246627328005,0.9006281053717071,14670,11294.470588235294,1884.2389086063058,1.298865660448111,17.423891,78.499401,Hyderabad,Active,4.636170921522855,2.4397926150753952,-0.17328492868192177,0,0,Active Urban Shops
2084139,534,407124,1330.4705882352941,1349.0,1576,132.28008332166752,366624,1.4496224378052016,0.9004407526195644,8118432.0,0.0,0.0,1.4496224378052016,917.9444444444445,0.09942353066002069,0.9005217083738615,28368,23948.470588235294,2450.3077897900666,1.184543284110001,18.442304,79.114946,Karimnagar,Active,8.646429127875955,-0.18158460632789555,0.827035795669448,3,0,High-Volume Urban Hubs
1481017,538,216270,706.7647058823529,690.0,833,63.241485108792936,194724,0.702914794553993,0.9001037304194911,5664708.0,0.0,0.0,0.702914794553993,1006.0555555555555,0.0894802535871394,0.900374531835206,14994,12721.764705882353,1171.4620954928378,1.178610070744902,16.748481,77.986155,Mahbubnagar,Active,4.17697257549724,1.1106871320988478,-0.29000491147628676,0,0,Active Urban Shops
3384022,930,184284,602.2352941176471,604.0,662,34.80225444099147,165906,0.7526070222005654,0.9003481198158013,4544460.0,582696.0,6.88540607547415,0.7526070222005654,800.2222222222222,0.057788467034269875,0.9002734909161946,11916,10840.235294117647,644.6642080777174,1.0992381324477438,17.455571,78.411355,Medchal,Active,3.5032914131092188,0.8692313716017929,-0.01547462342765789,0,0,Active Urban Shops
2036203,534,46800,152.94117647058823,152.0,163,5.29427193603525,42120,0.9596407581243707,0.8994887826882156,961092.0,0.0,0.0,0.9596407581243707,159.38888888888889,0.03461639342792279,0.9,2934,2752.9411764705883,98.06915327221607,1.0657692307692308,18.459643,79.188033,Karimnagar,Active,-1.0808303520778777,1.2862215040274247,1.7557817106928206,0,0,Active Urban Shops
1673333,536,200250,654.4117647058823,641.0,876,90.6768377829654,180216,0.6337818379346759,0.8991229392898321,5051880.0,887526.0,5.707790107255543,0.6337818379346759,1032.5555555555557,0.13856235885936288,0.8999550561797752,15768,11779.411764705883,1679.664514822213,1.3386067415730336,17.359501,78.446804,Hyderabad,Active,5.129649788109154,2.2080556688566086,-0.3412683360985683,3,0,High-Volume Urban Hubs
1713042,535,206946,676.2941176470588,653.0,749,40.04012452330603,186210,1.0966194675104708,0.899612674204809,4351860.0,0.0,0.0,1.0966194675104708,616.7222222222222,0.05920519412857289,0.8997999478124729,13482,12173.29411764706,741.6885940799114,1.1075063059928676,18.118988,78.432485,Medak,Active,3.1346088193431134,0.47895665729075915,1.0202160875962292,0,0,Active Urban Shops
1890042,533,154422,504.6470588235294,505.0,523,9.974702814578071,138906,0.9109152686345297,0.8995466109936703,3316590.0,0.0,0.0,0.9109152686345297,554.0,0.019765700879802683,0.8995220888215409,9414,9083.64705882353,184.76773973575266,1.0363678750437113,18.667725,78.099437,Nizamabad,Active,1.63028062002958,0.41423626916306633,0.7328911096969123,0,0,Active Urban Shops
1676623,536,70470,230.2941176470588,227.0,379,44.661037752758574,63360,0.32936224133483394,0.897928265508815,1475046.0,158490.0,9.691654295687885,0.32936224133483394,699.2222222222222,0.19393043213202957,0.8991060025542784,6822,4145.294117647059,827.2846974217736,1.6457215836526182,17.402293,78.494279,Hyderabad,Active,0.701357195727053,4.091426879293785,0.21595928558272842,0,0,Active Urban Shops
3384211,930,154242,504.05882352941177,501.0,598,45.84224342836863,138672,1.114999606194075,0.8989469289710108,3131406.0,377172.0,8.61942471578381,1.114999606194075,452.1111111111111,0.09094621756124013,0.899054732174116,10764,9073.058823529413,849.1649185073113,1.1863694713502158,17.49249,78.452652,Medchal,Active,2.3759884767394266,1.27556065523399,1.50258722961322,0,0,Active Urban Shops
1585197,537,506592,1655.5294117647059,1681.0,1798,169.52856749729725,455418,1.6323164799041485,0.898932293503686,10498104.0,1071810.0,9.977809992422712,1.6323164799041485,1014.2222222222222,0.10240142294819689,0.8989837976122798,32364,29799.529411764706,3140.2850610582914,1.0860574189880614,17.326005,78.564956,Ranga Reddy,Active,12.1989525993051,-0.8163466270784939,0.5518626317621814,3,1,High-Volume Urban Hubs
1583057,537,471618,1541.235294117647,1517.0,2016,155.89764463486983,423900,1.2697844693689195,0.8980716249021573,10728126.0,1073124.0,9.079745434673029,1.2697844693689195,1213.7777777777778,0.10115109953027698,0.8988206557001641,36288,27742.235294117647,2887.79084096762,1.3080416777985573,17.316097,78.450112,Ranga Reddy,Active,12.042740185268169,-0.04873115946041577,-0.3725260195042129,3,1,High-Volume Urban Hubs
2909006,926,84060,274.70588235294116,278.0,361,46.81584184068135,75546,0.7624314193242735,0.8839558785597071,1990206.0,0.0,0.0,0.7624314193242735,360.44444444444446,0.17042169406672014,0.8987152034261242,6498,4944.705882352941,867.1994987246219,1.3141327623126338,18.322054,78.341571,Kamareddy,Active,0.4369996151627374,2.7687826547004435,1.281482774968243,0,0,Active Urban Shops
1585188,537,342846,1120.4117647058824,1120.0,1280,74.15230488767214,308070,1.2515465861363073,0.8984115825601743,6996006.0,454230.0,15.444629038659999,1.2515465861363073,895.2222222222222,0.06618308306244691,0.898566703417861,23040,20167.41176470588,1373.5701228379078,1.1424371292066993,17.351897,78.56257,Ranga Reddy,Active,7.156213972869986,-0.21130909805409892,0.4800375997608943,3,0,High-Volume Urban Hubs
1585374,537,188910,617.3529411764706,604.0,784,76.37753258075574,169740,1.2010757610437173,0.897852885108616,3869586.0,428562.0,9.366691553282546,1.2010757610437173,514.0,0.12371777550003311,0.8985231062410671,14112,11112.35294117647,1414.7894251962227,1.2699380657455932,17.355366,78.532363,Ranga Reddy,Active,3.590753515376913,1.5371171104017238,1.6035487771776515,0,0,Active Urban Shops
3302147,930,107874,352.52941176470586,347.0,437,45.06273351433519,96912,0.9644031396424627,0.8975754497750255,2387898.0,20700.0,8.298207442521168,0.9644031396424627,365.55555555555554,0.12782687631298154,0.898381445019189,7866,6345.529411764706,834.7255625089497,1.2396128816953111,17.49147,78.50356,Medchal,Active,0.9570611849064155,2.0182381208717217,1.560982404001837,0,0,Active Urban Shops
1678911,536,295542,965.8235294117648,964.0,1059,64.1437031801746,265410,0.7671016239873409,0.8981059892401537,7123752.0,1147860.0,6.272153569030727,0.7671016239873409,1259.0555555555557,0.06641348158005775,0.8980449479261831,19062,17384.823529411766,1188.1744524318665,1.096473597661246,17.414485,78.496559,Hyderabad,Active,7.237992226579397,0.30620562035356186,-0.9685124668532328,3,0,High-Volume Urban Hubs
1671114,536,177552,580.2352941176471,608.0,751,86.53222765173807,159426,0.7109760774725538,0.8979061361875589,4100886.0,553590.0,7.440086140567897,0.7109760774725538,816.1111111111111,0.14913299575015684,0.897911597729116,13518,10444.235294117647,1602.8912755319593,1.294302514193025,17.358071,78.509411,Hyderabad,Active,3.945549184108085,2.2597803005226074,0.1993628528945117,0,0,Active Urban Shops
1672256,536,295740,966.4705882352941,974.0,1094,72.87996498384376,265446,1.1382148417746187,0.8971145573277239,7519842.0,1215000.0,6.251479266268714,1.1382148417746187,849.1111111111111,0.07540836303866974,0.8975654290931223,19692,17396.470588235294,1350.0017647047287,1.1319537431527693,17.354342,78.476524,Hyderabad,Active,7.128982747667474,0.19409936540165543,0.27747229358323966,3,0,High-Volume Urban Hubs
3201023,929,99342,324.6470588235294,325.0,338,6.048406470246107,89154,0.8667220687579473,0.8974107836587644,1921302.0,0.0,0.0,0.8667220687579473,374.77777777777777,0.018630713896391343,0.897445189345896,6084,5843.64705882353,112.03846503348196,1.0411306396086246,19.075837,79.486431,Manchiryala,Active,0.1882438331383527,0.8555948786908993,1.0532435831453943,0,0,Active Urban Shops
1671189,536,253098,827.1176470588235,814.0,1167,126.6875304680175,226980,1.100171589339444,0.8966039060811499,5755464.0,886626.0,6.512409667338055,1.100171589339444,751.8333333333334,0.15316748580871187,0.8968067704999645,21006,14888.117647058823,2346.7133901041516,1.4109238318754,17.372443,78.517377,Hyderabad,Active,6.371908355716485,1.9795517159208524,0.8709605333493196,3,0,High-Volume Urban Hubs
1677805,536,278370,909.7058823529412,963.0,1096,107.6934253653573,249624,0.8504133344235817,0.8968654155628453,6459408.0,1065474.0,6.8050626910720675,0.8504133344235817,1069.7222222222222,0.118382685496998,0.8967345619139994,19728,16374.70588235294,1994.8735475182975,1.2047849983834464,17.453336,78.41368,Hyderabad,Active,7.114710377293197,1.2047194600682052,-0.3487327618222983,3,0,High-Volume Urban Hubs
3307005,930,298440,975.2941176470588,967.0,1104,78.1683666137073,267588,1.4538100205257878,0.8977390594184111,6262812.0,0.0,0.0,1.4538100205257878,671.1111111111111,0.08014850617810762,0.8966224366706875,19872,17555.29411764706,1447.96217857658,1.1319662243667068,17.514163,78.383499,Medchal,Active,5.575507436600338,-0.06006137898466696,1.4716118452053861,3,0,High-Volume Urban Hubs
4018047,937,112068,366.2352941176471,363.0,467,55.19607549673326,100440,0.6446545383007118,0.8951576758917889,2287638.0,0.0,0.0,0.6446545383007118,568.1111111111111,0.15071205966020967,0.8962415676196595,8406,6592.235294117647,1022.4318760565276,1.275136524253132,17.133407,79.616975,Suryapet,Active,1.2362604692600307,2.5525273735563445,0.6585343332356557,0,0,Active Urban Shops
2111106,540,159354,520.7647058823529,517.0,581,16.507033654692354,142794,0.9800117950628423,0.8960642372356618,3185892.0,0.0,0.0,0.9800117950628423,531.3888888888889,0.03169768125265673,0.896080424714786,10458,9373.764705882353,305.77024246396314,1.115667005534847,18.007168,79.574386,Hanumakonda,Active,1.7879782693698756,0.6096546436141799,0.9701503269035924,0,0,Active Urban Shops
2706015,924,145008,473.88235294117646,470.0,522,14.86813786678895,129924,0.9282555387232081,0.8960156609470921,3074904.0,0.0,0.0,0.9282555387232081,510.55555555555554,0.0313751667993312,0.8959781529294936,9396,8529.882352941177,275.41193745754316,1.1015392254220457,18.793169,78.911555,Jagityal,Active,1.4597217013175003,0.7044626248622339,0.9112259958548633,0,0,Active Urban Shops
2084109,534,322992,1055.5294117647059,950.0,1359,216.74138276057084,289296,1.0548563086653469,0.8955603283297497,6381342.0,0.0,0.0,1.0548563086653469,1001.2222222222222,0.20533902735898932,0.8956754346856888,24462,18999.529411764706,4014.8379499932344,1.2875055728934461,18.439589,79.122784,Karimnagar,Active,7.577527590901741,2.2591058440102105,0.5618220666149456,3,-1,High-Volume Urban Hubs
1481055,538,7578,24.764705882352942,5.0,282,66.80480641448749,6786,0.044192759616202185,0.9747944424201138,172026.0,0.0,0.0,0.044192759616202185,560.4444444444445,2.6975812566420125,0.8954869358669834,5076,445.7647058823529,1237.4677535905614,11.387173396674585,16.74232,77.98209,Mahbubnagar,Active,2.2826843789314903,40.427415507167446,9.852034840912317,4,-1,Volatile Portability Hubs
3384080,930,68490,223.8235294117647,228.0,268,32.62948835218476,61326,0.9234360329521567,0.8945439089750397,1369962.0,159354.0,9.884879812354345,0.9234360329521567,242.38888888888889,0.14578220814379525,0.895400788436268,4824,4028.823529411765,604.4166852526199,1.197371879106439,17.46664,78.462667,Medchal,Active,-0.03703429996829715,2.2951106594554624,1.7419198983345063,0,0,Active Urban Shops
1881018,533,158832,519.0588235294117,506.0,660,46.4433708120101,142182,1.050726363419862,0.894572149850471,3813516.0,0.0,0.0,1.050726363419862,494.0,0.08947612237127966,0.895172257479601,11880,9343.058823529413,860.299981880466,1.271532184950136,18.678805,78.072078,Nizamabad,Active,2.254309159294405,1.3723454383119642,1.335654221605757,0,0,Active Urban Shops
3113018,928,45972,150.23529411764707,157.0,221,37.475546511113805,41148,0.6649220763362703,0.896717664317917,904446.0,0.0,0.0,0.6649220763362703,225.94444444444446,0.24944568938486086,0.8950665622552858,3978,2704.235294117647,694.183290764385,1.471025841816758,17.45178,79.81683,Mahabubabad,Active,-0.6022422135577074,3.9085028332676286,1.5766098369571335,0,0,Active Urban Shops
3302223,930,405216,1324.235294117647,1301.0,1442,63.95139185923088,362538,0.9961247778421821,0.894794926070288,8423334.0,977400.0,7.790117380567449,0.9961247778421821,1329.388888888889,0.048293073099099366,0.8946783937455579,25956,23836.235294117647,1184.6121479946378,1.0889303482587065,17.451434,78.563276,Medchal,Active,9.236816833796029,-0.7031829276706206,-0.9539921664009902,3,0,High-Volume Urban Hubs
4317025,940,93294,304.88235294117646,320.0,329,28.924081787195973,83448,0.9073879551820728,0.8939362127571611,1891836.0,0.0,0.0,0.9073879551820728,336.0,0.09486964892578266,0.8944626664094154,5922,5487.882352941177,535.7790918784699,1.07910476557978,17.991984,79.59664,Warangal,Active,0.30811252582177795,1.525398549964072,1.3689756116054868,0,0,Active Urban Shops
1674470,536,125838,411.2352941176471,434.0,558,93.31313506934909,112554,0.534419061394507,0.894846895485141,2809782.0,606798.0,4.627621566727473,0.534419061394507,769.5,0.22690935433828271,0.8944357030467744,10044,7402.235294117647,1728.498319691538,1.3568874266914606,17.374728,78.464051,Hyderabad,Active,2.859601475178536,3.4410362377523898,0.24006832707305903,0,0,Active Urban Shops
3302151,930,69048,225.64705882352942,206.0,391,53.20057568876675,61758,0.5258482223133513,0.8926796570969597,1365336.0,247662.0,8.60188926684037,0.5258482223133513,429.1111111111111,0.23576897463739172,0.8944212721584984,7038,4061.6470588235293,985.4679688589878,1.7327945776850886,17.446981,78.532673,Medchal,Active,0.571657467742257,4.48162847439569,1.046059740398147,0,0,Active Urban Shops
1673408,536,365274,1193.7058823529412,1221.0,1292,73.26331422469316,326682,0.9538974541504635,0.8943507483884839,9285948.0,1544346.0,6.015786375286088,0.9538974541504635,1251.4444444444443,0.061374678057447576,0.894347804661706,23256,21486.70588235294,1357.102785564982,1.0823436653033065,17.326658,78.462697,Hyderabad,Active,9.344434289264733,-0.35647898400546807,-0.974952575047616,3,0,High-Volume Urban Hubs
1481025,538,78192,255.52941176470588,271.0,282,33.26161748450655,69930,0.7782685980892454,0.8940815906659461,1713186.0,20322.0,17.4645342448132,0.7782685980892454,328.3333333333333,0.13016747173955143,0.8943370165745856,5076,4599.529411764706,616.1260136578251,1.1035911602209945,16.750941,78.011223,Mahbubnagar,Active,0.08471616104186235,2.0510788617320324,1.194515683116559,0,0,Active Urban Shops
1882514,533,86598,283.0,283.0,365,49.65111063093401,77436,0.8155619596541787,0.8950002505726483,2171682.0,0.0,0.0,0.8155619596541787,347.0,0.1754456206040071,0.8942007898565787,6570,5094.0,919.7189788190739,1.2897526501766785,18.654829,77.892767,Nizamabad,Active,0.5305656035734411,2.6955507038936117,1.4076393535066565,0,0,Active Urban Shops
1672268,536,425106,1389.235294117647,1360.0,1650,105.3390942766644,380034,1.1834977937352285,0.893890120473716,9816120.0,1563894.0,6.2952448189929076,1.1834977937352285,1173.888888888889,0.07582523617323515,0.8939746792564678,29700,25006.235294117647,1951.26278116928,1.1877037727061015,17.34492,78.480185,Hyderabad,Active,10.821312841472395,-0.3443821637532276,-0.5034209925501687,3,0,High-Volume Urban Hubs
1675527,536,414018,1353.0,1304.0,1639,152.08375604402664,370080,1.2677143810590918,0.8937212057707371,9374526.0,969408.0,9.859728069232707,1.2677143810590918,1067.2777777777778,0.1124048455609953,0.8938741793835051,29502,24354.0,2817.1437662994767,1.2113821138211383,17.400344,78.396041,Hyderabad,Active,10.250568450746304,0.2449083249713463,0.07642947411143321,3,0,High-Volume Urban Hubs
1678821,536,206298,674.1764705882352,683.0,733,43.462909402523046,184158,0.923389228186721,0.8927267461302094,4511412.0,835920.0,5.482583976865493,0.923389228186721,730.1111111111111,0.06446814936243712,0.8926795218567315,13194,12135.176470588236,805.0910069127369,1.0872524212546897,17.42906,78.491514,Hyderabad,Active,4.145635165662024,0.6980164400378647,0.3503830242605209,0,0,Active Urban Shops
1679914,536,148122,484.05882352941177,585.0,705,183.10001693221824,132192,0.5028620128434232,0.8994102930960779,3262464.0,485550.0,7.409717919328832,0.5028620128434232,962.6111111111111,0.37825984783663996,0.8924535180459351,12690,8713.058823529413,3391.6776171717047,1.4564345606999634,17.41423,78.509071,Hyderabad,Active,4.43492843953021,4.957936749367124,0.26752777828300434,4,-1,Volatile Portability Hubs
1672278,536,450036,1470.7058823529412,1464.0,1683,132.14199428572667,401634,1.2248585180156153,0.8919656220374154,11560680.0,1856034.0,6.255577562009973,1.2248585180156153,1200.7222222222222,0.08984936816484095,0.892448604111671,30294,26472.70588235294,2447.7498790906384,1.14434845212383,17.323975,78.488003,Hyderabad,Active,12.091260593623126,-0.4339821037010916,-0.6343021347550607,3,0,High-Volume Urban Hubs
2036184,534,169398,553.5882352941177,535.0,649,37.094921116148804,151110,0.8708927588481332,0.8922448203351008,3694842.0,0.0,0.0,0.8708927588481332,637.7222222222222,0.0670081456778801,0.8920412283498034,11682,9964.588235294117,687.1327254271492,1.1723515035596643,18.440894,79.151929,Karimnagar,Active,2.3517198164395596,1.0776783619916142,0.6493742956584101,0,0,Active Urban Shops
3717057,934,32778,107.11764705882354,120.0,198,64.1856877133244,29232,0.6910815939278937,0.8282478600273278,788562.0,0.0,0.0,0.6910815939278937,155.0,0.599207408636197,0.8918176825919825,3564,1928.1176470588234,1188.9521585388193,1.8484349258649095,18.090134,77.707279,Sangareddy,Active,-0.48267375890321285,6.900684395343822,2.5230218404409563,4,-1,Volatile Portability Hubs
3003011,927,79686,260.4117647058824,264.0,376,78.90351272379637,71046,0.6851941914123479,0.886624927654218,1557828.0,0.0,0.0,0.6851941914123479,380.05555555555554,0.30299519229829186,0.8915744296363226,6768,4687.411764705882,1461.5797557276653,1.4438671786763047,17.667906,80.8998,Bhadrdri Kothagudem,Active,0.666656435082527,4.167342533470236,1.4354996914054248,0,0,Active Urban Shops
2111052,540,116478,380.6470588235294,381.0,390,5.164152082477305,103824,0.9190698592021525,0.8912058078921032,2287998.0,0.0,0.0,0.9190698592021525,414.1666666666667,0.013566772585707647,0.8913614588162572,7020,6851.64705882353,95.65886078695907,1.024571163653222,18.002371,79.57075,Hanumakonda,Active,0.5712735131588522,0.5960732954777415,1.0391384791024452,0,0,Active Urban Shops
1585407,537,516060,1686.4705882352941,1708.0,1885,117.08615624646197,459918,1.7309962113015864,0.8909374495069322,11042010.0,889344.0,12.787445298116147,1.7309962113015864,974.2777777777778,0.06942674071119126,0.891210324380886,33930,30356.470588235294,2168.861052420346,1.117718869898849,17.324663,78.604884,Ranga Reddy,Active,11.838187496152573,-1.5667993804752007,0.6595740511349457,3,-1,High-Volume Urban Hubs
1671145,536,328086,1072.1764705882354,1091.0,1193,117.29067815583818,292392,1.5423315957043904,0.8912624347113806,6892524.0,739800.0,9.406817834217195,1.5423315957043904,695.1666666666666,0.10939493765563443,0.8912053546935864,21474,19299.176470588234,2172.6495413231664,1.112689965435892,17.359959,78.526029,Hyderabad,Active,7.356984512124089,0.1380476878343535,1.480656792739481,3,0,High-Volume Urban Hubs
1671208,536,63702,208.1764705882353,180.0,352,93.7546234154066,56736,0.3819751753912574,0.890591546880893,1484532.0,212796.0,6.851470813580206,0.3819751753912574,545.0,0.45036128795193897,0.890647075445041,6336,3747.176470588235,1736.676288031758,1.6908731280022606,17.357248,78.515145,Hyderabad,Active,0.9656245029829547,6.046917913479103,0.9928897701997011,4,0,Volatile Portability Hubs
4018034,937,184950,604.4117647058823,617.0,629,44.661426406675425,164718,0.9440664895241585,0.8910054069343674,3760038.0,0.0,0.0,0.9440664895241585,640.2222222222222,0.07389238432248002,0.8906082725060828,11322,10879.411764705883,827.2918967045072,1.0406812652068127,17.143116,79.62472,Suryapet,Active,2.6431272812288147,0.731496522685707,0.7179998396092655,0,0,Active Urban Shops
3302106,930,89334,291.94117647058823,255.0,576,94.94013542929405,79560,0.5065042321880788,0.8933101524463422,1876428.0,225810.0,9.714554032625776,0.5065042321880788,576.3888888888889,0.3252029623812208,0.8905903687285915,10368,5254.941176470588,1758.6362781495009,1.9730002014910337,17.4652,78.60981,Medchal,Active,1.6941952136507354,5.641145760569704,1.0791549528041189,4,0,Volatile Portability Hubs
3803024,935,153000,500.0,504.0,527,18.54264027038007,136260,1.1878873378839219,0.8905885705566652,3262824.0,50940.0,25.979621848739495,1.1878873378839219,420.94444444444446,0.037085280540760136,0.8905882352941177,9486,9000.0,343.4770734707049,1.054,18.104324,78.853578,Siddipet,Active,1.6889475968894858,0.3735573317485435,1.5609578053483175,0,0,Active Urban Shops
1675565,536,340866,1113.9411764705883,1191.0,1279,133.58900687540003,303408,1.6165010050225674,0.8900442926818994,8926794.0,1327302.0,6.825416360572799,1.6165010050225674,689.2222222222222,0.11992465104725143,0.8901093098167608,23022,20050.941176470587,2474.5538100480926,1.1481755293869145,17.390304,78.448291,Hyderabad,Active,8.8356714494069,0.10934243825150386,1.4231354936401706,3,0,High-Volume Urban Hubs
3610016,933,20934,68.41176470588235,27.0,396,119.50276926137691,18630,0.1705558675846429,0.8912137472160773,534330.0,0.0,0.0,0.1705558675846429,401.1111111111111,1.7468160597105826,0.8899398108340498,7128,1231.4117647058824,2213.6255063476615,5.788478073946689,18.614533,79.376884,Peddapalli,Active,1.3893481386541697,22.984109907549467,5.347197092004798,4,-1,Volatile Portability Hubs
1675571,536,232758,760.6470588235294,796.0,918,110.97537582951193,207108,1.0219206901398552,0.8881764597641072,5314320.0,859968.0,6.187518745295372,1.0219206901398552,744.3333333333334,0.14589601647990896,0.8897997061325497,16524,13691.64705882353,2055.6671952548786,1.2068672183125821,17.385853,78.437161,Hyderabad,Active,5.556943329631598,1.5928269201678886,0.6661093009286071,3,0,High-Volume Urban Hubs
1675573,536,192492,629.0588235294117,708.0,881,193.86211883349296,171270,0.7339767700465072,0.8860039195937897,4842108.0,839700.0,6.52665475685257,0.7339767700465072,857.0555555555555,0.3081780456489041,0.8897512623901253,15858,11323.058823529413,3591.030849049271,1.4005049560501215,17.380839,78.452441,Hyderabad,Active,5.7967964186626935,4.0056199937588,0.46621911664714266,3,0,High-Volume Urban Hubs
1890012,533,174294,569.5882352941177,529.0,757,82.98074273237482,155052,1.030204135099891,0.8886271895112937,4016286.0,0.0,0.0,1.030204135099891,552.8888888888889,0.1456854927657102,0.8896003304760921,13626,10252.588235294117,1537.1048703172276,1.3290302592171848,18.675778,78.095074,Nizamabad,Active,2.953453359133872,2.004592181052767,1.3257165594661233,0,0,Active Urban Shops
2357041,539,81270,265.5882352941176,281.0,346,47.838735853104886,72288,0.9116488868855332,0.8768505044305667,1729656.0,0.0,0.0,0.9116488868855332,291.3888888888889,0.1801237008865522,0.8894795127353267,6228,4780.588235294118,886.1472125741533,1.302768549280177,16.736973,78.82844,Nalgonda,Active,0.3080141296390971,2.6804530324445808,1.7301505158139223,0,0,Active Urban Shops
3302120,930,113112,369.6470588235294,364.0,431,36.92251000974172,100566,1.011817635259862,0.8884960167936118,2412360.0,18900.0,179.40725354359822,1.011817635259862,365.3333333333333,0.09988584821222299,0.8890833863781031,7758,6653.64705882353,683.9390452716227,1.1659770846594526,17.494363,78.505979,Medchal,Active,1.1724342756801251,1.6737630772636456,1.5538043365693552,0,-1,Active Urban Shops
1741013,535,131076,428.3529411764706,428.0,517,43.81548054721543,116514,0.899691954885162,0.8876948395489256,2928798.0,0.0,0.0,0.899691954885162,476.1111111111111,0.10228826823711375,0.8889041472123043,9306,7710.35294117647,811.6219055983265,1.2069486404833838,17.73748,78.277605,Medak,Active,1.4777634709793552,1.645870123297683,1.1152608245425126,0,0,Active Urban Shops
3302225,930,387702,1267.0,1277.0,1343,61.748936408176164,344574,1.281797040268809,0.8885865699813379,8097714.0,752292.0,9.588554345185663,1.281797040268809,988.6111111111111,0.0487363349709362,0.8887599238590463,24174,22806.0,1143.8146703028422,1.0599842146803473,17.375628,78.542568,Medchal,Active,8.278545208989001,-0.9145943093721872,0.1188436412496589,3,0,High-Volume Urban Hubs
1881009,533,177876,581.2941176470588,621.0,646,131.12516270019762,158076,0.863735687439909,0.8951170247428117,3789702.0,0.0,0.0,0.863735687439909,673.0,0.22557455635532886,0.8886865007083586,11628,10463.29411764706,2428.9144634153413,1.1113134992916414,18.670408,78.098351,Nizamabad,Active,3.4299280408804016,2.487056881862433,0.8841603359295876,0,0,Active Urban Shops
3003009,927,194634,636.0588235294117,643.0,748,63.00957359412149,172944,1.3935150472691828,0.8886253752642556,3775482.0,0.0,0.0,1.3935150472691828,456.55555555555554,0.09906249432165591,0.8885600665865162,13464,11449.058823529413,1167.1662515783814,1.1759918616480163,17.672711,80.89627,Bhadrdri Kothagudem,Active,2.9980070043205655,0.8126360142877606,2.058878132823117,0,0,Active Urban Shops
3302051,930,258804,845.7647058823529,854.0,927,46.50566892373834,229896,1.4344627105943928,0.8881018620498747,5428170.0,396900.0,12.201082792573665,1.4344627105943928,589.6111111111111,0.05498653301596549,0.8883015718458757,16686,15223.764705882353,861.4539692731531,1.096049520100153,17.390724,78.54615,Medchal,Active,4.755295736411169,-0.1905151930118562,1.5254183324432202,0,0,Active Urban Shops
3614006,933,117144,382.8235294117647,383.0,394,8.325444031526631,104040,0.9544805997167076,0.8882179453066898,2325150.0,0.0,0.0,0.9544805997167076,401.1111111111111,0.021747472116772085,0.8881376767055931,7092,6890.823529411765,154.21747440470133,1.0291948371235402,18.526183,79.321655,Peddapalli,Active,0.6100767016869822,0.6300901394961765,1.1478321247195336,0,0,Active Urban Shops
2048630,534,21870,71.47058823529412,73.0,84,9.874662939940517,19422,0.8284477621012535,0.8826257518375573,397440.0,0.0,0.0,0.8284477621012535,86.27777777777777,0.1381640082131595,0.8880658436213992,1512,1286.4705882352941,182.91463775729468,1.1753086419753087,18.288627,79.32467,Karimnagar,Active,-1.6384216591553773,2.4414712986391445,1.8341856912568546,1,0,Stable Rural Shops
1671108,536,232182,758.7647058823529,749.0,922,98.97870376713063,206172,1.0475390027349774,0.8875062612241739,5261310.0,716148.0,7.497866558352673,1.0475390027349774,724.3333333333334,0.13044716365929301,0.8879758120784557,16596,13657.764705882353,1833.4452381177,1.2151329560431041,17.372106,78.501996,Hyderabad,Active,5.214208211766488,1.425078332593085,0.7540804851457088,3,0,High-Volume Urban Hubs
1481063,538,200376,654.8235294117648,690.0,725,68.2855256867961,177912,0.701430188688992,0.887589350530506,4464018.0,0.0,0.0,0.701430188688992,933.5555555555555,0.10428080638479462,0.8878907653611211,13050,11786.823529411764,1264.896054785438,1.1071685231764283,16.730257,77.985059,Mahbubnagar,Active,3.6048320548101667,1.2339481955441491,-0.1350412355370976,0,0,Active Urban Shops
3302155,930,102456,334.8235294117647,324.0,408,28.742638150146917,90936,1.028675667496791,0.8869107240315367,2116530.0,280980.0,10.079075369745146,1.028675667496791,325.5,0.08584414064520338,0.8875614898102601,7344,6026.823529411765,532.4180964352781,1.218552354181307,17.455336,78.536434,Medchal,Active,0.85731132759904,1.6156199640641389,1.6432177187622339,0,0,Active Urban Shops
1679001,536,192888,630.3529411764706,633.0,787,54.68412669717408,171198,0.6302132828407339,0.8875606122591297,4009806.0,494010.0,8.194595166087,0.6302132828407339,1000.2222222222222,0.08675160077005967,0.887551325121314,14166,11346.35294117647,1012.9487240956763,1.2485069055617768,17.439168,78.542153,Hyderabad,Active,3.9422089425010958,1.5192965044741442,-0.3568719543137645,0,0,Active Urban Shops
1671141,536,430578,1407.1176470588234,1413.0,1511,89.01618502135999,382140,1.3540833303721567,0.8875579341683778,9570528.0,1072584.0,8.957927707163314,1.3540833303721567,1039.1666666666667,0.06326136638782325,0.8875047029806447,27198,25328.117647058825,1648.903191607718,1.0738263450524643,17.347944,78.522455,Hyderabad,Active,9.92672185751759,-0.9747549151810387,0.015416194606414742,3,0,High-Volume Urban Hubs
1673391,536,316890,1035.5882352941176,993.0,1257,116.82120453218684,281232,0.8283722237941659,0.8869763629965925,8198190.0,1435230.0,5.695004709378857,0.8283722237941659,1250.1666666666667,0.11280661613446047,0.8874751491053678,22626,18640.58823529412,2163.953183955915,1.2138028969042884,17.329524,78.459426,Hyderabad,Active,8.630206155107588,0.9782083086038128,-0.8298299889260065,3,0,High-Volume Urban Hubs
2706008,924,107208,350.3529411764706,343.0,570,89.60433761370022,95130,0.5832480403545549,0.8851308310154676,2189070.0,0.0,0.0,0.5832480403545549,600.8333333333334,0.2557544894951148,0.8873404969778375,10260,6306.35294117647,1659.797914701383,1.626930826057757,18.79157,78.912999,Jagityal,Active,1.664471556609287,4.213049368257141,0.8734667051650887,0,0,Active Urban Shops
2111043,540,219744,718.1176470588235,746.0,1201,183.80402754025604,194940,0.8901064252721902,0.8840810600009685,4438332.0,0.0,0.0,0.8901064252721902,806.7777777777778,0.25595252852099876,0.8871231979030144,21618,12926.117647058823,3404.7184516923157,1.6724279161205766,17.961075,79.589948,Hanumakonda,Active,5.400642891722476,3.8459266646638723,0.9484155039086605,3,-1,High-Volume Urban Hubs
3313002,930,250704,819.2941176470588,821.0,921,43.87043253183601,222354,1.2247167034237707,0.8869165729620556,5291712.0,0.0,0.0,1.2247167034237707,669.7222222222222,0.05354662213104625,0.8869184376794945,16578,14747.29411764706,812.6398160244398,1.1241384261918437,17.451182,78.681554,Medchal,Active,4.191226736820181,0.03305417969307594,1.04146225781044,0,0,Active Urban Shops
2714001,924,159696,521.8823529411765,524.0,533,11.174292027433774,141516,0.9862796576909623,0.8861386506871556,3308256.0,0.0,0.0,0.9862796576909623,529.1666666666666,0.02141151538169231,0.8861587015329125,9594,9393.882352941177,206.9884907286333,1.0213029756537422,18.848743,78.621807,Jagityal,Active,1.676299066738629,0.27816924730769166,0.8994452540886654,0,0,Active Urban Shops
1882563,533,122148,399.1764705882353,402.0,448,28.46202362471589,108216,0.873365536863843,0.8864367048970477,2837394.0,0.0,0.0,0.873365536863843,457.05555555555554,0.07130185700267759,0.8859416445623343,8064,7185.176470588235,527.2200957965892,1.1223106395520188,18.65761,77.889823,Nizamabad,Active,1.0790273480167967,1.2561344408352926,0.993813067096772,0,0,Active Urban Shops
2904024,926,69120,225.88235294117646,221.0,280,19.729628606167882,61236,0.9445069686210324,0.8834114733753486,1532448.0,0.0,0.0,0.9445069686210324,239.33333333333334,0.0873447099752224,0.8859375,5040,4065.8823529411766,365.46441043433714,1.2395833333333333,18.399373,77.71077,Kamareddy,Active,-0.3260880846659527,1.8772188993225851,1.7084158277255803,0,0,Active Urban Shops
2281035,541,134334,439.0,413.0,639,91.52220907571207,118980,0.9818598736552131,0.8867841178789493,2540286.0,0.0,0.0,0.9818598736552131,447.1111111111111,0.20847883616335322,0.8857028004823797,11502,7902.0,1695.323862865146,1.4555808656036446,17.257569,80.137869,Khammam,Active,2.0277615163134017,3.07222853325178,1.704045213935693,0,0,Active Urban Shops
3003001,927,124938,408.29411764705884,414.0,433,19.096951040806612,110646,0.7288843964636016,0.885582146844566,2298348.0,0.0,0.0,0.7288843964636016,560.1666666666666,0.04677253532541599,0.885607261201556,7794,7349.294117647059,353.7449230564805,1.0605100129664313,17.668184,80.887842,Bhadrdri Kothagudem,Active,0.9781096827172878,1.0690174686523113,0.49410963597087726,0,0,Active Urban Shops
2281006,541,181530,593.2352941176471,616.0,729,76.26199575242374,160758,1.1109279499489655,0.8857589322627782,3521646.0,0.0,0.0,1.1109279499489655,534.0,0.12855269487270238,0.885572632622707,13122,10678.235294117647,1412.649263326347,1.228854734754586,17.242236,80.134103,Khammam,Active,2.9118361303741085,1.5347923379969821,1.4349539406968777,0,0,Active Urban Shops
1675521,536,437184,1428.7058823529412,1437.0,1498,63.36849114664569,386910,1.1233037937346726,0.8849962138711024,11223630.0,1492200.0,7.658234616051836,1.1233037937346726,1271.888888888889,0.04435376933024443,0.8850049407114624,26964,25716.70588235294,1173.8147087970208,1.0485013175230566,17.393522,78.424517,Hyderabad,Active,10.720744933901303,-1.2794619016683038,-1.0053608096075592,3,0,High-Volume Urban Hubs
1585669,537,333450,1089.7058823529412,1086.0,1198,86.36444945241583,295074,1.2326989619377162,0.8842467429443603,6629616.0,485406.0,18.018044612263072,1.2326989619377162,884.0,0.07925482540842478,0.8849122807017544,21564,19614.70588235294,1599.7834136495583,1.099379217273954,17.336936,78.54758,Ranga Reddy,Active,6.939313642025024,-0.04715765525069328,0.5041223224344843,3,0,High-Volume Urban Hubs
1672277,536,432990,1415.0,1463.0,1517,115.12661597093006,383058,1.1701505743962746,0.8847571213828609,11028078.0,1465056.0,7.523884832225343,1.1701505743962746,1209.2777777777778,0.08136156605719438,0.8846809395136146,27306,25470.0,2132.563246424358,1.0720848056537102,17.329355,78.480132,Hyderabad,Active,11.058674052782571,-0.6528293053698033,-0.6999045440571463,3,0,High-Volume Urban Hubs
3302244,930,301770,986.1764705882352,1075.0,1411,258.5637535650857,266940,1.2525538833833851,0.8748258257707832,6379254.0,553752.0,9.853412565909847,1.2525538833833851,787.4444444444445,0.2621881187358459,0.8845809722636445,25398,17751.176470588234,4789.540221087173,1.4307784073963616,17.372265,78.529859,Medchal,Active,8.356029541142941,3.051568604378815,1.299534908421712,3,-1,High-Volume Urban Hubs
4018048,937,156240,510.5882352941176,520.0,536,20.35441045749845,138150,0.8479992582700803,0.8845484364492644,3221856.0,0.0,0.0,0.8479992582700803,602.1111111111111,0.03986462877620664,0.8842165898617511,9648,9190.588235294117,377.0376404988517,1.0497695852534563,17.135658,79.619408,Suryapet,Active,1.7594668707344339,0.6512770703193184,0.5627836581389385,0,0,Active Urban Shops
1881013,533,235980,771.1764705882352,776.0,792,19.079855533377096,208656,0.9663865546218487,0.8844210851111162,4925196.0,0.0,0.0,0.9663865546218487,798.0,0.02474123143153399,0.8842105263157894,14256,13881.176470588236,353.4282521414562,1.0270022883295193,18.664312,78.097912,Nizamabad,Active,3.6254154383531616,-0.182360642256938,0.2617238797524178,0,0,Active Urban Shops
2241035,541,66492,217.2941176470588,219.0,232,10.731832442763727,58770,0.9091804085650996,0.8840548588030275,1128996.0,0.0,0.0,0.9091804085650996,239.0,0.049388508805355544,0.8838657282079047,4176,3911.294117647059,198.79253152026433,1.067677314564158,17.012206,80.119465,Khammam,Active,-0.6180204510312411,1.3083251605947173,1.4910722763885618,0,0,Active Urban Shops
1673380,536,276570,903.8235294117648,906.0,1004,73.76703405589818,244440,0.7223951188657997,0.8837810089775873,7112610.0,1327572.0,5.363784200753718,0.7223951188657997,1251.1666666666667,0.08161663383991337,0.8838268792710706,18072,16268.823529411764,1366.433507131527,1.1108363163032868,17.344327,78.46751,Hyderabad,Active,7.144184962380906,0.620298852770836,-1.0090038379716766,3,0,High-Volume Urban Hubs
3612007,933,80928,264.47058823529414,256.0,377,30.358094245360988,71514,1.055621920563097,0.8845669382742309,1534068.0,0.0,0.0,1.055621920563097,250.55555555555554,0.11478816774269056,0.8836743772241993,6786,4760.470588235294,562.3422131637303,1.4254893238434165,18.777323,79.441805,Peddapalli,Active,0.11022693938966553,2.3259466493135412,2.0805747450995256,0,0,Active Urban Shops
1673406,536,341460,1115.8823529411766,1099.0,1229,83.69303327462696,301734,0.889872351617809,0.8833607640523636,8682570.0,1529190.0,5.674055070963576,0.889872351617809,1254.2222222222222,0.07500166397831619,0.8836584080126516,22122,20085.882352941175,1550.2990793050599,1.1013705851344229,17.325691,78.462604,Hyderabad,Active,8.828661112042012,0.06526674439201127,-0.9634597609005933,3,0,High-Volume Urban Hubs
1585665,537,193806,633.3529411764706,627.0,735,46.49984601959143,171252,1.2591509764939774,0.8833316932833972,4045194.0,468684.0,7.847036615109994,1.2591509764939774,503.0,0.07341853648491263,0.8836258939351723,13230,11400.35294117647,861.3461079305227,1.160490387294511,17.326695,78.516847,Ranga Reddy,Active,3.352175093302318,0.6773429839258606,1.537126847865901,0,0,Active Urban Shops
3513031,932,153396,501.29411764705884,478.0,668,85.13525457671366,135522,1.2724153949875268,0.8817498268637611,3315474.0,7074.0,8.065768500948765,1.2724153949875268,394.0,0.16983094670313684,0.8834780567941798,12024,9023.29411764706,1577.0142582070193,1.3325510443557849,19.105093,78.34641,Nirmal,Active,2.396746505774248,2.0967455046568313,2.2095451747267343,0,0,Active Urban Shops
1585686,537,395496,1292.4705882352941,1308.0,1443,85.28579216508807,349344,1.674667869974179,0.8828827975129826,8613954.0,631764.0,12.78212751428998,1.674667869974179,771.7777777777778,0.06598664057921433,0.8833060258510832,25974,23264.470588235294,1579.8027613299957,1.1164664117968324,17.324509,78.601334,Ranga Reddy,Active,8.525967946776184,-0.9916866536716674,1.2792803339895389,3,0,High-Volume Urban Hubs
3723034,934,282618,923.5882352941177,940.0,1033,64.43087839418381,249534,1.2669248769466634,0.8828851160483326,6366798.0,0.0,0.0,1.2669248769466634,729.0,0.06976147587421977,0.8829373925227693,18594,16624.58823529412,1193.4939808616302,1.118463792115152,17.61979,77.95143,Sangareddy,Active,5.190835800988527,-0.046417330599483816,0.9457119506085602,0,0,Active Urban Shops
1673360,536,229230,749.1176470588235,755.0,898,60.32849324652761,202230,0.8187259027667099,0.8818938745893029,5440770.0,1066176.0,5.125154811114732,0.8187259027667099,915.0555555555555,0.08053273538994656,0.8822143698468787,16164,13484.117647058823,1117.5029016938245,1.1987436199450334,17.357704,78.462649,Hyderabad,Active,5.361783791592271,1.0128689143819791,-0.16689852225828886,3,0,High-Volume Urban Hubs
3723044,934,306810,1002.6470588235294,986.0,1157,61.33845589553911,270612,1.233943238688641,0.8819529119009837,6808698.0,0.0,0.0,1.233943238688641,812.5555555555555,0.06117651805363244,0.8820181871516574,20826,18047.647058823528,1136.2110797061694,1.153945438545028,17.621253,77.952431,Sangareddy,Active,5.74283075794665,-0.17360210645820728,0.6813418325118371,3,0,High-Volume Urban Hubs
2354022,539,30132,98.47058823529412,103.0,139,34.32688738708525,26568,0.7472445957088305,0.8770640756119163,548928.0,0.0,0.0,0.7472445957088305,131.83333333333334,0.348600409546266,0.8817204301075269,2502,1772.4705882352941,635.8586829680651,1.411589008363202,16.902904,79.05159,Nalgonda,Active,-1.0677097436761103,4.33650814809111,2.049366249383485,4,0,Volatile Portability Hubs
1585677,537,266184,869.8823529411765,872.0,1003,72.44361888440187,234684,1.416490541733673,0.8811449434084591,5410260.0,421830.0,12.881789170550118,1.416490541733673,614.1111111111111,0.08327978908810062,0.8816608060589667,18054,15657.882352941177,1341.9190494564557,1.1530294833648904,17.32503,78.545821,Ranga Reddy,Active,5.191328791628291,0.25096698275485835,1.5179258914870488,3,0,High-Volume Urban Hubs
2034330,534,27792,90.82352941176471,109.0,116,36.63736651124724,24498,0.7453611591093668,0.8864838228914513,521226.0,0.0,0.0,0.7453611591093668,121.88888888888889,0.40339069345285167,0.8814766839378239,2088,1634.8235294117646,678.6571515955349,1.2772020725388602,18.293369,79.468341,Karimnagar,Active,-1.0884038402099316,4.394183229716271,2.0806499826065297,4,0,Volatile Portability Hubs
2909020,926,80928,264.47058823529414,252.0,413,84.59725677244705,71334,0.852978530554081,0.8565947108660428,1880910.0,0.0,0.0,0.852978530554081,310.05555555555554,0.3198739691129003,0.881450177935943,7434,4760.470588235294,1567.0485840285496,1.5616103202846976,18.318841,78.34335,Kamareddy,Active,0.7677815461881231,4.333878712644537,1.9567539112869992,4,0,Volatile Portability Hubs
1672252,536,62316,203.64705882352942,134.0,554,139.66420950820088,54918,0.22951932477987633,0.8284510060692464,1257084.0,201078.0,6.836773412594908,0.22951932477987633,887.2777777777778,0.6858150091390569,0.8812824956672444,9972,3665.6470588235293,2587.088637377363,2.7203928365106878,17.345211,78.47551,Hyderabad,Active,2.052243215485482,9.945735132475457,1.309476156522064,4,-1,Volatile Portability Hubs
1679929,536,439956,1437.764705882353,1416.0,1656,107.74643973158103,387648,1.1978806828955237,0.8811417558204692,9552132.0,1351872.0,7.240454754918936,1.1978806828955237,1200.2777777777778,0.07494024529240151,0.8811062924474266,29808,25879.764705882353,1995.8555662112599,1.1517879060633336,17.426779,78.516653,Hyderabad,Active,10.755972618455546,-0.5202437190806095,-0.5242008769462353,3,0,High-Volume Urban Hubs
1675522,536,310572,1014.9411764705883,1069.0,1523,278.4857705472577,273636,0.7385868500586443,0.8876620061516167,7866342.0,1373328.0,5.871642087690366,0.7385868500586443,1374.1666666666667,0.27438611912039995,0.8810710559870175,27414,18268.941176470587,5158.568363298436,1.5005795757505507,17.38091,78.411541,Hyderabad,Active,10.420072247428202,3.7163455906787486,-0.6174133170363728,3,-1,High-Volume Urban Hubs
3316003,930,242802,793.4705882352941,788.0,892,45.06535273752734,213858,1.1001482116944892,0.8807852540368725,5315508.0,0.0,0.0,1.1001482116944892,722.5,0.056795240309731244,0.88079175624583,16056,14282.470588235294,834.7740800395526,1.1241752539105938,17.511303,78.557232,Medchal,Active,4.071864844425301,0.20447843285017347,0.7193334500084902,0,0,Active Urban Shops
3307007,930,160524,524.5882352941177,524.0,694,76.76761009370132,141372,1.0806381179171358,0.8784042820159335,3545946.0,0.0,0.0,1.0806381179171358,485.44444444444446,0.14633879475139297,0.880690737833595,12492,9442.588235294117,1422.015078103232,1.3229423637586903,17.524243,78.389662,Medchal,Active,2.5276122413043276,1.9780282672205693,1.5505398561076178,0,0,Active Urban Shops
1672271,536,473292,1546.7058823529412,1697.0,1824,321.59852545035415,416556,1.2892864107610387,0.8757565641590113,12052656.0,1853568.0,6.573614778890811,1.2892864107610387,1199.6666666666667,0.20792480918293224,0.8801247432874421,32832,27840.70588235294,5957.173236576911,1.179280444207804,17.349734,78.496449,Hyderabad,Active,14.417974520157438,1.4084843431990024,-0.2639808419924142,3,-1,High-Volume Urban Hubs
1481014,538,203292,664.3529411764706,667.0,739,52.493680567453445,178902,1.0821061087881687,0.8802425316723835,4836366.0,138312.0,25.52258622920656,1.0821061087881687,613.9444444444445,0.07901474850776594,0.8800247919249159,13302,11958.35294117647,972.3737026714879,1.1123605454223482,16.742895,77.98291,Mahbubnagar,Active,3.4322624288265726,0.6689937778998378,0.9588743081098663,0,0,Active Urban Shops
2110004,540,125766,411.0,434.0,446,58.66213345625399,110664,0.9194630872483223,0.8780291159885695,2340018.0,0.0,0.0,0.9194630872483223,447.0,0.14273025171837952,0.8799198511521397,8028,7398.0,1086.6358635716015,1.0851581508515815,18.069121,79.52147,Hanumakonda,Active,1.3200928356447437,1.767181442232558,1.250893556231043,0,0,Active Urban Shops
1671152,536,481140,1572.3529411764705,1591.0,1656,70.66127657857992,423342,1.3113271374169342,0.8798932967872354,12283758.0,2001834.0,6.156895936947734,1.3113271374169342,1199.0555555555557,0.04493983171851323,0.8798728020950243,29808,28302.352941176472,1308.9035937176802,1.0531986531986532,17.346716,78.502319,Hyderabad,Active,12.201947915421322,-1.6394064621222748,-0.787204595813338,3,0,High-Volume Urban Hubs
3410011,931,210708,688.5882352941177,689.0,755,28.21173559128056,185364,0.9839972685291586,0.8797278383599869,4579848.0,0.0,0.0,0.9839972685291586,699.8333333333334,0.0409704002265308,0.879719801811037,13590,12394.588235294117,522.5838519825705,1.09644626687169,16.488191,78.316608,Nagarkarnool,Active,3.162093075695908,0.26702182803618085,0.5580358404027473,0,0,Active Urban Shops
1675513,536,341316,1115.4117647058824,1134.0,1230,81.77718864359043,300258,0.8769345511762459,0.8796191878333957,8887266.0,1423062.0,6.249692475785598,0.8769345511762459,1271.9444444444443,0.07331569491303856,0.8797067819850227,22140,20077.41176470588,1514.8106754155576,1.1027317793481701,17.394754,78.423893,Hyderabad,Active,8.789853683436364,-0.005384685539272705,-1.0332910777201512,3,0,High-Volume Urban Hubs
3302191,930,13158,43.0,40.0,91,22.478842511475943,11574,0.06014453955630427,0.8831864145618349,242226.0,54540.0,4.320766153380792,0.06014453955630427,714.9444444444445,0.5227637793366499,0.8796169630642955,1638,774.0,416.3898413746426,2.116279069767442,17.476907,78.529609,Medchal,Active,-0.7243382985558587,7.432347206487981,0.6372317462300755,4,-1,Volatile Portability Hubs
1585711,537,299322,978.1764705882352,1006.0,1164,116.77126963326509,263268,1.4800925064474055,0.8789965547481277,6374394.0,662112.0,38.05411101300233,1.4800925064474055,660.8888888888889,0.1193764858840283,0.8795477779782308,20952,17607.176470588234,2163.028208186792,1.1899693306873536,17.334392,78.526411,Ranga Reddy,Active,6.7511489837879575,0.5733098061958347,1.5215399598170958,3,0,High-Volume Urban Hubs
1673341,536,258822,845.8235294117648,827.0,998,69.34211859876154,227574,0.8194644631248748,0.8793950473107107,6491592.0,978084.0,7.053562561974468,0.8194644631248748,1032.1666666666667,0.08198178010841826,0.8792683774949579,17964,15224.823529411764,1284.4679947012166,1.1799151540440922,17.37413,78.437897,Hyderabad,Active,6.132854632820902,0.7894826788858799,-0.4141061760546489,3,0,High-Volume Urban Hubs
3810037,935,158058,516.5294117647059,528.0,559,31.919788573918662,138942,1.108038314935224,0.8796797607640643,3306978.0,0.0,0.0,1.108038314935224,466.1666666666667,0.061796652517551225,0.8790570550051247,10062,9297.529411764706,591.2704666274831,1.082222981437194,17.846949,78.689137,Siddipet,Active,1.8432136531108303,0.6670909971110004,1.3611932860460847,0,0,Active Urban Shops
2111021,540,227808,744.4705882352941,727.0,1052,77.17784943613852,200214,0.9872169846156073,0.8785758144525987,4654566.0,0.0,0.0,0.9872169846156073,754.1111111111111,0.10366809737787253,0.8788716814159292,18936,13400.470588235294,1429.6142013514984,1.4130847029077118,18.004059,79.548913,Hanumakonda,Active,4.261016505153599,1.5225056336832352,0.7287752583454911,0,0,Active Urban Shops
3410012,931,176868,578.0,592.0,689,62.57208302246699,155430,1.1092084259281971,0.8777078895619471,3567546.0,0.0,0.0,1.1092084259281971,521.1666666666666,0.10825619900080795,0.8787909627518827,12402,10404.0,1159.0623365462272,1.1920415224913494,16.491641,78.304264,Nagarkarnool,Active,2.6400703742083533,1.25563272650035,1.3858877222618387,0,0,Active Urban Shops
3302201,930,257706,842.1764705882352,843.0,922,40.794264728212966,226404,1.055883953496095,0.8782736952194559,5373918.0,619992.0,7.746427822448743,1.055883953496095,797.6111111111111,0.04843909341200115,0.878536006146539,16596,15159.176470588236,755.6580108830741,1.0947824264859956,17.477725,78.547378,Medchal,Active,4.9937281698364,0.08286284744808527,0.36422038216629415,3,0,High-Volume Urban Hubs
3727032,934,128016,418.3529411764706,429.0,445,36.86812485963159,112464,1.8097506505214418,0.8802931726835006,2925180.0,0.0,0.0,1.8097506505214418,231.16666666666666,0.08812684513691466,0.8785151856017998,8010,7530.35294117647,682.9316346802649,1.0636951631046119,17.682277,77.61072,Sangareddy,Active,1.258002440891901,0.30135456869869426,3.4711011703878962,0,0,Active Urban Shops
2904019,926,162288,530.3529411764706,504.0,633,66.2640985890016,142560,1.0051994975951704,0.8795024835994204,3466710.0,0.0,0.0,1.0051994975951704,527.6666666666666,0.12494339796062857,0.878438331854481,11394,9546.35294117647,1227.4518799721068,1.1935448092280392,18.402635,77.702831,Kamareddy,Active,2.338021494788762,1.5941899652495488,1.2367031993520732,0,0,Active Urban Shops
3302082,930,241758,790.0588235294117,773.0,967,62.71948846543219,212364,0.9719961832198415,0.8781857940669037,5000274.0,549990.0,8.085101072543262,0.9719961832198415,812.8333333333334,0.0793858464680476,0.878415605688333,17406,14221.058823529413,1161.79282095541,1.2239594966867693,17.458555,78.567949,Medchal,Active,4.889856345506773,0.871157397916618,0.3645923184659716,3,0,High-Volume Urban Hubs
1675556,536,245016,800.7058823529412,802.0,838,26.744175367809436,215118,1.1552350242715597,0.8779423595651499,5717142.0,1111302.0,5.1642094389185145,1.1552350242715597,693.1111111111111,0.033400747961560416,0.8779753158977373,15084,14412.70588235294,495.3993041862646,1.0465765501028506,17.387288,78.45653,Hyderabad,Active,5.080409051616039,-0.1955513153199106,0.5921975693343752,3,0,High-Volume Urban Hubs
2281036,541,156240,510.5882352941176,538.0,722,161.98581315787078,137124,0.6634004190574696,0.8742168445899723,3018492.0,0.0,0.0,0.6634004190574696,769.6666666666666,0.317253320700899,0.8776497695852534,12996,9190.588235294117,3000.5658436956423,1.4140552995391706,17.261376,80.1387,Khammam,Active,3.454375598150249,4.181873154726493,0.7371569753828505,0,0,Active Urban Shops
2111104,540,183078,598.2941176470588,592.0,688,24.918722266256594,160650,1.0262334779537887,0.8775048515323536,3723372.0,0.0,0.0,1.0262334779537887,583.0,0.04164961936155365,0.8774948382656572,12384,10769.29411764706,461.58527986520033,1.1499360928128994,18.019153,79.555951,Hanumakonda,Active,2.415675806540603,0.5432346249008013,0.9339668721805519,0,0,Active Urban Shops
2155020,540,128790,420.88235294117646,421.0,429,4.709169536574856,113004,0.9370315374903336,0.8774195588888974,2605428.0,0.0,0.0,0.9370315374903336,449.1666666666667,0.011188802532742495,0.8774283717679944,7722,7575.882352941177,87.23093083372227,1.019287211740042,17.962945,79.483661,Hanumakonda,Active,0.8393146121550805,0.42826730944673436,0.9640344582985726,0,0,Active Urban Shops
1671157,536,354708,1159.1764705882354,1220.0,1358,162.58010354130764,311184,1.3070265211626677,0.8794223402370656,8615772.0,1280214.0,6.784328116600172,1.3070265211626677,886.8888888888889,0.14025483407095451,0.8772962549477317,24444,20865.176470588234,3011.5742609824124,1.171521364051558,17.359061,78.499723,Hyderabad,Active,9.32392787767913,0.7016870645366747,0.5312138127125952,3,0,High-Volume Urban Hubs
3302002,930,313776,1025.4117647058824,1061.0,1173,99.10296215068222,275130,1.1103746458395376,0.8767413065085378,6752412.0,660258.0,8.978777278727764,1.1103746458395376,923.5,0.09664699154208338,0.8768357044515833,21114,18457.41176470588,1835.7469548804763,1.143930702156953,17.39356,78.535754,Medchal,Active,7.008474702781888,0.4053866363964724,0.23526590719782298,3,0,High-Volume Urban Hubs
3810010,935,46170,160.3125,134.5,394,109.03954905372512,40482,0.33050345233549705,0.8065045774195752,954990.0,0.0,0.0,0.33050345233549705,485.05555555555554,0.6801687270407805,0.876803118908382,7092,2885.625,2023.5578197817822,2.457699805068226,17.848831,78.684526,Siddipet,Active,0.6805886144540841,9.17058238819706,1.7813044074175046,4,-1,Volatile Portability Hubs
3302001,930,239166,781.5882352941177,780.0,884,39.670367916696904,209628,1.2883814582010669,0.8765246396069865,5003442.0,401400.0,14.61037729316324,1.2883814582010669,606.7777777777778,0.050756096529227614,0.8764958229848724,15912,14068.588235294117,734.8393581953412,1.1310303303981335,17.405332,78.540075,Medchal,Active,4.261406376294926,0.0637263779336358,1.2334872137877495,0,0,Active Urban Shops
3513034,932,101736,332.47058823529414,333.0,415,66.79030643552404,89154,0.7576456450461273,0.8762379083846102,2217906.0,4572.0,68.55304401399428,0.7576456450461273,439.0,0.20089087215214238,0.8763269639065817,7470,5984.470588235294,1237.1991612937193,1.2482307147912244,19.102792,78.34952,Nirmal,Active,1.0941830762012223,2.8553493780035812,1.1420674149456216,0,-1,Active Urban Shops
2909002,926,204390,667.9411764705883,638.0,875,93.0324981325091,179064,1.1084207885821498,0.8766716729477341,4705776.0,0.0,0.0,1.1084207885821498,602.6111111111111,0.13928247188486612,0.8760898282694848,15750,12022.941176470587,1723.2999039121223,1.3099955966534567,18.326873,78.336306,Kamareddy,Active,3.735921678657764,1.6731194357768406,1.2865185760396034,0,0,Active Urban Shops
2383057,539,72846,238.05882352941177,229.0,312,34.62364117835449,63810,0.5458378209375588,0.8786537266691472,1487646.0,0.0,0.0,0.5458378209375588,436.8333333333333,0.1454415369488575,0.8759574993822584,5616,4285.058823529412,641.3556414529535,1.3106004447739066,17.051494,79.264417,Nalgonda,Active,0.0049865450848155055,2.8109680202252934,0.688113812059219,0,0,Active Urban Shops
3384041,930,103338,337.70588235294116,319.0,552,86.37948165235989,90486,0.6566713309887114,0.8780697194974088,2101626.0,342000.0,5.2230858878582485,0.6566713309887114,514.4444444444445,0.255783171588594,0.8756314230970215,9936,6078.705882352941,1600.0618646128141,1.6345584392962897,17.462933,78.449461,Medchal,Active,1.795868191054207,4.210948901118421,1.0901953599882745,0,0,Active Urban Shops
1671205,536,480618,1570.6470588235295,1570.0,1674,72.52020368242765,420786,1.3100249335774545,0.8754550503655633,11173608.0,1435266.0,7.9237183895449945,1.3100249335774545,1198.9444444444443,0.0461721831617269,0.8755102805138384,30132,28271.647058823528,1343.3376781908037,1.0658027789221378,17.359671,78.510893,Hyderabad,Active,11.397228958252377,-1.560150665153151,-0.6285713080180131,3,0,High-Volume Urban Hubs
1672304,536,392310,1282.0588235294117,1285.0,1528,168.71596988922096,343422,1.0997456042613307,0.8769078089298956,9692820.0,1688994.0,5.731540032289412,1.0997456042613307,1165.7777777777778,0.13159768240957817,0.875384262445515,27504,23077.058823529413,3125.2328007403753,1.1918329892177104,17.339166,78.496739,Hyderabad,Active,10.859759421155267,0.6788561185669076,-0.46213426665322066,3,0,High-Volume Urban Hubs
1674468,536,108324,354.0,353.0,459,53.152918893370774,94824,0.619423675721997,0.8750768589963608,2439090.0,517500.0,4.722614865562871,0.619423675721997,571.5,0.15014948839935247,0.8753738783649053,8262,6372.0,984.5851918447688,1.2966101694915255,17.374515,78.464203,Hyderabad,Active,1.6892147108906326,2.629390619744326,0.5009108033361138,0,0,Active Urban Shops
2084125,534,123714,404.29411764705884,398.0,689,123.84182838236745,108288,0.7585537261412915,0.8715056174109722,2613366.0,0.0,0.0,0.7585537261412915,533.0,0.3063161767059867,0.8753091808526117,12402,7277.294117647059,2294.0006474690094,1.7042048595955188,18.42849,79.140637,Karimnagar,Active,2.3522136562047566,4.609566058977538,1.4051444831372313,4,0,Volatile Portability Hubs
2060001,534,137214,448.4117647058824,467.0,626,80.09498700358913,120096,0.9773902645098415,0.8750024346843828,2733264.0,0.0,0.0,0.9773902645098415,458.94444444444446,0.17861928099973962,0.875245966155057,11268,8071.411764705882,1483.650188674184,1.3960383051292142,18.460538,79.100596,Karimnagar,Active,2.007740766609398,2.615574586796931,1.5351158295465646,0,0,Active Urban Shops
2281111,541,75960,248.23529411764707,227.0,333,46.06962154098518,66474,0.965688098100922,0.8753031934745878,1397754.0,0.0,0.0,0.965688098100922,257.05555555555554,0.18558852279543792,0.8751184834123222,5994,4468.235294117647,853.3767873433578,1.3414691943127963,17.237272,80.130578,Khammam,Active,0.06819280949990306,2.791442994521848,1.9663142585658435,0,0,Active Urban Shops
3723042,934,276408,903.2941176470588,910.0,1109,107.99713914565116,241866,0.9152947403600475,0.8733611690003116,5957334.0,0.0,0.0,0.9152947403600475,986.8888888888889,0.11955921890310431,0.8750325605626466,19962,16259.29411764706,2000.4994302894052,1.2277285751497786,17.619694,77.949867,Sangareddy,Active,5.690849345810359,1.1249619210327604,0.07088521865149074,3,0,High-Volume Urban Hubs
1674446,536,33678,110.05882352941177,123.0,178,37.32238554639394,29466,0.3180890853451207,0.8683681911840492,750258.0,127548.0,6.096293769046299,0.3180890853451207,346.0,0.3391130701703351,0.874933190807055,3204,1981.0588235294117,691.346193179314,1.617316942811331,17.38021,78.467353,Hyderabad,Active,-0.6279670195341585,5.106666226490399,0.8532819935763752,4,0,Volatile Portability Hubs
2281030,541,118602,387.5882352941176,372.0,437,27.219455291827558,103752,1.0283893125322066,0.8748823764965492,2220408.0,0.0,0.0,1.0283893125322066,376.8888888888889,0.07022776445000281,0.8747913188647746,7866,6976.588235294118,504.2032153337987,1.1274852026104112,17.230353,80.139825,Khammam,Active,0.7976047624550677,1.166079705743951,1.4879173866711142,0,0,Active Urban Shops
2059011,534,74376,243.05882352941177,242.0,258,9.683675832439492,65052,1.0294294520732852,0.8743211855262265,1425258.0,0.0,0.0,1.0294294520732852,236.11111111111111,0.03984087346357003,0.8746369796708615,4644,4375.058823529412,179.3768625646283,1.0614714424007745,18.381147,79.046526,Karimnagar,Active,-0.436505186639587,1.0264685171982377,1.7120258962669879,0,0,Active Urban Shops
2912028,926,110790,362.05882352941177,364.0,376,8.227291882881826,96894,0.9259816458552731,0.8749705762141932,2361726.0,0.0,0.0,0.9259816458552731,391.0,0.022723633145246308,0.8745735174654752,6768,6517.058823529412,152.39933997077998,1.0385052802599513,18.504223,77.624253,Kamareddy,Active,0.46617508162522125,0.6869204871361614,1.0930798290052735,0,0,Active Urban Shops
1672205,536,213462,697.5882352941177,697.0,748,43.33484259172257,186678,0.9437213860012696,0.8744382235885326,5046696.0,885060.0,5.711215078994025,0.9437213860012696,739.2222222222222,0.062120948145651715,0.8745256767012396,13464,12556.588235294117,802.7187442391895,1.0722657896955898,17.375414,78.489334,Hyderabad,Active,4.3539282700150785,0.5269438655560468,0.2945033733673986,0,0,Active Urban Shops
1599011,537,400932,1310.235294117647,1284.0,1615,146.999710703669,350568,1.2420237894863442,0.8741969574171173,8113554.0,0.0,0.0,1.2420237894863442,1056.0555555555557,0.11219336814053932,0.8743826883361767,29070,23584.235294117647,2722.9687734486556,1.2326030349286163,17.307118,78.524556,Ranga Reddy,Active,8.696164502564455,0.2706139521573726,0.25107410951612313,3,0,High-Volume Urban Hubs
1481060,538,133020,434.70588235294116,426.0,550,50.18991896072829,116298,0.6990935306757837,0.8742079758980915,2973924.0,106200.0,26.422902532721846,0.6990935306757837,621.8333333333334,0.11545718840762936,0.8742895805142084,9900,7824.705882352941,929.6996668754032,1.2652232746955345,16.747681,77.975786,Mahbubnagar,Active,1.8359229828479284,2.053390186720462,0.5130249060694173,0,0,Active Urban Shops
1585663,537,302256,987.7647058823529,987.0,1280,109.8527040464032,264222,1.2277663253836806,0.8737303922733382,6145470.0,770670.0,8.09188198719617,1.2277663253836806,804.7222222222222,0.1112134331103415,0.8741662696522153,23040,17779.764705882353,2034.8712345444533,1.2958551691281563,17.318099,78.522583,Ranga Reddy,Active,6.9443595974781775,0.9018664370888809,0.7777561173253325,3,0,High-Volume Urban Hubs
3384008,930,401904,1313.4117647058824,1361.0,1623,200.2804764279012,351270,1.3009139162875702,0.8756129857865571,8188758.0,851706.0,10.36954452865909,1.3009139162875702,1009.8333333333334,0.15248871816886062,0.8740146900752418,29214,23641.41176470588,3709.9221531391922,1.2357130060910069,17.489824,78.397465,Medchal,Active,10.144448507514559,0.9131594411132344,0.3994636440328161,3,-1,High-Volume Urban Hubs
1583693,537,159822,522.2941176470588,523.0,568,24.96840819730864,139662,1.130506748153807,0.8737962803352429,3381192.0,430704.0,8.086862719477175,1.130506748153807,462.0,0.047805264033590145,0.8738596688816308,10224,9401.29411764706,462.5056438447375,1.0875098547133686,17.306661,78.450206,Ranga Reddy,Active,2.2594654097116424,0.5574504903480583,1.3146327512345277,0,0,Active Urban Shops
1673433,536,361548,1181.5294117647059,1235.0,1276,117.17030110049511,315738,0.9546083154269226,0.873301410393658,9009738.0,1501182.0,5.99021847921588,0.9546083154269226,1237.7222222222222,0.0991683321073592,0.8732948322214478,22968,21267.529411764706,2170.419720861816,1.0799561883899234,17.32669,78.462703,Hyderabad,Active,9.502820523865248,0.1699024840092533,-0.8536525893668183,3,0,High-Volume Urban Hubs
4105008,938,20592,67.29411764705883,71.0,95,19.1771319939657,17982,0.7158948685857323,0.8832732245596148,456894.0,0.0,0.0,0.7158948685857323,94.0,0.28497486354669305,0.8732517482517482,1710,1211.2941176470588,355.2301656507163,1.4117132867132867,17.310131,77.830715,Vikarabad,Active,-1.4752566898579729,3.9598173009063453,1.9242860234307644,0,0,Active Urban Shops
1672301,536,432558,1413.5882352941176,1450.0,1556,111.54830046463168,377712,1.1180029419055149,0.8729602779213025,11102004.0,1399698.0,10.590909451762705,1.1180029419055149,1264.388888888889,0.07891145220335145,0.8732054429694978,28008,25444.58823529412,2066.27984124923,1.100744871208023,17.343381,78.496723,Hyderabad,Active,11.014618569645961,-0.632069904520206,-0.8846537164257017,3,0,High-Volume Urban Hubs
1679915,536,309420,1011.1764705882352,1024.0,1200,91.65960675305884,270180,1.0493686750385096,0.8728509994458756,6937506.0,1099548.0,6.400607455507684,1.0493686750385096,963.6111111111111,0.09064649882501456,0.8731820826061664,21600,18201.176470588234,1697.8689670913252,1.1867364746945899,17.41422,78.51197,Hyderabad,Active,7.403739463556078,0.5054768580547627,-0.010510341966700854,3,0,High-Volume Urban Hubs
2241036,541,38106,124.52941176470588,124.0,130,3.0751437626623903,33264,0.6996034368803701,0.8729213719239328,673182.0,0.0,0.0,0.6996034368803701,178.0,0.02469411618576317,0.8729333963155409,2340,2241.529411764706,56.96283618186825,1.0439300897496457,17.011344,80.112598,Khammam,Active,-1.4269180262167362,1.4542012616904005,1.0789223686484333,1,0,Stable Rural Shops
1585318,537,277074,905.4705882352941,887.0,1094,84.04995070836779,241830,1.244823791859353,0.8719379909782591,5946498.0,681732.0,8.982321928042687,1.244823791859353,727.3888888888889,0.09282460612240968,0.8727993243682193,19692,16298.470588235294,1556.9104870562987,1.2082115247190282,17.347904,78.510045,Ranga Reddy,Active,5.935374951259468,0.573689599975834,0.9283049653190478,3,0,High-Volume Urban Hubs
3302048,930,530964,1735.1764705882354,1727.0,1920,82.58520628424083,463410,1.7663042359674228,0.8724995808954679,10970208.0,713286.0,13.64969257682574,1.7663042359674228,982.4444444444445,0.04759470156729589,0.8727710353244288,34560,31233.176470588234,1529.7780980951989,1.1065156959793885,17.411317,78.564992,Medchal,Active,11.478365024920127,-2.1182461138605015,0.6220520466527374,3,-1,High-Volume Urban Hubs
2357010,539,42678,139.47058823529412,142.0,201,22.908244295493848,37242,0.8509549637236737,0.8723089491207487,953964.0,0.0,0.0,0.8509549637236737,163.94444444444446,0.16425143526925154,0.8726275832981865,3618,2510.470588235294,424.3439226687267,1.441164065795023,16.692631,78.923367,Nalgonda,Active,-0.8964890029123088,3.0393512753123075,1.8970460694112121,0,0,Active Urban Shops
2357040,539,99864,326.3529411764706,349.0,519,82.86465129320263,87102,0.5503645181321243,0.8772641499242416,2143260.0,0.0,0.0,0.5503645181321243,593.5555555555555,0.25391115212408877,0.8722062004325883,9342,5874.35294117647,1534.954435039379,1.5903028118240807,16.750496,78.834038,Nalgonda,Active,1.4326742203936658,4.113014026646851,0.7744801133816072,0,0,Active Urban Shops
3727049,934,236394,772.5294117647059,787.0,834,44.788180352912,206154,1.686745440534292,0.8714327064355626,5739210.0,0.0,0.0,1.686745440534292,458.0,0.0579760196451309,0.8720779715221199,15012,13905.529411764706,829.639840355972,1.0795705474758241,17.681499,77.603664,Sangareddy,Active,3.860563619944485,-0.4620576490032308,2.351558763778989,0,0,Active Urban Shops
3302027,930,173268,566.2352941176471,502.0,883,138.7576618333351,151092,0.66738289477169,0.8619435537722884,3726144.0,355212.0,10.838046310224456,0.66738289477169,848.4444444444445,0.245053007600945,0.872013297319759,15894,10192.235294117647,2570.2960804499685,1.559422397672969,17.39956,78.56525,Medchal,Active,4.126385735090586,3.8008249241286234,0.4586115105194311,0,0,Active Urban Shops
1500003,537,153090,500.29411764705884,482.0,621,45.07274736965129,133470,0.9308694415995292,0.8720651456031837,3501216.0,0.0,0.0,0.9308694415995292,539.7777777777778,0.09009249915156636,0.8718400940623163,11178,9005.29411764706,834.9110554952757,1.241269841269841,17.392574,78.359255,Ranga Reddy,Active,2.014142353926406,1.4294085438040143,1.0007027056759314,0,0,Active Urban Shops
1481024,538,145908,476.8235294117647,475.0,523,21.067298144493208,127152,0.710684748723364,0.8716700084419559,3702150.0,0.0,0.0,0.710684748723364,691.8888888888889,0.044182589249492296,0.8714532445102393,9414,8582.823529411764,390.24291077707466,1.0968418455465088,16.751672,77.992348,Mahbubnagar,Active,1.740957715009647,0.8845911359979117,0.17286342070595448,0,0,Active Urban Shops
4018044,937,188208,615.0588235294117,631.0,747,55.67508025350592,163998,0.9419155570587595,0.86970829973113,3758292.0,0.0,0.0,0.9419155570587595,653.0,0.09051992772662593,0.8713657230298393,13446,11071.058823529413,1031.3047846410536,1.2145179801071155,17.143085,79.62469,Suryapet,Active,2.911700258454196,1.199424458359985,0.7678544142280165,0,0,Active Urban Shops
2155017,540,181350,592.6470588235294,601.0,619,27.348982200197042,158022,0.9406658264152439,0.8715648716992281,3578724.0,0.0,0.0,0.9406658264152439,630.0555555555555,0.0461471659953697,0.87136476426799,11142,10667.64705882353,506.6025243196675,1.0444665012406948,17.96456,79.481285,Hanumakonda,Active,2.3249157646523164,0.4517176472445588,0.6530197035517011,0,0,Active Urban Shops
1671166,536,263628,861.5294117647059,857.0,1057,57.814067018560564,229698,0.7187398874164098,0.8711669935790601,6804288.0,1050390.0,6.579742467996897,0.7187398874164098,1198.6666666666667,0.06710631840198891,0.8712959169739178,19026,15507.529411764706,1070.9265916513057,1.2268878874778095,17.356488,78.493468,Hyderabad,Active,6.466368775993717,0.6948960950751639,-0.8893303736947928,3,0,High-Volume Urban Hubs
2706042,924,133596,436.5882352941176,433.0,520,23.04934959766981,116388,0.9954340141436411,0.8710942694520394,2650698.0,0.0,0.0,0.9954340141436411,438.6111111111111,0.052794252648933816,0.8711937483158179,9360,7858.588235294118,426.95770557859845,1.1910536243600107,18.788387,78.908396,Jagityal,Active,1.199198393461758,1.0618989023149452,1.2562454804492882,0,0,Active Urban Shops
4603008,982,86994,284.29411764705884,285.0,406,36.91103746301304,75780,0.8723930275788065,0.8661314236017394,1970334.0,0.0,0.0,0.8723930275788065,325.8888888888889,0.12983398238593455,0.8710945582453963,7308,5117.294117647059,683.7265320201018,1.4280984895510036,16.98568,77.716699,Narayanpet,Active,0.37400622392510263,2.5393678877503465,1.5205780603405135,0,0,Active Urban Shops
1500009,537,126612,413.7647058823529,421.0,548,70.73022074962203,110286,1.1554531495438665,0.8674554545581701,2700234.0,0.0,0.0,1.1554531495438665,358.1111111111111,0.1709430982006788,0.8710548763150412,9864,7447.764705882353,1310.1806902776698,1.324424225191925,17.398275,78.375953,Ranga Reddy,Active,1.5934227256807023,2.242850683491024,2.0451302718721336,0,0,Active Urban Shops
4005036,937,100350,327.94117647058823,328.0,365,22.8446601126075,87408,1.0054449269591663,0.8710123076061713,1761246.0,0.0,0.0,1.0054449269591663,326.1666666666667,0.06966084698014843,0.8710313901345291,6570,5902.941176470588,423.16611256518337,1.1130044843049327,16.897674,79.868336,Suryapet,Active,0.30293008154563467,1.2462423999776786,1.5452597811508981,0,0,Active Urban Shops
3384186,930,392472,1282.5882352941176,1272.0,1507,86.9815529274023,341838,1.3297042353939532,0.8706750451109194,8372664.0,858582.0,11.701725067051624,1.3297042353939532,964.6111111111111,0.06781720784103097,0.8709869748669968,27126,23086.58823529412,1611.2144122843927,1.174967895798936,17.520942,78.433385,Medchal,Active,8.821733712408879,-0.5044558629934242,0.26900182878243045,3,0,High-Volume Urban Hubs
1599020,537,476514,1557.235294117647,1551.0,1973,235.48244902629446,414918,1.3857998271616052,0.8716714448142343,11779074.0,0.0,0.0,1.3857998271616052,1135.5,0.1512182840421186,0.8707362218109017,35514,28030.235294117647,4361.9905938890415,1.2669890076681902,0.0,0.0,Ranga Reddy,Active,11.645384575330624,0.3706962759743269,0.17206737752144183,3,-1,High-Volume Urban Hubs
3384024,930,203022,663.4705882352941,656.0,828,72.01320997428444,176706,0.9572420075291281,0.87004177880717,4303494.0,532584.0,8.36590728839054,0.9572420075291281,693.5555555555555,0.1085401693024945,0.8703785796613175,14904,11942.470588235294,1333.9463125275631,1.247982977214292,17.461383,78.399883,Medchal,Active,4.030158814181473,1.427263021304706,0.6745008744804342,0,0,Active Urban Shops
3302134,930,89190,291.47058823529414,282.0,359,36.34282283279776,77616,1.0179645428436725,0.8701010459392026,1872144.0,213696.0,9.293347265894822,1.0179645428436725,286.3333333333333,0.12468778772100138,0.8702320887991928,6462,5246.470588235294,673.2011324306297,1.2316851664984865,17.488754,78.498302,Medchal,Active,0.5141449079384806,1.9863820142820103,1.7803732186848542,0,0,Active Urban Shops
2281089,541,117324,383.4117647058824,396.0,548,105.89815889740109,102096,0.6447513340609977,0.860769217240827,2135106.0,0.0,0.0,0.6447513340609977,594.6666666666666,0.27619955527091417,0.8702055845351335,9864,6901.411764705882,1961.618689336167,1.429272783062289,17.271996,80.141833,Khammam,Active,1.8580918000699949,3.8809914965593735,0.9143476159020261,0,0,Active Urban Shops
1500014,537,198576,648.9411764705883,653.0,809,94.5994998977609,172692,1.0567168136625886,0.868550513860755,4290030.0,0.0,0.0,1.0567168136625886,614.1111111111111,0.14577515393962429,0.8696519216823785,14562,11680.941176470587,1752.326470388303,1.2466461203770849,17.406413,78.376312,Ranga Reddy,Active,3.5360226047974805,1.6751943088862573,1.1618423432940925,0,0,Active Urban Shops
2706031,924,110394,360.7647058823529,362.0,414,27.654961836450035,95994,0.9881331389955842,0.869093084158068,2182698.0,0.0,0.0,0.9881331389955842,365.27777777777777,0.07665650598722495,0.8695581281591391,7452,6493.764705882353,512.2703789762498,1.147562367519974,18.799546,78.916598,Jagityal,Active,0.6526219922277905,1.3151335506681512,1.4363808019969204,0,0,Active Urban Shops
4206004,939,126936,414.8235294117647,413.0,472,43.518545908545796,110376,1.0148735725236662,0.8696675303468473,2846772.0,0.0,0.0,1.0148735725236662,408.77777777777777,0.10490857635355623,0.869540555870675,8496,7466.823529411765,806.1215971624657,1.1378332387975043,16.38178,77.936728,Wanaparthy,Active,1.2529916543661168,1.403975771035666,1.4243398791311979,0,0,Active Urban Shops
1881052,533,238050,777.9411764705883,750.0,956,68.04070481744003,206982,0.9700014669209329,0.8693948483973785,5340726.0,0.0,0.0,0.9700014669209329,802.0,0.08746253171239927,0.8694896030245747,17208,14002.941176470587,1260.3610827153977,1.2288846880907374,18.668014,78.092631,Nizamabad,Active,4.3063497200566285,0.8841240768022021,0.45459558783076653,0,0,Active Urban Shops
1679958,536,144450,472.05882352941177,471.0,547,36.58616334243827,125550,0.4718792132644561,0.8691126438778526,3299814.0,189000.0,20.390803716081177,0.4718792132644561,1000.3888888888889,0.07750339898086611,0.8691588785046729,9846,8497.058823529413,677.7086828597737,1.1587538940809967,17.437556,78.533782,Hyderabad,Active,2.3568643056921514,1.5442048468782181,-0.5694969949901573,0,0,Active Urban Shops
1671111,536,194328,635.0588235294117,650.0,740,77.38812000954276,168822,0.8791777084386232,0.8684955818166297,4462884.0,289800.0,18.311088805350007,0.8791777084386232,722.3333333333334,0.12185976659524148,0.8687476843275287,13320,11431.058823529413,1433.5091764001825,1.1652463875509447,17.367132,78.514842,Hyderabad,Active,3.6849794498773742,1.4452250536743143,0.5012621233146042,0,0,Active Urban Shops
1679996,536,218178,713.0,705.0,883,59.34925800908971,189522,0.7900638418998048,0.8684638360818575,4874958.0,712800.0,6.910846045466038,0.7900638418998048,902.5,0.08323879103659146,0.8686577015097764,15894,12834.0,1099.3639069934943,1.238429172510519,17.444225,78.517824,Hyderabad,Active,4.654441069673811,1.1760865413102959,-0.0933356317939002,3,0,High-Volume Urban Hubs
1585655,537,258444,844.5882352941177,830.0,1007,92.54950146701833,224406,1.0475937495792476,0.8677139975034649,5248908.0,410544.0,13.103567878338014,1.0475937495792476,806.2222222222222,0.1095794348056353,0.868296420114222,18126,15202.588235294117,1714.3530506733266,1.192296977294888,17.342407,78.527871,Ranga Reddy,Active,5.297069843332722,0.9971005420646876,0.5558844765125454,3,0,High-Volume Urban Hubs
2706013,924,47358,154.76470588235293,140.0,400,84.64706009678046,41112,0.38689338524876904,0.8692655264793447,986310.0,0.0,0.0,0.38689338524876904,400.05555555555554,0.5469403350989236,0.8681109844165716,7200,2785.764705882353,1567.9711225582157,2.5845686050931205,18.789967,78.908592,Jagityal,Active,0.4065032600939358,8.521433978926488,1.8508858733117968,4,-1,Volatile Portability Hubs
1677776,536,508644,1662.235294117647,1698.0,1732,81.57303996175294,441234,1.4753575447347707,0.867401544235955,10847286.0,1745334.0,6.243682255868212,1.4753575447347707,1126.6666666666667,0.049074303890926464,0.8674711586099512,31176,29920.235294117647,1511.029100042905,1.0419704154575695,17.441293,78.424264,Hyderabad,Active,12.119183580529805,-1.775845933356935,-0.3030518938584801,3,0,High-Volume Urban Hubs
3302217,930,173988,568.5882352941177,566.0,628,41.93680326032583,150912,0.878985717358974,0.8669174653045087,3573036.0,435348.0,7.653143925183506,0.878985717358974,646.8888888888889,0.07375601649343462,0.867370163459549,11304,10234.588235294117,776.8219759719354,1.1044899648251605,17.475256,78.537886,Medchal,Active,2.825441694906383,0.9880551007796626,0.5362257832828038,0,0,Active Urban Shops
1673368,536,278442,909.9411764705883,924.0,1114,86.25142319902486,241506,0.8230658757696478,0.8672444950211149,6842628.0,1292184.0,5.315126998582162,0.8230658757696478,1105.5555555555557,0.09478791094339792,0.8673475984226517,20052,16378.941176470587,1597.6897567498922,1.2242549615359752,17.355802,78.463942,Hyderabad,Active,7.149115630307925,0.9172717895840636,-0.5865228801312419,3,0,High-Volume Urban Hubs
2706027,924,115614,377.8235294117647,378.0,390,6.847392847930256,100260,0.8624276444294193,0.8672262804919287,2510712.0,0.0,0.0,0.8624276444294193,438.3333333333333,0.018123256798196225,0.8671960143235248,7020,6800.823529411765,126.83859590741575,1.0322279308734237,18.799723,78.915853,Jagityal,Active,0.5730337196069684,0.6425519075577111,0.8480459683936796,0,0,Active Urban Shops
1599014,537,419238,1370.0588235294117,1339.0,1843,141.20796129017006,363492,1.2724006329835817,0.8672123259031211,9047574.0,0.0,0.0,1.2724006329835817,1081.888888888889,0.10306707921226615,0.8670301833326177,33174,24661.058823529413,2615.6845296831057,1.3451977158559099,0.0,0.0,Ranga Reddy,Active,9.336529778047945,0.15806257578599855,0.1589834040233279,3,-1,High-Volume Urban Hubs
1676642,536,201492,658.4705882352941,591.0,956,137.93460359828762,174672,1.120405425467556,0.8651905359750489,4147920.0,40500.0,115.53367647058823,1.120405425467556,587.7222222222222,0.2094772432705815,0.8668929783812757,17208,11852.470588235294,2555.0500513113006,1.4518492049312133,17.411614,78.509604,Hyderabad,Active,4.240807587121939,2.8402855543065053,1.5920121161647673,0,-1,Active Urban Shops
1677719,536,197514,645.4705882352941,678.0,751,99.99403646634711,171216,0.5379918495987034,0.8668562232556738,4296204.0,562590.0,8.05825102065261,0.5379918495987034,1199.7777777777778,0.15491648773607042,0.8668550077462863,13518,11618.470588235294,1852.2528889722057,1.1634922081472707,17.429188,78.448863,Hyderabad,Active,4.675656088024863,2.018833361090561,-0.7026339011159829,0,0,Active Urban Shops
3513036,932,200934,656.6470588235294,670.0,730,51.53607306912989,174132,1.1850226527211372,0.8665902142504673,4241736.0,0.0,0.0,1.1850226527211372,555.0,0.07848367304265952,0.8666129176744602,13140,11819.64705882353,954.6353322850871,1.1117083221356265,19.122818,78.335956,Nirmal,Active,3.027730943667649,0.5580185690432294,1.3027755607376834,0,0,Active Urban Shops
3384162,930,320562,1047.5882352941176,1077.0,1168,100.04828535323105,277704,1.3124940604184816,0.8659641572364196,7243920.0,767466.0,10.15710590723024,1.3124940604184816,798.1666666666666,0.09550344494384458,0.8663035543826155,21024,18856.58823529412,1853.2577754734878,1.1149418833174236,17.515883,78.438415,Medchal,Active,7.162457346551181,0.09736140088269724,0.7449315847474662,3,0,High-Volume Urban Hubs
1675562,536,298314,974.8823529411765,976.0,1099,63.575945670419614,258426,1.2137475072948944,0.8657181802221473,7505568.0,1289754.0,5.829411686366097,1.2137475072948944,803.3333333333334,0.06521396707881093,0.8662885416038134,19782,17547.882352941175,1177.6575203742887,1.1273155131840946,17.385163,78.449105,Hyderabad,Active,7.016762300003169,-0.0730290687061321,0.4106195720887387,3,0,High-Volume Urban Hubs
1675607,536,127008,415.05882352941177,432.0,492,64.83666593648158,109998,0.7498178172723774,0.8656231049611353,3295656.0,592236.0,5.644227585119701,0.7498178172723774,553.5555555555555,0.15621078811227138,0.8660714285714286,8856,7471.058823529412,1201.010640595465,1.185374149659864,17.380873,78.452494,Hyderabad,Active,2.3012121803973087,2.2087244472982768,0.6516031425291998,0,0,Active Urban Shops
1671172,536,256338,837.7058823529412,822.0,933,51.97942623932789,221994,1.0249973036712057,0.8660354797740697,5572890.0,1040508.0,5.367548477494593,1.0249973036712057,817.2777777777778,0.06204973288874195,0.8660206446176533,16794,15078.70588235294,962.8478439443256,1.1137560564567095,17.359963,78.508705,Hyderabad,Active,5.516894650610274,0.32922216389230735,0.23423450030506696,3,0,High-Volume Urban Hubs
1673329,536,397170,1297.9411764705883,1317.0,1377,97.45544490464445,343872,1.077880655519122,0.8657673737406407,9610974.0,1683072.0,5.797684118594905,1.077880655519122,1204.4444444444443,0.07508463917421054,0.8658055744391571,24786,23362.941176470587,1805.2289491428874,1.0609109449354182,17.357548,78.44344,Hyderabad,Active,10.114188018158133,-0.4615458208938572,-0.780863288622253,3,0,High-Volume Urban Hubs
2060025,534,187218,611.8235294117648,611.0,823,96.86611464213404,162090,1.3127711788829053,0.8645204653098179,3782988.0,0.0,0.0,1.3127711788829053,466.05555555555554,0.15832361781715976,0.8657821363330449,14814,11012.823529411764,1794.3124113185434,1.3451591193154506,18.460498,79.100683,Karimnagar,Active,3.24129838930378,1.823272090604596,2.0520438005098134,0,0,Active Urban Shops
1585684,537,426834,1394.8823529411766,1430.0,1477,83.78183544095549,369540,1.6469586219368142,0.8653194661666562,8789076.0,816804.0,15.401756200331164,1.6469586219368142,846.9444444444445,0.060063728861647334,0.865769830894446,26586,25107.882352941175,1551.94401809283,1.0588706616623793,17.330931,78.605451,Ranga Reddy,Active,9.20135471542743,-1.318542726648064,0.9389297271196857,3,0,High-Volume Urban Hubs
3724022,934,80442,262.88235294117646,262.0,306,20.414697751413836,69642,1.0617800698620052,0.8662052129192451,1772100.0,0.0,0.0,1.0617800698620052,247.61111111111111,0.07765716307317862,0.8657417766838219,5508,4731.882352941177,378.15438023923195,1.1640187961512642,17.628669,78.086824,Sangareddy,Active,-0.1092587762705731,1.426667708836449,1.852845450793924,0,0,Active Urban Shops
2060024,534,180756,590.7058823529412,582.0,776,100.17249924319914,156474,1.2645983988982072,0.8655705992306539,3659472.0,0.0,0.0,1.2645983988982072,467.1111111111111,0.16958100847783164,0.86566421031667,13968,10632.70588235294,1855.558668053434,1.3136825333598885,18.460771,79.100643,Karimnagar,Active,3.087967541088035,1.9480364837582862,1.97967322547026,0,0,Active Urban Shops
3031018,927,165348,540.3529411764706,534.0,628,86.95772257776349,143118,0.7915998449243742,0.865154738,3167424.0,0.0,0.0,0.7915998449243742,682.6666666666666,0.1609276381256237,0.8655562812976269,11304,9726.35294117647,1610.772987620248,1.1622033529283693,17.519979,80.632269,Bhadrdri Kothagudem,Active,2.6100666761511047,2.0445000379428016,0.6309661397644538,0,0,Active Urban Shops
2084124,534,287046,938.0588235294117,924.0,1098,92.90045688317778,248418,1.0640822666748955,0.8650483019429487,6340590.0,0.0,0.0,1.0640822666748955,884.5,0.09903478817420344,0.8654292343387471,19764,16885.058823529413,1720.8540201956491,1.1705022888317551,18.438991,79.141473,Karimnagar,Active,5.604564465530311,0.5693189976846548,0.38575562330480395,3,0,High-Volume Urban Hubs
1677718,536,338580,1106.4705882352941,1083.0,1269,67.75617412540252,293004,1.034084661902144,0.865129611059581,7772562.0,1301004.0,6.199724325027091,1.034084661902144,1070.0,0.06123630835363333,0.8653907496012759,22842,19916.470588235294,1255.090540441561,1.1468899521531102,17.454683,78.414502,Hyderabad,Active,8.048380303678428,-0.11472576627221528,-0.41011317195903885,3,0,High-Volume Urban Hubs
1672244,536,354348,1158.0,1179.0,1258,62.089200771623936,306612,0.9329104275233258,0.8649719401150244,9238626.0,1597770.0,5.787694808129443,0.9329104275233258,1241.2777777777778,0.053617617246652795,0.8652849740932642,22644,20844.0,1150.117602682439,1.0863557858376511,17.322286,78.4918,Hyderabad,Active,8.989127455920723,-0.4496826234190676,-1.048046694955125,3,0,High-Volume Urban Hubs
1673385,536,119538,390.6470588235294,323.0,623,128.12997860590872,103428,0.498526683117816,0.8490573956728893,2916558.0,572256.0,5.207385077461991,0.498526683117816,783.6111111111111,0.3279942232044042,0.865231139888571,11214,7031.64705882353,2373.4327708294286,1.5947899412739044,17.350099,78.471242,Hyderabad,Active,3.0248714775401364,4.805826733995465,0.46892020233253184,4,0,Volatile Portability Hubs
2111024,540,260208,850.3529411764706,829.0,990,59.292492056515385,225108,1.0184549192488928,0.8640890119176615,5192352.0,0.0,0.0,1.0184549192488928,834.9444444444445,0.06972692065306872,0.8651079136690647,17820,15306.35294117647,1098.3123952897276,1.1642224681793027,18.019157,79.556063,Hanumakonda,Active,4.552267381166321,0.4222540803253961,0.40166316557116893,0,0,Active Urban Shops
1673362,536,197910,646.7647058823529,538.0,911,194.5489197093552,171198,1.2679960196044622,0.867336639113775,4665492.0,843408.0,5.560607511564521,1.2679960196044622,510.22222222222223,0.3008032410240144,0.8650295588904048,16398,11641.764705882353,3603.7528967975136,1.4085493406093679,17.36037,78.462022,Hyderabad,Active,5.31658568340985,3.5801248980496574,2.1058073943711086,3,-1,High-Volume Urban Hubs
1672315,536,309888,1012.7058823529412,1026.0,1395,148.48537521860206,267894,0.843921568627451,0.8643995758775699,7232940.0,1399158.0,5.169714422600124,0.843921568627451,1200.0,0.14662240815033892,0.8644865241635687,25110,18228.70588235294,2750.488678505737,1.3774976765799256,17.330348,78.491625,Hyderabad,Active,8.723498038578997,1.7496592220189184,-0.5808373089630744,3,0,High-Volume Urban Hubs
3384025,930,176094,575.4705882352941,584.0,602,22.22834074131184,152190,0.8231464578018947,0.8639871300189595,4440816.0,509958.0,10.204573193195587,0.8231464578018947,699.1111111111111,0.03862637152226324,0.8642543187161402,10836,10358.470588235294,411.7496383797834,1.046100378207094,17.456303,78.412444,Medchal,Active,2.928270378643631,0.4793823830985999,0.1681088177021049,0,0,Active Urban Shops
1672316,536,429642,1404.0588235294117,1384.0,1584,96.6582782691459,371304,1.1691289144485624,0.8641207274849086,10358910.0,1918998.0,5.434116904081006,1.1691289144485624,1200.9444444444443,0.06884204326010643,0.8642171854706943,28512,25273.058823529413,1790.4625265063573,1.1281578616615693,17.341702,78.481575,Hyderabad,Active,11.111615592369025,-0.6447941682902274,-0.7425894068098073,3,0,High-Volume Urban Hubs
3302203,930,290196,948.3529411764706,949.0,1096,79.56261339559877,250740,1.1499166272116128,0.8634956046344766,6300000.0,852408.0,6.761731405590814,1.1499166272116128,824.7222222222222,0.08389557298878422,0.8640367200099244,19728,17070.352941176472,1473.7886950465659,1.1556878799156431,17.466095,78.546767,Medchal,Active,6.376798910745727,0.35653697736131046,0.4602735962407815,3,0,High-Volume Urban Hubs
1807024,533,105642,345.2352941176471,359.0,384,40.36859105398285,91242,0.7882084340585549,0.8625355334156773,1971810.0,0.0,0.0,0.7882084340585549,438.0,0.11693066074590362,0.8636905776111774,6912,6214.235294117647,747.7729877285421,1.1122848866927926,18.836792,78.512546,Nizamabad,Active,0.665172518437012,1.7796397990402197,0.9628497900383021,0,0,Active Urban Shops
3302218,930,117252,383.1764705882353,352.0,658,100.15922521351325,101268,0.8767267493630161,0.8635080013996534,2338092.0,253350.0,12.549608400187426,0.8767267493630161,437.22222222222223,0.26139189877643926,0.8636782315013817,11844,6897.176470588235,1855.3127847917624,1.7172244396684067,17.48118,78.54583,Medchal,Active,2.1137800568426526,4.193550284835792,1.6873100107082577,0,0,Active Urban Shops
1585768,537,232020,758.2352941176471,762.0,945,85.33865149371464,200358,0.9876518278602462,0.8622789233422449,4738698.0,572490.0,8.288850419724787,0.9876518278602462,767.7222222222222,0.11254903610497663,0.8635376260667184,17010,13648.235294117647,1580.7819081633208,1.2463149728471683,17.348791,78.538716,Ranga Reddy,Active,4.8548249804781936,1.3011877485525272,0.5487588874808262,3,0,High-Volume Urban Hubs
3302028,930,138492,452.5882352941176,445.0,559,37.81187763978529,119538,0.7331362049824978,0.8618943417885228,2840526.0,441630.0,7.39056398867245,0.7331362049824978,617.3333333333334,0.0835458694926371,0.8631401091759813,10062,8146.588235294118,700.4133653443096,1.2351182739797244,17.41642,78.5812,Medchal,Active,2.063782926704983,1.665529365886443,0.44258406147214563,0,0,Active Urban Shops
1671167,536,199620,652.3529411764706,535.0,1117,249.3686840761656,172260,0.5422717715515134,0.8592466821624151,4959828.0,925848.0,5.280494027316154,0.5422717715515134,1203.0,0.3822603813611195,0.8629395852119026,20106,11742.35294117647,4619.214123381494,1.712263300270514,17.360039,78.487447,Hyderabad,Active,6.8576347487462925,5.5920728950602525,0.015795198396007022,3,-1,High-Volume Urban Hubs
3384003,930,283248,925.6470588235294,943.0,1011,61.25854593717945,244422,0.7263590859486696,0.8628349302756172,5794128.0,742914.0,8.212653886911625,0.7263590859486696,1274.388888888889,0.06617916121835604,0.8629257752923233,18198,16661.647058823528,1134.7308569202912,1.092208947635994,17.48586,78.394566,Medchal,Active,6.254424158298881,0.35302802120606,-0.9569586398093963,3,0,High-Volume Urban Hubs
3302117,930,254916,833.0588235294117,824.0,971,81.97354513633003,219960,0.7612107635119983,0.8624762045396301,5252526.0,197820.0,19.591256090314914,0.7612107635119983,1094.388888888889,0.09840066850145535,0.862872475639034,17478,14995.058823529413,1518.4479111327885,1.1655839570682107,17.472764,78.565082,Medchal,Active,5.158997557579103,0.9974106526214758,-0.39274229468304084,3,0,High-Volume Urban Hubs
1676662,536,378378,1236.5294117647059,1232.0,1324,71.12344925375324,326466,1.1962389145574523,0.8627603491900172,8188398.0,1279548.0,6.476661338547658,1.1962389145574523,1033.888888888889,0.057518606979392276,0.8628038628038628,23832,22257.529411764706,1317.4647109907278,1.0707387850244994,17.387741,78.52661,Hyderabad,Active,8.69802555014943,-0.649557374374674,-0.18220306387674906,3,0,High-Volume Urban Hubs
1890037,533,239274,781.9411764705883,801.0,843,62.21403935111319,206424,1.2673276766135952,0.8622532668475265,5076018.0,0.0,0.0,1.2673276766135952,617.0,0.0795635800021759,0.8627096968329195,15174,14074.941176470587,1152.430066782158,1.0780862107876326,18.681857,78.099101,Nizamabad,Active,3.9724131067798183,0.21348968200624663,1.2534338419439743,0,0,Active Urban Shops
1672243,536,312210,1020.2941176470588,1035.0,1148,71.25828175996693,269262,1.138370046386109,0.8620943325555669,8014968.0,1277910.0,6.326879926530003,1.138370046386109,896.2777777777778,0.06984092187485949,0.8624387431536465,20664,18365.29411764706,1319.9622989268425,1.1251657538195445,17.354428,78.476491,Hyderabad,Active,7.489913345137691,-0.06432590642498232,0.06939629720877702,3,0,High-Volume Urban Hubs
3302077,930,330480,1080.0,1055.0,1325,96.22719018628537,284994,0.8750855212323218,0.8614932516000143,7047180.0,792504.0,11.265447858285832,0.8750855212323218,1234.2777777777778,0.08909925017248645,0.862363834422658,23850,19440.0,1782.4772088304514,1.2268518518518519,17.428864,78.549842,Medchal,Active,7.756158718040305,0.5667044910845483,-0.6927728918201831,3,0,High-Volume Urban Hubs
1675506,536,434574,1420.1764705882354,1472.0,1602,163.53056034228902,374742,1.5670457363664485,0.8638046892354307,9473670.0,1211112.0,7.899783296460781,1.5670457363664485,906.2777777777778,0.11514805640636679,0.8623203412997557,28836,25563.176470588234,3029.180174471595,1.1280288282317856,17.406838,78.401115,Hyderabad,Active,10.717879980725034,-0.27390452714149555,0.7445914616164796,3,-1,High-Volume Urban Hubs
1677788,536,390258,1275.3529411764705,1235.0,1783,147.68759542961007,336438,1.113899454642455,0.8617756691971322,8664048.0,1421370.0,6.109778968290255,1.113899454642455,1144.9444444444443,0.11580135244238603,0.8620912319542456,32094,22956.352941176472,2735.7108980385815,1.3980443706471102,17.447923,78.415986,Hyderabad,Active,10.38423934189374,0.8547636728940844,-0.31637706285461364,3,-1,High-Volume Urban Hubs
2111049,540,119646,391.0,397.0,407,28.226252168423056,103140,0.9483945055798972,0.8621193949093474,2483460.0,0.0,0.0,0.9483945055798972,412.27777777777777,0.07218990324404874,0.8620430269294419,7326,7038.0,522.8527517380013,1.040920716112532,18.003471,79.574177,Hanumakonda,Active,0.834591797527212,1.016451354903108,1.1772782725841626,0,0,Active Urban Shops
3213033,929,115722,378.1764705882353,380.0,392,11.822799672352328,99738,1.0022475736837109,0.8621142860338247,2278332.0,0.0,0.0,1.0022475736837109,377.3333333333333,0.03126265273448275,0.8618758749416705,7056,6807.176470588235,219.00120869932368,1.0365531186809769,18.981825,79.482592,Manchiryala,Active,0.54179329291986,0.640266101190564,1.2802443764783198,0,0,Active Urban Shops
3302046,930,296676,969.5294117647059,944.0,1408,128.96653823597367,255654,1.3620688562384948,0.8601704473378866,6130224.0,550062.0,18.720478252160348,1.3620688562384948,711.8333333333334,0.1330197275823051,0.8617279456376653,25344,17451.529411764706,2388.928894861856,1.452250940419852,17.385635,78.527786,Medchal,Active,6.856232852050055,1.3541496828008128,1.3339576634740202,3,0,High-Volume Urban Hubs
4317047,940,151308,494.47058823529414,488.0,581,32.32398669283265,130356,0.9039691738536494,0.8608046384349668,3112812.0,0.0,0.0,0.9039691738536494,547.0,0.06537089861743457,0.8615274803711634,10458,8900.470588235294,598.7576844649949,1.1749940518677136,17.993943,79.599927,Warangal,Active,1.732080771683618,1.0956095424016608,0.8557205088532639,0,0,Active Urban Shops
3307002,930,371970,1215.5882352941176,1204.0,1551,150.75040839622852,320436,1.0644583263172258,0.8607630192148971,7648362.0,0.0,0.0,1.0644583263172258,1142.6666666666667,0.12401436935571668,0.8614565690781515,27918,21880.58823529412,2792.44532307312,1.2759254778611178,17.523571,78.390219,Medchal,Active,8.239186999359347,0.7474796115780372,-0.11073171254412362,3,-1,High-Volume Urban Hubs
1677753,536,409608,1338.5882352941176,1352.0,1478,103.973043758231,352836,1.28930822435451,0.8610174873225372,9130698.0,1452384.0,6.3089135158790395,1.28930822435451,1038.2222222222222,0.07767365722842007,0.8613991914220426,26604,24094.58823529412,1925.9585619511502,1.1041483564774124,17.413031,78.441152,Hyderabad,Active,9.956672984867012,-0.5408303709071488,-0.09037943201707827,3,0,High-Volume Urban Hubs
1534002,537,158364,517.5294117647059,515.0,584,28.865330915012397,136404,1.2588970345319042,0.8613444409237224,3512430.0,0.0,0.0,1.2588970345319042,411.3333333333333,0.05577524727838267,0.8613321209365765,10512,9315.529411764706,534.690812251232,1.128438281427597,17.195751,78.649878,Ranga Reddy,Active,1.8113183846870502,0.5124610860019707,1.7528915007799637,0,0,Active Urban Shops
1890002,533,272718,891.2352941176471,877.0,1013,42.97994419144934,234864,1.02323225501452,0.8608799161724252,5609664.0,0.0,0.0,1.02323225501452,871.0,0.048225137037465435,0.8611972807075441,18234,16042.235294117647,796.1447363240371,1.136624645237938,18.684178,78.114659,Nizamabad,Active,4.706500977188093,0.0007658968627775861,0.2386614891282233,0,0,Active Urban Shops
3301034,930,449316,1468.3529411764705,1506.0,1601,153.08703066731107,386946,1.547022830932629,0.8612244781802905,9539244.0,0.0,0.0,1.547022830932629,949.2222222222222,0.10425765248554957,0.8611890072910825,28818,26430.352941176472,2835.7280577740626,1.0903373127153273,17.63216,78.487591,Medchal,Active,9.568337712401275,-0.6835625600375488,0.745406703436134,3,0,High-Volume Urban Hubs
1673304,536,369612,1207.8823529411766,1208.0,1355,102.06008780922079,318258,1.4349388401616265,0.8610885869328847,8296272.0,1452942.0,5.7647004784743,1.4349388401616265,841.7777777777778,0.08449505662592545,0.8610597058537061,24390,21741.882352941175,1890.5236669489536,1.1217979935716373,17.377091,78.441366,Hyderabad,Active,8.939976789816658,-0.316742439400162,0.6522358110768804,3,0,High-Volume Urban Hubs
3302109,930,293850,960.2941176470588,961.0,1210,143.17788465335374,253008,0.8776496862577453,0.860133809311504,6118128.0,288000.0,8.274264705882354,0.8776496862577453,1094.1666666666667,0.14909795032814785,0.861010719754977,21780,17285.29411764706,2652.1746681899053,1.2600306278713629,17.488982,78.57677,Medchal,Active,6.743619708450654,1.5470842041366384,-0.1478691479338588,3,-1,High-Volume Urban Hubs
3302008,930,296118,967.7058823529412,953.0,1107,54.30597978762832,254898,1.3083107656669888,0.8604002200228249,6195384.0,533286.0,10.247092762174836,1.3083107656669888,739.6666666666666,0.056118269794521995,0.8607987356391709,19926,17418.70588235294,1005.9440693141134,1.1439426174700627,17.403111,78.564773,Medchal,Active,5.810587825025061,-0.20919045823518378,0.876083792416762,3,0,High-Volume Urban Hubs
3302037,930,271710,887.9411764705883,869.0,1063,122.89738410662247,233838,1.0278079006004022,0.8600403854847005,5604480.0,612468.0,23.368575552075438,1.0278079006004022,863.9444444444445,0.13840712353842874,0.8606160980457105,19134,15982.941176470587,2276.506107794031,1.19715137462736,17.39991,78.565663,Medchal,Active,6.118255191294142,1.3303912745765372,0.4322050768994615,3,0,High-Volume Urban Hubs
1581644,537,158958,519.4705882352941,519.0,642,66.92977076069418,136800,0.6600642798415427,0.8581023807994606,3415572.0,14400.0,3.7054117647058824,0.6600642798415427,787.0,0.12884227187541628,0.8606046880308006,11556,9350.470588235294,1239.7825473468652,1.2358736269958104,17.444542,78.390835,Ranga Reddy,Active,2.523519658384875,1.964292932688368,0.17058880542026203,0,0,Active Urban Shops
2034331,534,36540,119.41176470588235,149.0,177,52.092040789327044,31446,0.6824894876365465,0.8469218515518907,695340.0,0.0,0.0,0.6824894876365465,175.0,0.4362387652308176,0.8605911330049261,3186,2149.4117647058824,964.9338746012295,1.4822660098522167,18.293392,79.46841,Karimnagar,Active,-0.6987636274819341,5.068539720149805,1.9756095264026117,4,0,Volatile Portability Hubs
1882508,533,64422,210.52941176470588,180.0,446,109.04527913946423,55440,0.44588083569442527,0.8499861307322978,1548828.0,0.0,0.0,0.44588083569442527,472.1666666666667,0.5179574588910008,0.8605755797708857,8028,3789.529411764706,2019.9147914468779,2.118468846046382,18.654752,77.890279,Nizamabad,Active,0.9480496251943112,7.303820354991497,1.5389428206436946,4,0,Volatile Portability Hubs
3511005,932,138384,452.2352941176471,452.0,469,9.266732110705012,119088,0.8652909182320947,0.8605737349638735,2999322.0,0.0,0.0,0.8652909182320947,522.8888888888889,0.020490952898281116,0.8605619146722164,8442,8140.235294117647,171.6535498510608,1.0370707596253903,18.976699,77.912178,Nirmal,Active,1.1494201861499422,0.4967347402788861,0.6712427813007571,0,0,Active Urban Shops
3724041,934,233496,763.0588235294117,772.0,807,40.94189970431584,200934,1.4578492445209015,0.8601452751834203,4999302.0,0.0,0.0,1.4578492445209015,523.4444444444445,0.05365497186042008,0.86054579093432,14526,13735.058823529413,758.3927470799872,1.0575855689176688,17.609053,78.086637,Sangareddy,Active,3.581424782387578,-0.2776099429404113,1.7555435127859182,0,0,Active Urban Shops
1585300,537,323190,1056.1764705882354,1076.0,1206,97.24129984410558,278100,1.4072832519756628,0.8598433884444768,7511238.0,915426.0,8.426033571150967,1.4072832519756628,751.6111111111111,0.09206917835420746,0.860484544695071,21708,19011.176470588234,1801.2622045143137,1.1418546365914788,17.310361,78.476341,Ranga Reddy,Active,7.361119279357317,-0.005874824966582024,0.9624520717432045,3,0,High-Volume Urban Hubs
3810040,935,220068,719.1764705882352,708.0,788,27.858451970469133,189360,1.4578013362763391,0.860437130244254,4652856.0,0.0,0.0,1.4578013362763391,493.3333333333333,0.03873660097316991,0.860461311958122,14184,12945.176470588236,516.0397556504387,1.0956976934402094,17.844883,78.679209,Siddipet,Active,3.1565685293734287,-0.27522680850890296,1.8346004483332794,0,0,Active Urban Shops
1676694,536,349830,1143.235294117647,1156.0,1231,57.12129914326929,300996,1.1773119994346941,0.8604076431528861,7450398.0,1058400.0,7.0477904716035376,1.1773119994346941,971.0555555555555,0.04996460434451134,0.8604064831489581,22158,20578.235294117647,1058.0940133922275,1.0767687162335993,17.385623,78.526032,Hyderabad,Active,7.681284896106351,-0.5954571089080126,-0.031326982665447804,3,0,High-Volume Urban Hubs
1677773,536,225774,737.8235294117648,718.0,879,79.35263629631048,194184,0.709445701357466,0.8604154614617793,5291964.0,779076.0,6.91647815777342,0.709445701357466,1040.0,0.10754961468845396,0.8600813202583114,15822,13280.823529411764,1469.899156204862,1.1913417842621383,17.450347,78.420514,Hyderabad,Active,5.165595184541372,1.3432344480618663,-0.4297535884866782,3,0,High-Volume Urban Hubs
1679986,536,314280,1027.0588235294117,962.0,1622,186.99505508651288,270288,0.9068981925185692,0.8600579279683369,7039944.0,863100.0,10.066244988415319,0.9068981925185692,1132.5,0.182068495788701,0.8600229095074456,29196,18487.058823529413,3463.8278766162057,1.579266895761741,17.445054,78.516525,Hyderabad,Active,8.644264939414999,2.5572611884653846,-0.11523164928912673,3,-1,High-Volume Urban Hubs
3610011,933,123408,403.29411764705884,418.0,466,49.943559272697684,106092,0.9600973775627961,0.8605402875834194,2551284.0,0.0,0.0,0.9600973775627961,420.05555555555554,0.1238390472047638,0.8596849474912486,8388,7259.294117647059,925.1361902921294,1.1554842473745626,18.617536,79.374246,Peddapalli,Active,1.2059102055783948,1.6646979397208823,1.3375931703346642,0,0,Active Urban Shops
2060007,534,120960,395.29411764705884,376.0,600,112.15334247172284,103986,0.6915328593025303,0.8595372860121208,2420064.0,0.0,0.0,0.6915328593025303,572.5555555555555,0.2837212532766798,0.859672619047619,10800,7115.294117647059,2077.4874176726644,1.517857142857143,18.44695,79.076128,Karimnagar,Active,2.017108289747861,4.077369582157254,1.0816242755736973,0,0,Active Urban Shops
3810026,935,144198,471.2352941176471,466.0,514,32.04970825797649,123948,0.9256047728633845,0.8593696292762972,2978208.0,0.0,0.0,0.9256047728633845,509.1111111111111,0.06801211339228565,0.8595680938709275,9252,8482.235294117647,593.6770512462737,1.0907502184496318,17.852284,78.683268,Siddipet,Active,1.4842155143625266,0.9656935921815221,0.9405444670541696,0,0,Active Urban Shops
3003021,927,252792,826.1176470588235,835.0,898,43.42847010233165,217242,1.1661110914045891,0.8593082768605678,4775814.0,0.0,0.0,1.1661110914045891,708.4444444444445,0.052569352872375255,0.85937054970094,16164,14870.117647058823,804.4530659361785,1.0870122472230135,17.670819,80.899864,Bhadrdri Kothagudem,Active,4.037549808830641,-0.024166785890839402,0.8329745969552236,0,0,Active Urban Shops
1671155,536,314010,1026.1764705882354,1036.0,1099,48.42992133606213,269820,1.1698034541091729,0.8590017640486027,8297190.0,1417662.0,5.853312189562792,1.1698034541091729,877.2222222222222,0.04719453497925229,0.8592719977070794,19782,18471.176470588234,897.0981158222136,1.0709658928059616,17.361696,78.499753,Hyderabad,Active,7.415310676357783,-0.5174764692542753,0.037702303414460715,3,0,High-Volume Urban Hubs
2155018,540,17766,493.5,493.5,496,2.5354627641855463,15264,0.9592965012255351,0.8591604526640825,366372.0,0.0,0.0,0.9592965012255351,514.4444444444445,0.0051377158342159,0.8591691995947315,8928,8883.0,63.63961030678928,1.005065856129686,17.96137,79.4794,Hanumakonda,Active,0.24768034296456565,0.29905662431545227,0.9338616112158908,0,-1,Active Urban Shops
3384178,930,106866,349.2352941176471,318.0,491,78.86346489029859,91800,0.48374266469624716,0.8555183684639137,2220462.0,302022.0,6.638807610481139,0.48374266469624716,721.9444444444445,0.22581756832324001,0.8590197069226883,8838,6286.235294117647,1460.8379243353693,1.405928920330133,17.518409,78.441057,Medchal,Active,1.7783700271988199,3.564296790662954,0.2886808514113588,0,0,Active Urban Shops
1881040,533,233766,763.9411764705883,723.0,920,76.16128144104806,200790,0.9682397673898455,0.8591384522042871,6018750.0,0.0,0.0,0.9682397673898455,789.0,0.09969521710154901,0.8589358589358589,16560,13750.941176470587,1410.7836683288933,1.2042812042812043,18.670252,78.091269,Nizamabad,Active,4.3438825886347905,0.9248073889929368,0.44681106682132243,0,0,Active Urban Shops
1675561,536,203814,666.0588235294117,686.0,710,35.884191741936206,174996,1.1080467436866903,0.858788764836998,4627080.0,775008.0,5.978082950740679,1.1080467436866903,601.1111111111111,0.053875409309627795,0.8586063764020136,12780,11989.058823529413,664.7056181675684,1.0659719155700784,17.388077,78.451084,Hyderabad,Active,3.7949885296640966,0.30142961242174604,0.8366113415990806,0,0,Active Urban Shops
1881045,533,287892,940.8235294117648,950.0,1097,67.96326082230584,247176,0.9278338554356654,0.8586456070250487,7384824.0,0.0,0.0,0.9278338554356654,1014.0,0.07223805389391016,0.8585719644866825,19746,16934.823529411766,1258.9265385286644,1.1659997499062147,18.671319,78.090711,Nizamabad,Active,5.714548233319008,0.20386064764244713,-0.22143821984961767,3,0,High-Volume Urban Hubs
1784007,535,183240,598.8235294117648,605.0,639,28.47653452093646,157320,1.1760696223087763,0.8584603383514402,4020156.0,0.0,0.0,1.1760696223087763,509.22222222222223,0.0475541342687544,0.8585461689587426,11502,10778.823529411764,527.4888903207013,1.0670923379174853,18.042618,78.262116,Medak,Active,2.3580134990639934,0.22935215692095562,1.29521577139928,0,0,Active Urban Shops
2084116,534,236286,772.1764705882352,810.0,859,115.62648273698099,202860,1.575924896209116,0.8588635568526102,4861746.0,0.0,0.0,1.575924896209116,490.0,0.14974100758198194,0.8585358421573855,15462,13899.176470588236,2141.8225952239286,1.1124400091414641,18.429542,79.133651,Karimnagar,Active,4.35096198378495,0.8079812861223329,2.3227325781852364,0,0,Active Urban Shops
4317035,940,75726,247.47058823529412,266.0,357,71.43063206836148,64998,0.46469347433412417,0.8581717759225396,1611414.0,0.0,0.0,0.46469347433412417,532.5555555555555,0.2886429154176718,0.8583313525077252,6426,4454.470588235294,1323.1548528822627,1.442595673876872,17.984879,79.604267,Warangal,Active,0.6026343404053397,4.160169392633451,0.6963812976412426,0,0,Active Urban Shops
3201026,929,84996,277.7647058823529,300.0,336,55.205697580259304,72954,0.5718692434843534,0.8617661377095195,1661094.0,0.0,0.0,0.5718692434843534,485.72222222222223,0.1987498642237205,0.8583227445997459,6048,4999.764705882353,1022.6101120057783,1.2096569250317661,19.077706,79.489603,Manchiryala,Active,0.4679793581947165,2.8890606752614647,0.677045692603773,0,0,Active Urban Shops
4213019,939,229086,748.6470588235294,740.0,870,58.19035699373938,196542,1.1948673728091943,0.8567130746719799,4899492.0,0.0,0.0,1.1948673728091943,632.8333333333334,0.07772735671356718,0.8579398129959928,15660,13475.64705882353,1077.8968492611248,1.1620963306356564,16.358075,78.064575,Wanaparthy,Active,3.7698662175420576,0.4779151394950186,1.1363506240959322,0,0,Active Urban Shops
1585700,537,307908,1006.2352941176471,1031.0,1162,91.14195483183885,264150,1.3288516322703634,0.8576363218765108,6602202.0,688086.0,9.761817783401215,1.3288516322703634,757.2222222222222,0.09057717947745003,0.8578861218285981,20916,18112.235294117647,1688.2801725947238,1.154799485560622,17.351202,78.553211,Ranga Reddy,Active,6.646956666817138,0.1601557935047444,0.9003992850570328,3,0,High-Volume Urban Hubs
1539013,537,321840,1051.764705882353,1049.0,1169,67.66588744715888,275976,1.6474638063783174,0.8572749088941823,6713676.0,0.0,0.0,1.6474638063783174,638.9444444444445,0.06433557531329424,0.8574944071588367,21042,18931.764705882353,1253.4181030990712,1.1114653243847874,17.065392,78.201458,Ranga Reddy,Active,5.828963627478711,-0.6977275136280455,1.756798150249271,3,0,High-Volume Urban Hubs
2111042,540,254358,831.2352941176471,812.0,1029,62.41676579157584,218016,0.9476968085419722,0.856179364092022,5290110.0,0.0,0.0,0.9476968085419722,877.1111111111111,0.0750891669702632,0.8571226381713962,18522,14962.235294117647,1156.1852970767582,1.2379166371806667,18.011819,79.570769,Hanumakonda,Active,4.5908649646552995,0.6838159126898742,0.23154816682304072,0,0,Active Urban Shops
1882506,533,155034,506.6470588235294,541.0,632,107.53064195165123,132858,1.4073529411764705,0.8694917748534087,3591558.0,0.0,0.0,1.4073529411764705,360.0,0.2122397437801081,0.8569604086845466,11376,9119.64705882353,1991.8582072143236,1.2474166956925576,18.64721,77.888064,Nizamabad,Active,2.620941571506786,2.089561160605757,2.555484822768387,0,0,Active Urban Shops
3612012,933,64548,210.94117647058823,212.0,241,24.287144354708737,55314,0.868670163344378,0.8581458924959666,1221192.0,0.0,0.0,0.868670163344378,242.83333333333334,0.11513704797268504,0.8569436698271055,4338,3796.9411764705883,449.88616207161715,1.1424986056887898,18.755562,79.505993,Peddapalli,Active,-0.5221364245216626,1.9361723948766787,1.5157702949370224,0,0,Active Urban Shops
1585762,537,379728,1240.9411764705883,1252.0,1373,84.45786496636639,325350,1.533919872027921,0.8562885053738578,7658442.0,790416.0,10.65987078389195,1.533919872027921,809.0,0.0680595233422558,0.856797497155859,24714,22336.941176470587,1564.4665412924398,1.106418278346606,17.350159,78.561974,Ranga Reddy,Active,8.120299833008348,-0.7492224708592741,0.9604745832380945,3,0,High-Volume Urban Hubs
3803047,935,96390,315.0,322.0,367,29.131696443992382,82566,0.6994548825162384,0.8563203944957398,1935684.0,0.0,0.0,0.6994548825162384,450.3888888888889,0.09248157601267423,0.8565826330532212,6606,5670.0,539.6248697011657,1.1650793650793652,18.110879,78.847233,Siddipet,Active,0.38910503601710217,1.79414655062175,0.7362943474492758,0,0,Active Urban Shops
2110003,540,119250,389.70588235294116,396.0,408,18.343492115444988,102132,0.9222810534505803,0.8565016418917611,2322918.0,0.0,0.0,0.9222810534505803,422.55555555555554,0.04707009297548148,0.8564528301886792,7344,7014.705882352941,339.7881260259624,1.046943396226415,18.065919,79.524642,Hanumakonda,Active,0.698022558033513,0.8397491109015677,1.0580159363655548,0,0,Active Urban Shops
1890032,533,306360,1001.1764705882352,1027.0,1060,57.02275848760039,262368,0.9553210597215985,0.8559403212672888,6523290.0,0.0,0.0,0.9553210597215985,1048.0,0.05695575172086996,0.8564042303172738,19080,18021.176470588234,1056.26868239656,1.0587544065804937,18.688933,78.104999,Nizamabad,Active,5.688168243598319,-0.24013416707871826,-0.27371353130055,3,0,High-Volume Urban Hubs
2706036,924,178308,582.7058823529412,589.0,656,45.82974656489513,152676,1.104666283883212,0.8572631120237837,3522150.0,0.0,0.0,1.104666283883212,527.5,0.07864987801365003,0.8562487381385019,11808,10488.70588235294,848.9334311877674,1.1257823541288108,18.800537,78.928814,Jagityal,Active,2.3854822818945802,0.7880783891026935,1.2455098932397353,0,0,Active Urban Shops
1678895,536,325872,1064.9411764705883,1066.0,1163,56.517774403539775,279018,0.8384997069053599,0.8561092545710546,7314354.0,340128.0,25.178575881464862,0.8384997069053599,1270.0555555555557,0.05307126407756165,0.8562196199734865,20934,19168.941176470587,1046.9145422734032,1.0920790985417588,17.448529,78.476751,Hyderabad,Active,6.792609606841391,-0.23498956083382513,-0.903835092192796,3,0,High-Volume Urban Hubs
3384213,930,293310,958.5294117647059,962.0,978,11.966104491522097,251082,0.96990007757992,0.8560327494671411,6105564.0,662490.0,8.62577120851233,0.96990007757992,988.2777777777778,0.01248381567081164,0.8560294568886161,17604,17253.529411764706,221.6557346559803,1.0203129794415464,17.490027,78.459208,Medchal,Active,5.557009078042173,-0.7197153123042995,-0.3370785256772604,3,0,High-Volume Urban Hubs
2035243,534,64332,210.23529411764707,189.0,350,78.19008068453562,55062,0.5186782764649499,0.8553364439825605,1303578.0,0.0,0.0,0.5186782764649499,405.3888888888889,0.37191700381564224,0.8559037493005036,6300,3784.235294117647,1448.3644020675426,1.6648013430330164,18.397486,79.187117,Karimnagar,Active,0.3363951447743799,5.238653120322302,1.2741364331964304,4,0,Volatile Portability Hubs
1481061,538,150084,490.47058823529414,444.0,682,107.65854089292607,128412,0.6609621493196346,0.8561094433775843,3342366.0,0.0,0.0,0.6609621493196346,742.0555555555555,0.21950050313981087,0.8556008635164308,12276,8828.470588235294,1994.2273603342933,1.390501319261214,16.746934,78.007604,Mahbubnagar,Active,2.709488227217623,3.1836356668411696,0.5290963206493252,0,0,Active Urban Shops
2111025,540,237276,775.4117647058823,773.0,805,9.371410595408491,202986,0.9582850530775372,0.8554057070791592,4863438.0,0.0,0.0,0.9582850530775372,809.1666666666666,0.012085721447575812,0.8554847519344561,14490,13957.411764705883,173.5925757425738,1.0381580943711122,18.011763,79.562102,Hanumakonda,Active,3.4769003727845047,-0.35605846146008696,0.16530767796063464,0,0,Active Urban Shops
3723039,934,227286,742.7647058823529,732.0,799,35.345742379237706,194436,1.2430061317143788,0.8553225498341394,4959738.0,0.0,0.0,1.2430061317143788,597.5555555555555,0.04758672847446274,0.8554684406430665,14382,13369.764705882353,654.7315794861818,1.0757107784905362,17.616499,77.950261,Sangareddy,Active,3.422984903194576,-0.07748124702737168,1.179531015476551,0,0,Active Urban Shops
3213064,929,42192,137.88235294117646,131.0,230,54.49595457104545,36090,0.4017949812373952,0.85779456568757,829674.0,0.0,0.0,0.4017949812373952,343.1666666666667,0.3952351654043399,0.8553754266211604,4140,2481.8823529411766,1009.4630925864093,1.668088737201365,18.995217,79.47021,Manchiryala,Active,-0.44147926898899503,5.489272901701152,1.1682082902892434,4,0,Volatile Portability Hubs
3727041,934,142488,465.6470588235294,455.0,581,50.79092091170256,121878,1.0123992683158094,0.8555213220761934,3274488.0,0.0,0.0,1.0123992683158094,459.94444444444446,0.10907600498976042,0.855356240525518,10458,8381.64705882353,940.8324067797935,1.2477261243052047,17.684105,77.608712,Sangareddy,Active,1.7475806494073178,1.563935295507366,1.3379836529816067,0,0,Active Urban Shops
1804003,533,151452,494.94117647058823,496.0,507,6.207594813249098,129528,0.9497812407748938,0.8552385084616774,3312576.0,0.0,0.0,0.9497812407748938,521.1111111111111,0.012542086026293637,0.8552412645590682,9126,8908.941176470587,114.98721156515376,1.0243641549797957,18.797253,78.287284,Nizamabad,Active,1.3962521090041442,0.2149144514668981,0.7839304274096344,0,0,Active Urban Shops
1599022,537,231210,755.5882352941177,713.0,1100,163.68344216256904,197730,0.7136868381826467,0.8505233414146364,4590828.0,0.0,0.0,0.7136868381826467,1058.7222222222222,0.2166304800905935,0.8551965745426235,19800,13600.588235294117,3032.0121012873515,1.4558193849746983,0.0,0.0,Ranga Reddy,Active,5.306019338865627,3.056054972055136,0.07043795439932402,0,0,Active Urban Shops
4018055,937,286758,937.1176470588235,983.0,1182,131.6664410074195,245232,1.1647081691670993,0.8558419215434176,5977494.0,0.0,0.0,1.1647081691670993,804.6666666666666,0.1405015063163726,0.8551879982424204,21276,16868.117647058825,2438.9409044284193,1.261314418429477,17.151843,79.625048,Suryapet,Active,5.96171778983612,1.1681857968644198,0.8222878422714851,3,0,High-Volume Urban Hubs
1671104,536,197658,645.9411764705883,648.0,846,109.77044514261615,169020,0.9338934480953924,0.854380718371808,4447350.0,595800.0,7.556117379860732,0.9338934480953924,691.6666666666666,0.16993876399457922,0.8551133776523085,15228,11626.941176470587,2033.3475007542436,1.3097167835351973,17.371811,78.505517,Hyderabad,Active,4.387003346722535,2.1970043633292398,0.7632192026721066,0,0,Active Urban Shops
2904020,926,146484,478.70588235294116,486.0,541,52.47886473593919,125226,0.8765729324982223,0.8555280791578468,3021552.0,0.0,0.0,0.8765729324982223,546.1111111111111,0.10962652992270414,0.8548783484885721,9738,8616.70588235294,972.0992596377359,1.130130253133448,18.398815,77.704965,Kamareddy,Active,1.7824293077247508,1.4491594818122235,0.8752187024113313,0,0,Active Urban Shops
3803032,935,198054,647.2352941176471,645.0,717,32.11041702296342,169308,1.0631071146111077,0.8546114266996924,4091040.0,0.0,0.0,1.0631071146111077,609.2222222222222,0.0496116594919911,0.8548577660638008,12906,11650.235294117647,594.8015981623374,1.1077887848768517,18.11157,78.850627,Siddipet,Active,2.7477474642527926,0.3632461752093367,0.8953990141313033,0,0,Active Urban Shops
3410004,931,25164,87.375,70.5,292,65.55938606366973,21510,0.20826484624787314,0.8455093371739946,511920.0,0.0,0.0,0.20826484624787314,419.6111111111111,0.7503220150348467,0.8547925608011445,5256,1572.75,1216.6522099597732,3.3419170243204577,16.486214,78.319725,Nagarkarnool,Active,-0.06525409744634346,11.472235291163146,2.2440321097335607,4,-1,Volatile Portability Hubs
2155023,540,141048,460.94117647058823,461.0,482,12.105132521599112,120564,0.9527395685489165,0.854929664557877,2796516.0,0.0,0.0,0.9527395685489165,483.8333333333333,0.026261772953954172,0.8547728432873916,8676,8296.941176470587,224.23103893870135,1.0456865747830526,17.964499,79.481261,Hanumakonda,Active,1.15347619884404,0.4803191735459899,0.9313737452031783,0,0,Active Urban Shops
3302050,930,302724,989.2941176470588,957.0,1141,71.86032739842662,258750,1.0164574841132406,0.854290493859781,6272820.0,695070.0,7.921880892295496,1.0164574841132406,973.2777777777778,0.07263798107820506,0.8547389701510286,20538,17807.29411764706,1331.1143717157586,1.1533476037578785,17.414125,78.566741,Medchal,Active,6.416438057680667,0.25251455116494387,-0.041413653679585216,3,0,High-Volume Urban Hubs
1672216,536,333828,1090.9411764705883,1094.0,1260,118.70720200196757,285300,0.9032694666497484,0.8556010592153689,8757180.0,1440702.0,6.063135218806913,0.9032694666497484,1207.7777777777778,0.10881173482332841,0.8546317265178475,22680,19636.941176470587,2198.888709967725,1.1549660304108704,17.315287,78.468882,Hyderabad,Active,8.878482941193315,0.5753904236989327,-0.7974027741364789,3,0,High-Volume Urban Hubs
3513021,932,215298,703.5882352941177,693.0,902,66.70891300458024,183978,1.2616162753696698,0.8539302870383878,4683240.0,29718.0,4.645892252297719,1.2616162753696698,557.8888888888889,0.09481243383311296,0.854527213443692,16236,12664.588235294117,1235.691459205307,1.2819998327899005,19.108503,78.341592,Nirmal,Active,3.6490788903149394,0.9132728560101174,1.5023676705843971,0,0,Active Urban Shops
1539053,537,187020,611.1764705882352,604.0,676,37.419924147973845,159804,1.349175431762109,0.8544226593553294,3879810.0,0.0,0.0,1.349175431762109,453.0,0.06122605491006308,0.8544754571703561,12168,11001.176470588236,693.1529624922371,1.1060635226179019,17.073509,78.204998,Ranga Reddy,Active,2.467714338019635,0.2787308749710341,1.8134769170177745,0,0,Active Urban Shops
1677747,536,252198,824.1764705882352,837.0,893,79.25068072497093,215460,1.4613057989153109,0.854435799623227,5675256.0,1017342.0,5.660316660730818,1.4613057989153109,564.0,0.09615741719538262,0.8543287417029477,16074,14835.176470588236,1468.0105685626943,1.0835058168581828,17.454916,78.442107,Hyderabad,Active,5.481991988708316,0.25204637314621753,1.5835844600847944,3,0,High-Volume Urban Hubs
2155024,540,124182,405.8235294117647,418.0,465,48.564996859481326,106092,0.7909951633581376,0.8545919937103438,2434914.0,0.0,0.0,0.7909951633581376,513.0555555555555,0.11967023432543594,0.8543267140165242,8370,7304.823529411765,899.6002053199879,1.145818234526743,17.964708,79.477994,Hanumakonda,Active,1.2200980384308213,1.759405373455171,0.8276199663388022,0,0,Active Urban Shops
2909013,926,287694,940.1764705882352,869.0,1112,110.56849328288176,245772,1.5281920728667189,0.8543957970973045,6382008.0,0.0,0.0,1.5281920728667189,615.2222222222222,0.11760397834004818,0.8542826753425514,20016,16923.176470588234,2048.1302520620525,1.1827566789714072,18.32274,78.332236,Kamareddy,Active,5.504662077057323,0.42611303051707033,1.8148558634511467,3,0,High-Volume Urban Hubs
1678855,536,174636,570.7058823529412,770.0,831,298.10049757390385,149184,0.4487174804271479,0.859292513260464,4215906.0,758052.0,5.44509519925559,0.4487174804271479,1272.0,0.5223364727640039,0.8542568542568543,14958,10272.70588235294,5521.90437897907,1.456091527520099,17.419395,78.497169,Hyderabad,Active,6.7783650487218505,6.292852429658525,-0.05407303173229515,3,-1,High-Volume Urban Hubs
1583623,537,136872,447.29411764705884,417.0,785,136.4948990749515,116910,0.5251988948330621,0.850214410066684,3317148.0,56340.0,9.948251349044682,0.5251988948330621,851.6666666666666,0.30515692849476267,0.8541557075223567,14130,8051.294117647059,2528.38149229665,1.7549973698053656,17.3415,78.434469,Ranga Reddy,Active,3.1794924608493824,4.810309611519485,0.47428480709676313,4,-1,Volatile Portability Hubs
2281112,541,100566,328.6470588235294,323.0,392,25.681905498028097,85896,0.7919211345824126,0.8534917472219005,1993356.0,0.0,0.0,0.7919211345824126,415.0,0.07814433389412523,0.8541256488276355,7056,5915.64705882353,475.7222063842079,1.1927689278682656,17.237578,80.148326,Khammam,Active,0.41342261646818523,1.6341105371997042,0.9625770725451593,0,0,Active Urban Shops
1881047,533,298692,976.1176470588235,978.0,1037,30.59003184398486,255060,0.9054894685146787,0.8541757840811364,8103042.0,0.0,0.0,0.9054894685146787,1078.0,0.031338468202226265,0.8539231047366518,18666,17570.117647058825,566.6385402477646,1.0623719416656623,18.674309,78.083574,Nizamabad,Active,5.617204943293845,-0.6231288001486927,-0.5580478365024385,3,0,High-Volume Urban Hubs
1981027,532,211896,692.4705882352941,720.0,743,82.65012640284912,180936,0.9648390889232936,0.8532564652725805,4218498.0,0.0,0.0,0.9648390889232936,717.7777777777778,0.11935543228410084,0.853890587835542,13374,12464.470588235294,1530.9806545825072,1.0729697587495752,19.667994,78.536085,Adilabad,Active,3.5552907987321243,1.0528574134601048,0.649614677926869,0,0,Active Urban Shops
3610010,933,132228,432.11764705882354,382.0,559,71.18960517014816,112842,1.224710019330476,0.8539670510697607,2563200.0,0.0,0.0,1.224710019330476,352.8333333333333,0.1647458872709663,0.8533895997821944,10062,7778.117647058823,1318.6901589433803,1.2936291859515383,18.612911,79.372357,Peddapalli,Active,1.5498036330888147,2.062908944384247,2.1882335240361344,0,0,Active Urban Shops
3302213,930,8586,28.058823529411764,26.0,57,14.183913906018546,7326,0.10392156862745099,0.8387794600189334,180054.0,0.0,0.0,0.10392156862745099,270.0,0.5055063656233025,0.8532494758909853,1026,505.05882352941177,262.7376235401573,2.031446540880503,17.459977,78.54196,Medchal,Active,-1.5924233988655208,7.143727395075876,1.0044604564898585,4,-1,Volatile Portability Hubs
1676644,536,165582,541.1176470588235,551.0,611,46.215878497170145,141282,0.8892749014004647,0.8534342863260845,3520800.0,606600.0,5.8268996519743,0.8892749014004647,608.5,0.0854081894175337,0.8532449179258615,10998,9740.117647058823,856.0859976042816,1.129144472225242,17.406574,78.507981,Hyderabad,Active,2.8468565663302465,1.164249686746193,0.6124141640445331,0,0,Active Urban Shops
3722033,934,123534,403.70588235294116,398.0,497,38.800520928215235,105390,1.1063820634987582,0.8522153478196192,2671938.0,0.0,0.0,1.1063820634987582,364.8888888888889,0.09611086343867974,0.8531254553402302,8946,7266.705882352941,718.7266313336628,1.2310942736412647,17.511826,78.285177,Sangareddy,Active,1.108427714489115,1.4251468492945327,1.7121686633937112,0,0,Active Urban Shops
3302161,930,226386,739.8235294117648,731.0,831,49.464425719548245,193122,0.9648597146649673,0.8528256233093237,4717440.0,705006.0,9.461041509422952,0.9648597146649673,766.7777777777778,0.06685976283949432,0.8530651188677745,14958,13316.823529411764,916.2608959307197,1.1232408364474835,17.452807,78.536181,Medchal,Active,4.39635976724074,0.5817566298340552,0.32900967871960207,0,0,Active Urban Shops
4317027,940,180792,590.8235294117648,584.0,647,19.483870638130277,154206,0.9927959123347831,0.853338063052714,3915036.0,0.0,0.0,0.9927959123347831,595.1111111111111,0.03297747917644511,0.85294703305456,11646,10634.823529411764,360.91207989171704,1.0950816407805657,17.993087,79.59804,Warangal,Active,2.255065641865505,0.3211688745077827,0.7615826668188685,0,0,Active Urban Shops
3213054,929,56052,183.1764705882353,174.0,254,41.893403784094296,47808,0.6785714864219128,0.8503578749005608,1167210.0,0.0,0.0,0.6785714864219128,269.94444444444446,0.22870515874425273,0.852922286448298,4572,3297.176470588235,776.0180599778362,1.386640976236352,18.98158,79.481925,Manchiryala,Active,-0.4310496821892478,3.4690585519630734,1.3903787940052184,0,0,Active Urban Shops
3302110,930,162612,531.4117647058823,534.0,643,87.39512905448079,138690,0.8263144959640738,0.8537317338272844,3323754.0,189000.0,5.1606451244695775,0.8263144959640738,643.1111111111111,0.1644584009216486,0.8528890856763338,11574,9565.411764705883,1618.875344908601,1.2099845029887093,17.489068,78.576801,Medchal,Active,2.781373375625951,2.1356287815118113,0.7274277346688323,0,0,Active Urban Shops
3302175,930,158310,517.3529411764706,504.0,746,76.61207117900878,135018,0.6212869701628185,0.8517030774816073,3176226.0,473220.0,11.144883643358508,0.6212869701628185,832.7222222222222,0.14808473110212042,0.85287094940307,13428,9312.35294117647,1419.133932244261,1.4419556566230813,17.482007,78.535044,Medchal,Active,3.209782701863948,2.665595303900068,0.1136553409582349,0,0,Active Urban Shops
1583391,537,388638,1270.0588235294117,1278.0,1435,109.37241149988368,331398,1.1230625167134527,0.8521000140766345,9851202.0,1236042.0,8.12327461179214,1.1230625167134527,1130.888888888889,0.08611602035561218,0.8527164096151174,25830,22861.058823529413,2025.9744714145654,1.1298689268676763,17.331731,78.450373,Ranga Reddy,Active,9.63490865796082,-0.25699071379228705,-0.4989212182191176,3,0,High-Volume Urban Hubs
1679938,536,93114,304.29411764705884,288.0,397,44.651786791181515,79398,0.40594050294326617,0.8504105071924108,1976814.0,286092.0,7.188082066138833,0.40594050294326617,749.6111111111111,0.14673890884401425,0.8526966943746376,7146,5477.294117647059,827.1133359995084,1.3046588053353954,17.423565,78.511844,Hyderabad,Active,1.1130913257972437,2.78310791113115,-0.08626600885270296,0,0,Active Urban Shops
1890011,533,184518,603.0,605.0,631,24.616667684088593,157302,0.9371444026931213,0.8529500542278403,4208310.0,0.0,0.0,0.9371444026931213,643.4444444444445,0.04082366116764277,0.8525021949078139,11358,10854.0,455.9901314721625,1.0464344941956882,18.676427,78.095934,Nizamabad,Active,2.4277239926318637,0.30407124290802656,0.5470448246390748,0,0,Active Urban Shops
2236234,541,317664,1038.1176470588234,1056.0,1316,125.85325522804199,270792,1.1807977049469978,0.8525051047626929,5885910.0,0.0,0.0,1.1807977049469978,879.1666666666666,0.12123217015393892,0.8524478694469628,23688,18686.117647058825,2331.2595812766363,1.2676790571169536,17.244569,80.170782,Khammam,Active,6.476742094995368,0.8557580724185446,0.6567240539980177,3,0,High-Volume Urban Hubs
3302054,930,190710,623.2352941176471,617.0,769,66.45227694290713,162558,1.0341504983176515,0.8522837423873061,4061394.0,383310.0,15.422515250626834,1.0341504983176515,602.6666666666666,0.10662470108819455,0.8523831996224634,13842,11218.235294117647,1230.9376268424292,1.2338839075035395,17.406779,78.538993,Medchal,Active,3.435078536992983,1.323053623435418,0.9835368804698251,0,0,Active Urban Shops
4111024,938,152784,499.29411764705884,513.0,608,69.80994173672165,130194,1.0926804110001838,0.8527184697211521,3431322.0,0.0,0.0,1.0926804110001838,456.94444444444446,0.13981727256412207,0.8521442035815269,10944,8987.29411764706,1293.1337790763318,1.2177191328934966,17.336307,77.906027,Vikarabad,Active,2.148713442979423,1.6544049522467714,1.5340025558342612,0,0,Active Urban Shops
1675588,536,413298,1350.6470588235295,1238.0,1948,272.97139634186794,352152,1.0640153030826958,0.8544524785185228,10370790.0,1699200.0,6.075489624188987,1.0640153030826958,1269.388888888889,0.20210416522850724,0.8520534819912025,35064,24311.647058823528,5056.422116244555,1.4422716780628022,17.391029,78.400474,Hyderabad,Active,12.558260250704334,2.1997248261082847,-0.46856849924554883,3,-1,High-Volume Urban Hubs
1599023,537,437634,1430.1764705882354,1484.0,1678,190.37950425734616,372852,1.3555634061631296,0.8511620941817237,8637066.0,0.0,0.0,1.3555634061631296,1055.0555555555557,0.13311609313432668,0.8519721959445564,30204,25743.176470588234,3526.520172834939,1.1732817834080533,0.0,0.0,Ranga Reddy,Active,9.728870044338839,0.1829633037953073,0.3652807679615776,3,-1,High-Volume Urban Hubs
4318042,940,204750,669.1176470588235,658.0,753,51.629822513796874,174420,0.8384932920536635,0.8524469209838986,3966696.0,0.0,0.0,0.8384932920536635,798.0,0.07716105342721291,0.8518681318681318,13554,12044.117647058823,956.3719126438823,1.1253626373626373,17.971464,79.596505,Warangal,Active,3.167726072515904,0.8638140192617062,0.24283671002422672,0,0,Active Urban Shops
1677757,536,105174,343.70588235294116,357.0,423,58.62868792026378,89586,0.3924339012456325,0.8524679121271871,2177820.0,164142.0,26.703923793110345,0.3924339012456325,875.8333333333334,0.17057807541408254,0.8517884648297107,7614,6186.705882352941,1086.0163307189425,1.2307034057846995,17.441067,78.436572,Hyderabad,Active,1.5384188654874942,2.7529356742727846,-0.2575732814422428,0,0,Active Urban Shops
1585326,537,319500,1044.1176470588234,1033.0,1244,87.30244705236363,272124,1.3049660147038424,0.851751200391329,6588288.0,807462.0,8.295622247740804,1.3049660147038424,800.1111111111111,0.0836136112614187,0.851718309859155,22392,18794.117647058825,1617.1585374644367,1.1914366197183097,17.33394,78.534395,Ranga Reddy,Active,6.954375307430126,0.1404196964707942,0.7456689357679847,3,0,High-Volume Urban Hubs
1679941,536,123156,402.47058823529414,182.0,1142,414.39925404742536,104868,0.3343242089118506,0.9115767812778545,2641356.0,383400.0,94.03740918040134,0.3343242089118506,1203.8333333333333,1.029638602573258,0.8515054077755042,20556,7244.470588235294,7676.1799265458785,2.837474422683426,17.418026,78.519042,Hyderabad,Active,6.792741700080622,13.759711443661741,1.905153724270074,4,-1,Volatile Portability Hubs
1673382,536,227250,742.6470588235294,735.0,881,49.916582295289665,193482,0.9249875973249835,0.85127493723463,5565042.0,981648.0,5.6690809740354995,0.9249875973249835,802.8888888888889,0.06721440784316232,0.8514059405940594,15858,13367.64705882353,924.6364786482626,1.1862970297029702,17.353601,78.467265,Hyderabad,Active,4.947894536941875,0.6921784870687256,0.1235132629807999,3,0,High-Volume Urban Hubs
1671101,536,270810,885.0,881.0,986,48.405256454841876,230346,0.9084177713950582,0.8503727453905296,6364710.0,1070982.0,5.941981882587371,0.9084177713950582,974.2222222222222,0.054695205033719635,0.8505815885676304,17748,15930.0,896.6412326008658,1.1141242937853106,17.360076,78.509764,Hyderabad,Active,6.028473403110682,0.1677105403095981,-0.33542158226990654,3,0,High-Volume Urban Hubs
1881057,533,196074,640.7647058823529,603.0,836,90.4803766212308,166770,1.023767762951826,0.8498185571483069,4291830.0,0.0,0.0,1.023767762951826,625.8888888888889,0.14120686703028767,0.850546222344625,15048,11533.764705882353,1676.0253402548753,1.3046910860185439,18.666672,78.088368,Nizamabad,Active,3.4078025552589772,1.764476272056633,1.0819731886396748,0,0,Active Urban Shops
1676638,536,180018,588.2941176470588,552.0,853,141.0366250469314,153072,0.9211453590358256,0.8534412863135832,3994920.0,608400.0,6.712885136827224,0.9211453590358256,638.6666666666666,0.2397382887509083,0.8503149685031497,15354,10589.29411764706,2612.5107598990357,1.44995500449955,17.414631,78.503178,Hyderabad,Active,4.292578484007986,3.2854553374897733,1.0917776586561712,0,0,Active Urban Shops
1673311,536,164862,538.7647058823529,536.0,657,40.178089568676896,140184,0.5217443161747432,0.8501330899921697,4298472.0,749610.0,5.733691675287779,0.5217443161747432,1032.6666666666667,0.0745744647524301,0.8503111693416312,11826,9697.764705882353,744.2442080234626,1.2194562725188338,17.358625,78.449098,Hyderabad,Active,3.5272794393929363,1.4511367852319184,-0.6962109996859028,0,0,Active Urban Shops
4018058,937,137286,448.6470588235294,449.0,482,27.990975264165936,116730,0.9002015763171254,0.8501577578449525,2904336.0,0.0,0.0,0.9002015763171254,498.3888888888889,0.062389744262596164,0.8502687819588305,8676,8075.64705882353,518.494568580095,1.0743411564179888,17.14363,79.614347,Suryapet,Active,1.2710939548333553,0.9164726143140387,0.8803566171117768,0,0,Active Urban Shops
2235033,541,60444,197.52941176470588,219.0,235,42.59732290880623,51390,0.7629281039871658,0.8513590022016949,1058184.0,0.0,0.0,0.7629281039871658,258.94444444444446,0.21565053289151453,0.8502084574151281,4230,3555.529411764706,789.0571998948379,1.1896962477665276,17.221385,80.297004,Khammam,Active,-0.40157107460215896,2.862062821203618,1.4585801551987128,0,0,Active Urban Shops
1881082,533,288648,943.2941176470588,940.0,1059,49.67103352902833,245376,0.9726356553868399,0.8501859228866304,7141176.0,0.0,0.0,0.9726356553868399,969.8333333333334,0.05265699488609888,0.8500873035669743,19062,16979.29411764706,920.0880232826831,1.1226615115989025,18.673595,78.088552,Nizamabad,Active,5.383886572481184,-0.15684886131953382,-0.13439460464637779,3,0,High-Volume Urban Hubs
1583637,537,294300,961.7647058823529,952.0,1027,50.4067084666099,250146,0.8836142271944742,0.849750219444279,6401430.0,0.0,0.0,0.8836142271944742,1088.4444444444443,0.05241064488882986,0.8499694189602447,18486,17311.764705882353,933.7153962404552,1.0678287461773701,17.316788,78.447971,Ranga Reddy,Active,5.3841803320450135,-0.1618079674774382,-0.43752409293735645,3,0,High-Volume Urban Hubs
2357001,539,87210,285.0,284.0,308,14.604288613336811,74124,0.8968963367924213,0.8495347186954615,2039616.0,0.0,0.0,0.8968963367924213,317.77777777777777,0.05124311794153267,0.8499484004127967,5544,5130.0,270.5244905734044,1.080701754385965,16.69284,78.922731,Nalgonda,Active,-0.05257401772214313,1.1284587873161591,1.2303389939043796,0,0,Active Urban Shops
3384220,930,246258,804.7647058823529,825.0,935,100.89382601175481,209304,0.804542804814456,0.8501323393626568,5061708.0,497700.0,1555.0826813966917,0.804542804814456,1000.2777777777778,0.12537059002995626,0.8499378700387399,16830,14485.764705882353,1868.920260786016,1.1618302755646517,17.490519,78.455834,Medchal,Active,7.630883927868461,2.439773799027331,-0.18124606567796178,3,-1,High-Volume Urban Hubs
1583621,537,283140,925.2941176470588,906.0,1265,104.48812826771774,240462,0.8415600966755437,0.8480824790864014,7027866.0,0.0,0.0,0.8415600966755437,1099.5,0.11292423271145592,0.8492689129052765,22770,16655.29411764706,1935.499798653628,1.367132867132867,17.31609,78.455132,Ranga Reddy,Active,6.147078861589648,1.2125868055334832,-0.29839058776262056,3,0,High-Volume Urban Hubs
1585679,537,274986,898.6470588235294,893.0,1077,52.86115070272504,233532,1.008268616003364,0.8487984530969065,5846526.0,755190.0,7.804018036314523,1.008268616003364,891.2777777777778,0.05882303868209241,0.8492505072985533,19386,16175.64705882353,979.1805847988716,1.198468285658179,17.347563,78.540133,Ranga Reddy,Active,5.7382520853033645,0.2948163664791769,0.07758830153004131,3,0,High-Volume Urban Hubs
3410005,931,120384,393.4117647058824,399.0,468,54.076512814595176,102222,0.6606242363519382,0.8483247310233067,2688930.0,0.0,0.0,0.6606242363519382,595.5555555555555,0.13745525087441954,0.8491327751196173,8424,7081.411764705882,1001.6935071931638,1.1895933014354068,16.487604,78.320803,Nagarkarnool,Active,1.3238054136506874,2.0958461132577852,0.4866291826406108,0,0,Active Urban Shops
1676635,536,209736,685.4117647058823,676.0,960,145.89088801361186,178092,0.9547138621807947,0.852881061050277,4560462.0,656676.0,7.260363714297416,0.9547138621807947,717.9444444444445,0.2128514500713527,0.849124613800206,17280,12337.411764705883,2702.429348262955,1.4006179196704427,17.4131,78.503615,Hyderabad,Active,5.097384352805449,2.8045537350882657,0.8748319241589537,3,0,High-Volume Urban Hubs
3316010,930,226314,739.5882352941177,745.0,1189,177.24716573975795,192168,0.8039344399205436,0.8482231177350311,4895460.0,0.0,0.0,0.8039344399205436,922.8333333333334,0.23965655114737017,0.8491211325856995,21402,13312.588235294117,3283.2615464432524,1.6076513163127337,17.515786,78.556157,Medchal,Active,5.460336658980326,3.498372693714785,0.4836167022879759,3,-1,High-Volume Urban Hubs
1539004,537,182646,596.8823529411765,593.0,649,30.881888410888397,155088,1.0398874067126176,0.8490011350869938,3926574.0,0.0,0.0,1.0398874067126176,575.8333333333334,0.05173865211245716,0.8491179659012515,11682,10743.882352941177,572.0447843430773,1.087316448211294,17.06608,78.199371,Ranga Reddy,Active,2.3691428456753107,0.4353248850534783,0.9204241278697602,0,0,Active Urban Shops
1673314,536,314136,1026.5882352941176,1064.0,1249,184.93914034522194,266724,1.152687576254693,0.8488603202619689,7175322.0,1156392.0,6.225462868839598,1.152687576254693,890.6111111111111,0.1801492886699962,0.8490717396286959,22482,18478.58823529412,3425.744865332639,1.2166513866605546,17.369402,78.449658,Hyderabad,Active,8.332474790652936,1.5978989224265026,0.4818279513661705,3,0,High-Volume Urban Hubs
2713029,924,93816,306.5882352941176,309.0,327,15.680218052918711,79650,0.9641139474657788,0.8491237029615624,1785528.0,0.0,0.0,0.9641139474657788,318.0,0.05114422618948928,0.8490023023791251,5886,5518.588235294118,290.45461324093515,1.0665771297006907,18.796626,78.81409,Jagityal,Active,0.03486671490118983,1.0209453334719334,1.380016297536778,0,0,Active Urban Shops
1675579,536,74250,242.64705882352942,237.0,354,29.68544835066729,63036,0.2843893784763191,0.8484657306679846,1911906.0,339444.0,5.648574140031534,0.2843893784763191,853.2222222222222,0.1223400295663864,0.8489696969696969,6372,4367.64705882353,549.8823670995996,1.4589090909090907,17.38336,78.45684,Hyderabad,Active,0.8564955351273186,3.0408128722165717,-0.3870533657919507,0,0,Active Urban Shops
4407043,941,301662,985.8235294117648,976.0,1097,65.80678301249229,255942,1.7370938699752705,0.8488347409285456,6112962.0,0.0,0.0,1.7370938699752705,567.5555555555555,0.06675310646293746,0.8484396443701891,19746,17744.823529411766,1218.9807338148396,1.1127752252521033,17.25836,78.898985,Yadadri Bhuvanagiri,Active,5.273083209200172,-0.6404413999001093,2.144304039620538,3,0,High-Volume Urban Hubs
3610018,933,151434,494.88235294117646,466.0,595,54.12758954410727,128430,1.007793221826232,0.8485838165928538,3209616.0,0.0,0.0,1.007793221826232,491.05555555555554,0.10937466091166334,0.8480922382027815,10710,8907.882352941177,1002.6396338137238,1.2023059550695352,18.612869,79.372364,Peddapalli,Active,1.8780026000071648,1.4533505217666838,1.2536308167562542,0,0,Active Urban Shops
4107022,938,168642,551.1176470588235,568.0,616,47.68529913017261,143010,1.0743707078940068,0.8478458474090266,3913272.0,0.0,0.0,1.0743707078940068,513.0,0.08652471824238812,0.8480093926779806,11088,9920.117647058823,883.3050069450068,1.117728679688334,17.175606,77.875361,Vikarabad,Active,2.2738548919275146,0.8568000037281781,1.1887689035222853,0,0,Active Urban Shops
3402012,931,38232,124.94117647058823,128.0,156,20.58623933016712,32418,0.7572192513368984,0.847323878310873,813798.0,0.0,0.0,0.7572192513368984,165.0,0.1647674522659327,0.8479284369114878,2808,2248.9411764705883,381.33195358313384,1.2485875706214689,16.376499,78.833009,Nagarkarnool,Active,-1.1593307761665277,2.698487549861368,1.5494071922170767,0,0,Active Urban Shops
1679939,536,275436,900.1176470588235,912.0,964,44.31362757887932,233550,1.080073140367258,0.8478842021788944,6067908.0,842904.0,7.318716526660094,1.080073140367258,833.3888888888889,0.0492309285610344,0.8479283753757679,17352,16202.117647058823,820.8493986683048,1.070971114886943,17.421058,78.512942,Hyderabad,Active,5.619649065258611,-0.15208748005977119,0.20159899557848354,3,0,High-Volume Urban Hubs
1675569,536,192654,629.5882352941177,484.0,1076,339.7180225009523,163350,0.7986344219949612,0.8468913937597187,4990032.0,822600.0,5.90156079811752,0.7986344219949612,788.3333333333334,0.5395876280030075,0.8478931140801644,19368,11332.588235294117,6292.812160104014,1.709053536391666,17.387171,78.440055,Hyderabad,Active,6.941116385911697,7.043952444162636,1.38752553948331,4,-1,Volatile Portability Hubs
1672262,536,315054,1029.5882352941176,1101.0,1320,228.76929546961176,267048,0.8494952436420113,0.8514662876637334,8605566.0,1339326.0,6.52902184104034,0.8494952436420113,1212.0,0.2221949393237388,0.8476261212363595,23760,18532.58823529412,4237.638597421085,1.2820659315545906,17.35567,78.483046,Hyderabad,Active,9.61804793574963,2.3944084385800295,-0.5290356163691767,3,-1,High-Volume Urban Hubs
3727043,934,232218,758.8823529411765,760.0,799,29.871625041872758,196794,1.5441897599203276,0.8474149844211036,5766966.0,0.0,0.0,1.5441897599203276,491.44444444444446,0.03936265605083613,0.8474536857607937,14382,13659.882352941177,553.3310359035697,1.052864119060538,17.68149,77.60364,Sangareddy,Active,3.5422039335557933,-0.6147140635869416,1.8987339811789394,0,0,Active Urban Shops
3218012,929,58752,192.0,191.0,202,4.291050542011613,49788,0.9270431238394624,0.8474576033015276,1248750.0,0.0,0.0,0.9270431238394624,207.11111111111111,0.02234922157297715,0.8474264705882353,3636,3456.0,79.48584779695048,1.0520833333333333,18.876916,79.281833,Manchiryala,Active,-0.9116567145181954,1.0206520261659002,1.474449376802271,0,0,Active Urban Shops
3610002,933,197478,645.3529411764706,646.0,702,35.351438505892254,167346,1.4894720681714408,0.8469804886768632,4263372.0,0.0,0.0,1.4894720681714408,433.27777777777777,0.05477845726006456,0.8474159146841673,12636,11616.35294117647,654.837092448999,1.0877768662838392,18.614786,79.374576,Peddapalli,Active,2.6875146514766364,-0.05475328372818964,2.0800592118191314,0,0,Active Urban Shops
2909029,926,186246,608.6470588235294,617.0,671,43.84106475137478,157806,1.144701006661831,0.8472144265361905,4068360.0,0.0,0.0,1.144701006661831,531.7222222222222,0.07203035669985225,0.8472987339325408,12078,10955.64705882353,812.0958180209149,1.1024451531844979,18.331377,78.332097,Kamareddy,Active,2.5754633459285032,0.5418559341226274,1.2400347467394968,0,0,Active Urban Shops
1671156,536,342450,1119.1176470588234,1113.0,1239,62.607802496669066,290142,1.2772089515894915,0.8472004687999324,9131256.0,1434258.0,6.380730467429796,1.2772089515894915,876.2222222222222,0.05594389710609063,0.8472536136662286,22302,20144.117647058825,1159.723990997046,1.1071222076215506,17.36173,78.499948,Hyderabad,Active,8.202428671411148,-0.6194306534280396,0.17160234120095563,3,0,High-Volume Urban Hubs
2382017,539,48780,159.41176470588235,143.0,329,113.43330701265137,41328,0.3997759436180841,0.7776898424753728,1023030.0,0.0,0.0,0.3997759436180841,398.77777777777777,0.7115742506328684,0.8472324723247232,5922,2869.4117647058824,2101.197011789456,2.0638376383763837,16.876319,79.552004,Nalgonda,Active,0.48345773743147435,8.430711406865084,1.8218834347667827,4,-1,Volatile Portability Hubs
2706047,924,119988,392.11764705882354,384.0,431,19.789363321618605,101646,1.0092025564502813,0.8470547030006887,2218338.0,0.0,0.0,1.0092025564502813,388.55555555555554,0.05046792326245369,0.8471347134713472,7758,7058.117647058823,366.57091441372904,1.0991599159915992,18.791719,78.916056,Jagityal,Active,0.6819286575904696,0.8906646326165689,1.3300546047523676,0,0,Active Urban Shops
3610015,933,140976,460.70588235294116,484.0,515,70.53741082532169,119394,1.5661434788197357,0.8470558471484377,2850948.0,0.0,0.0,1.5661434788197357,294.1666666666667,0.1531072502592529,0.8469101123595506,9270,8292.70588235294,1306.6091498945786,1.1178498467824312,18.614655,79.376612,Peddapalli,Active,1.737857381788465,1.1580628628471061,2.8909959058511583,0,0,Active Urban Shops
3302233,930,306630,1002.0588235294117,1005.0,1191,83.19199483037582,259578,1.2556590113663337,0.846462038255923,6430482.0,594252.0,10.950038885655296,1.2556590113663337,798.1111111111111,0.08302106909987608,0.8465512180804227,21438,18037.058823529413,1541.0180267678666,1.1885529791605518,17.373432,78.536839,Medchal,Active,6.434830394885759,0.18653321207833645,0.6953943313079655,3,0,High-Volume Urban Hubs
2036213,534,52308,170.94117647058823,172.0,177,5.078059903336165,44280,0.9490902233617,0.846418432614377,1019880.0,0.0,0.0,0.9490902233617,180.11111111111111,0.029706475690541915,0.8465244322092222,3186,3076.9411764705883,94.06412080878344,1.0354439091534755,18.510575,79.194858,Karimnagar,Active,-1.0806785281672626,1.0631002004630359,1.5914302219665235,0,0,Active Urban Shops
1881038,533,183636,600.1176470588235,602.0,615,11.940256293193782,155412,0.9391512473534015,0.8464275268324534,4788990.0,0.0,0.0,0.9391512473534015,639.0,0.01989652587573949,0.8463046461478142,11070,10802.117647058823,221.17693210214688,1.0247990590080376,18.669798,78.09253,Nizamabad,Active,2.3666340384364446,-0.012349053100099452,0.4554357717709513,0,0,Active Urban Shops
3301020,930,280638,917.1176470588235,914.0,1041,50.41882827810775,237492,1.211038318197123,0.8459623969893216,6136380.0,0.0,0.0,1.211038318197123,757.3888888888889,0.054975311444284,0.846257456224745,18738,16508.117647058825,933.9398991873715,1.1350779295747546,17.629934,78.478471,Medchal,Active,4.887407869992862,-0.18954164199642312,0.7257315174271592,0,0,Active Urban Shops
1674478,536,66618,217.7058823529412,213.0,267,25.47152247290597,56358,0.4009316433755823,0.8454856808194936,1523160.0,294300.0,5.2307874677573984,0.4009316433755823,543.0,0.11699969793012739,0.8459875709267766,4806,3918.705882352941,471.82514832110775,1.2264252904620374,17.373803,78.462448,Hyderabad,Active,0.11328761788826601,2.522834676954926,0.07698665066078508,0,0,Active Urban Shops
1673312,536,299160,977.6470588235294,1002.0,1010,71.55348526533281,253062,0.9796755001827232,0.8456810853197774,7488306.0,1209816.0,6.179448927810378,0.9796755001827232,997.9444444444445,0.07318948553012382,0.8459085439229843,18180,17597.647058823528,1325.430540483755,1.0330926594464502,17.373924,78.447544,Hyderabad,Active,7.02091379770548,-0.023218386528449843,-0.3603691217759812,3,0,High-Volume Urban Hubs
3302194,930,151488,495.05882352941177,441.0,833,124.05642477698386,128142,0.5158689067386221,0.8411169141003099,3171366.0,556542.0,5.678645248908898,0.5158689067386221,959.6666666666666,0.25058926107518126,0.845888783269962,14994,8911.058823529413,2297.975752444645,1.6826283269961975,17.467975,78.543419,Medchal,Active,3.8370405907568776,4.217993633575462,0.09868698227446115,0,0,Active Urban Shops
1599004,537,608760,1989.4117647058824,1964.0,2406,141.0543217955532,514926,1.5804352082468196,0.8457024690344404,14078700.0,0.0,0.0,1.5804352082468196,1260.111111111111,0.0709025272183443,0.8458604376108811,43308,35809.41176470588,2612.838567985581,1.2094027202838558,17.310693,78.499178,Ranga Reddy,Active,13.471043598275243,-2.0148872229786954,-0.38684811033958527,3,-1,High-Volume Urban Hubs
1585673,537,362358,1184.1764705882354,1170.0,1341,84.83976160662898,306486,1.3302866619437927,0.8454407855153203,7457238.0,706572.0,10.609665695842217,1.3302866619437927,890.1666666666666,0.07164452572215452,0.8458099448611595,24138,21315.176470588234,1571.5406547117277,1.1324325666881925,17.344437,78.560793,Ranga Reddy,Active,7.715618264437257,-0.404837056061288,0.48686069299862716,3,0,High-Volume Urban Hubs
2909022,926,286074,934.8823529411765,931.0,1010,36.05222826636515,241956,1.3428185645652546,0.8457386708014164,6611724.0,0.0,0.0,1.3428185645652546,697.2777777777778,0.038563385171346345,0.8457811615176493,18180,16827.882352941175,667.8182651695874,1.0803498395520041,18.328312,78.343317,Kamareddy,Active,4.8392488384594525,-0.6848030064616306,0.9910290949055406,0,0,Active Urban Shops
2060032,534,87768,286.8235294117647,260.0,500,98.01325555364288,74232,0.4892053530106425,0.8448899977686202,1767006.0,0.0,0.0,0.4892053530106425,586.3333333333334,0.34171971788595756,0.8457752255947498,9000,5162.823529411765,1815.5616291968074,1.7432321575061525,18.446962,79.076075,Karimnagar,Active,1.22943325564307,5.180530537709312,0.9240199851143515,4,0,Volatile Portability Hubs
1675518,536,672750,2198.529411764706,2209.0,2472,142.11434135004748,568962,1.7173291689394006,0.8458805663509987,16356438.0,2242710.0,7.342670341883343,1.7173291689394006,1280.2222222222222,0.06464063686824903,0.8457257525083612,44496,39573.529411764706,2632.4739817718773,1.1243879598662208,17.37941,78.415497,Hyderabad,Active,17.20754482876218,-2.584173217951967,-0.7969879118916919,3,-1,High-Volume Urban Hubs
1481035,538,145782,476.4117647058824,568.0,588,128.23822756369836,123282,0.5491315051917927,0.8450910107817075,3325878.0,0.0,0.0,0.5491315051917927,868.1111111111111,0.2691751905893162,0.8456599580195086,10584,8575.411764705883,2375.4379348560005,1.2342264477095937,16.746917,78.007567,Mahbubnagar,Active,2.98324433714684,3.300752843878718,0.12981117232589978,0,0,Active Urban Shops
3511001,932,177048,578.5882352941177,584.0,611,21.31466959224143,149688,1.0710209346126291,0.8456074171859711,3733920.0,0.0,0.0,1.0710209346126291,540.3888888888889,0.0368390995392542,0.8454656364375762,10998,10414.588235294117,394.82512882660006,1.0560187067913787,18.975516,77.910457,Nirmal,Active,2.097108255301324,0.2216636138719602,1.0024225759947398,0,0,Active Urban Shops
3612010,933,78354,256.05882352941177,272.0,415,136.95404208420257,66240,0.5803422992168153,0.8572308536283076,1513872.0,0.0,0.0,0.5803422992168153,441.22222222222223,0.534853828493325,0.8453939811624167,7470,4609.058823529412,2536.886489148367,1.6207213416034918,18.762996,79.498885,Peddapalli,Active,1.28737128725308,6.319484439513768,1.6138392206815715,4,0,Volatile Portability Hubs
1679993,536,493254,1611.9411764705883,1683.0,2101,316.95854277795195,416988,1.3411872561208456,0.8426962630683308,11012166.0,1051200.0,10.64466647032271,1.3411872561208456,1201.888888888889,0.19663158147739968,0.8453818924935226,37818,29014.941176470587,5871.223897861802,1.3033974382366895,17.417741,78.518532,Hyderabad,Active,13.716281771972616,1.346998312304251,-0.06554486376270702,3,-1,High-Volume Urban Hubs
2909030,926,137988,450.94117647058823,448.0,493,24.98897731928696,116640,1.193382862379978,0.8453509144051322,2882682.0,0.0,0.0,1.193382862379978,377.8888888888889,0.05541515972187299,0.8452908948604226,8874,8116.941176470588,462.88665872276954,1.0932689799112967,18.322648,78.340499,Kamareddy,Active,1.1942356675958838,0.6058287301367817,1.6923446288962767,0,0,Active Urban Shops
2111038,540,181116,591.8823529411765,593.0,607,13.746148754944322,153090,0.9232935012837568,0.8451651683546145,3588246.0,0.0,0.0,0.9232935012837568,641.0555555555555,0.023224461223817678,0.8452593917710197,10926,10653.882352941177,254.62862229945333,1.0255416418207115,18.010949,79.570434,Hanumakonda,Active,2.1109675284126386,0.1472647293725144,0.5066661218233762,0,0,Active Urban Shops
2111050,540,179640,587.0588235294117,587.0,612,7.48352095102924,151812,0.9571658900721209,0.8449147429647229,3630132.0,0.0,0.0,0.9571658900721209,613.3333333333334,0.01274748057790552,0.8450901803607215,11016,10567.058823529413,138.62199978188667,1.0424849699398797,18.001886,79.573306,Hanumakonda,Active,2.0269494819993046,0.05002139921042021,0.5983401244569003,0,0,Active Urban Shops
1671187,536,456678,1492.4117647058824,1501.0,1574,51.59800852832122,385812,1.3169638822933059,0.8446785338952995,11331306.0,1524240.0,7.523449499605101,1.3169638822933059,1133.2222222222222,0.03457357396166729,0.8448228292144575,28332,26863.41176470588,955.7826020350764,1.0546687162508377,17.36401,78.4978,Hyderabad,Active,10.734980907610488,-1.7564564628631123,-0.5873954337709157,3,0,High-Volume Urban Hubs
3302042,930,437994,1431.3529411764705,1429.0,1539,52.846634967486054,369990,1.5142437320321478,0.8445955249159461,9143262.0,709254.0,11.523342419469735,1.5142437320321478,945.2777777777778,0.036920757590402455,0.8447375991451938,27702,25764.352941176472,978.9117006385503,1.0752065096782146,17.4109,78.56704,Medchal,Active,9.046210695039036,-1.6634387766574978,0.39387612114677334,3,0,High-Volume Urban Hubs
2111005,540,197928,646.8235294117648,646.0,666,7.330258552959205,167148,0.8840478227840365,0.8445286727616748,4156650.0,0.0,0.0,0.8840478227840365,731.6666666666666,0.011332702382712485,0.8444889050563842,11988,11642.823529411764,135.78302328260588,1.0296471444161515,17.995668,79.541291,Hanumakonda,Active,2.5296356174933003,-0.0723408136064699,0.21192725445093955,0,0,Active Urban Shops
1673364,536,351864,1149.8823529411766,1183.0,1257,121.02003308903767,297090,1.378464123555846,0.8437546979768907,7627986.0,1359270.0,5.63294750381515,1.378464123555846,834.2777777777778,0.1052455781928402,0.8443319009617353,22626,20697.882352941175,2241.7307454942297,1.0931553100061389,17.375102,78.439533,Hyderabad,Active,8.500178545208813,0.02878032287290534,0.6524084412489308,3,0,High-Volume Urban Hubs
1585658,537,302418,988.2941176470588,923.0,1498,213.1319881170518,255330,1.0666487573532009,0.8408463177334345,5988222.0,665334.0,11.404917548485864,1.0666487573532009,927.6666666666666,0.21565643699719544,0.8442949824415213,26964,17789.29411764706,3947.9788462690926,1.515743110529135,17.321617,78.533933,Ranga Reddy,Active,7.918054951765285,2.8141290447238454,0.6377132257880855,3,-1,High-Volume Urban Hubs
2246026,541,29070,95.0,95.0,103,4.249590144171862,24534,1.028985507246377,0.8433988922832344,520380.0,0.0,0.0,1.028985507246377,92.33333333333333,0.044732527833388026,0.8439628482972136,1854,1710.0,78.71785058041156,1.0842105263157895,16.851061,80.549815,Khammam,Active,-1.6259610669487938,1.3312908650498325,2.026473159990304,1,0,Stable Rural Shops
3384180,930,300924,983.4117647058823,988.0,1084,68.69724784252921,253908,1.158091156080652,0.8430075741958294,6272658.0,702036.0,9.889001250369626,1.158091156080652,849.1666666666666,0.06985603620785959,0.8437612154563943,19512,17701.41176470588,1272.5226451238266,1.1022849623160667,17.516641,78.440115,Medchal,Active,6.205678380460959,-0.030466519914071934,0.36184897449174475,3,0,High-Volume Urban Hubs
4318052,940,133272,435.52941176470586,442.0,453,24.855532437821513,112446,1.0253679743630026,0.8431832695842486,2552598.0,0.0,0.0,1.0253679743630026,424.77777777777777,0.057069699006343295,0.8437331172339276,8154,7839.529411764706,460.4147746390014,1.0401134521880064,17.959237,79.589827,Warangal,Active,1.0291811662535746,0.7113445831795369,1.248223515436896,0,0,Active Urban Shops
1679942,536,239004,781.0588235294117,805.0,1205,228.68451273427544,201546,0.650406561747506,0.8400957672116338,5157576.0,493200.0,10.61309330215653,0.650406561747506,1200.888888888889,0.2927878232024915,0.8432745895466185,21690,14059.058823529413,4236.06811310011,1.542777526735954,17.416911,78.518313,Hyderabad,Active,6.950652578542032,4.0913981030597935,-0.15711511251786173,3,-1,High-Volume Urban Hubs
3384210,930,268776,878.3529411764706,878.0,960,37.210693084726444,226638,1.314466413739252,0.8429839780381043,5467212.0,636084.0,9.271565524160431,1.314466413739252,668.2222222222222,0.04236416973214235,0.8432226091615322,17280,15810.35294117647,689.2772429487712,1.0929547281007232,17.500165,78.458737,Medchal,Active,4.9921510323979295,-0.3458255807575145,0.9955719304847828,3,0,High-Volume Urban Hubs
1676665,536,186534,609.5882352941177,671.0,763,161.50820024501488,157176,0.7200396560425311,0.8533066813081971,3912624.0,706770.0,5.58127541475794,0.7200396560425311,846.6111111111111,0.2649463865835427,0.8426131429122841,13734,10972.588235294117,2991.7187171177943,1.2516645758950111,17.395803,78.50875,Hyderabad,Active,4.804794206631021,3.254003304219102,0.3272618357467734,3,0,High-Volume Urban Hubs
3384167,930,79002,258.1764705882353,251.0,359,55.11444042093006,66564,0.40794145371948914,0.8422860561300359,1614708.0,36000.0,7.597376750700279,0.40794145371948914,632.8888888888889,0.21347584578624082,0.8425609478241057,6462,4647.176470588235,1020.9196978272898,1.3905217589428116,17.514525,78.44553,Medchal,Active,0.5502008134923543,3.505770102674825,0.27708264700599133,0,0,Active Urban Shops
3384042,930,364986,1192.764705882353,1200.0,1407,101.83295641655585,307404,1.1765032659654295,0.8416448516556025,7964928.0,702000.0,10.14,1.1765032659654295,1013.8333333333334,0.08537556142829064,0.8422350446318488,25326,21469.764705882353,1886.3163682628822,1.1796123686935938,17.457862,78.450555,Medchal,Active,8.1849617564392,-0.060324233102654445,0.0002833979678060178,3,0,High-Volume Urban Hubs
2035240,534,212742,695.2352941176471,697.0,707,8.674639657755177,179154,1.045294376274009,0.8421426914529359,4107870.0,0.0,0.0,1.045294376274009,665.1666666666666,0.01247727169657653,0.8421186225569,12726,12514.235294117647,160.68584622321495,1.0169219054065488,18.402816,79.184298,Karimnagar,Active,2.726785060267109,-0.302640119806299,0.6083331506713221,0,0,Active Urban Shops
3302176,930,212922,695.8235294117648,666.0,926,95.53673176680643,179262,0.9038671474862102,0.8409782235048104,4546566.0,540162.0,7.32935377367494,0.9038671474862102,769.8888888888889,0.1373002316371383,0.8419139403161722,16668,12524.823529411764,1769.687410084551,1.3307971933384057,17.444625,78.522293,Medchal,Active,4.506777725660806,1.8560017668265685,0.4988371496972554,0,0,Active Urban Shops
1671138,536,142344,465.1764705882353,457.0,525,19.08294840849881,119826,0.6799724066736135,0.8418025542399266,3362706.0,555930.0,6.066199354920604,0.6799724066736135,684.1111111111111,0.041023030215538665,0.8418057663125948,9450,8373.176470588236,353.48554342683474,1.1286039453717753,17.369505,78.514582,Hyderabad,Active,2.105482365388611,1.008418385884836,0.02512892190241282,0,0,Active Urban Shops
1671139,536,214560,701.1764705882352,684.0,901,91.82236005030214,180522,0.9077421500463256,0.8414403085659202,4764330.0,794970.0,6.00094674225548,0.9077421500463256,772.4444444444445,0.13095470812543092,0.8413590604026846,16218,12621.176470588236,1700.8837495289804,1.28498322147651,17.37237,78.517218,Hyderabad,Active,4.780004988243108,1.6896313352986716,0.4119769643568441,3,0,High-Volume Urban Hubs
1585671,537,343296,1121.8823529411766,1122.0,1272,66.83249834550004,288828,1.1673439793657705,0.8409872156046905,7230672.0,767322.0,9.603588754625493,1.1673439793657705,961.0555555555555,0.05957175292960888,0.8413380872483222,22896,20193.882352941175,1237.9807087730073,1.1338087248322148,17.34154,78.569305,Ranga Reddy,Active,7.303647844556656,-0.3609693277945508,0.049796939505550676,3,0,High-Volume Urban Hubs
2357054,539,113148,369.7647058823529,365.0,449,63.331939959972296,95148,0.9061290567733437,0.8439603453425623,2275812.0,0.0,0.0,0.9061290567733437,408.1666666666667,0.17127632505878604,0.8409163219853643,8082,6655.764705882353,1173.1376480091628,1.2142857142857142,16.649673,78.857826,Nalgonda,Active,1.0525654056343445,2.267918690411955,1.3754830804060758,0,0,Active Urban Shops
3723047,934,224136,732.4705882352941,724.0,887,78.27124412389277,188478,1.2342715005011513,0.8397232330528827,4723380.0,0.0,0.0,1.2342715005011513,593.4444444444445,0.10685923145729016,0.8409090909090909,15966,13184.470588235294,1449.8678438760833,1.2109701252810794,17.619384,77.946108,Sangareddy,Active,3.7979431394684133,0.867028238067746,1.3604289132106533,0,0,Active Urban Shops
1804036,533,160866,525.7058823529412,525.0,546,10.362531719861211,135270,1.1380286486513358,0.840667371805822,3547080.0,0.0,0.0,1.1380286486513358,461.94444444444446,0.019711652594566476,0.8408862034239678,9828,9462.70588235294,191.95174025841843,1.0386035582410205,18.793512,78.308745,Nizamabad,Active,1.5908385171571202,0.04234862882386698,1.252476433714817,0,0,Active Urban Shops
1676684,536,196560,642.3529411764706,585.0,915,94.86704902821167,165276,0.778400911119282,0.838351733027231,4221684.0,565938.0,7.693978964513928,0.778400911119282,825.2222222222222,0.14768679793769215,0.8408424908424909,16470,11562.35294117647,1757.2824524381554,1.4244505494505495,17.396503,78.518436,Hyderabad,Active,4.262825036267523,2.3355269367437517,0.2870875716731929,0,0,Active Urban Shops
1599005,537,537156,1755.4117647058824,1738.0,2259,184.66673675683052,451638,1.5744083575443812,0.8401580216977176,12476124.0,0.0,0.0,1.5744083575443812,1116.2222222222222,0.10519852975223237,0.8407948528918974,40662,31597.41176470588,3420.6989610827995,1.2868775551236513,17.311694,78.499965,Ranga Reddy,Active,12.313607654357693,-0.8488959601155189,0.19291753678682155,3,-1,High-Volume Urban Hubs
1585165,537,516870,1689.1176470588234,1698.0,1950,148.6077879465944,434502,1.4250293096696887,0.8404798528770115,10752048.0,1087110.0,9.939772036068737,1.4250293096696887,1185.3333333333333,0.08797953665652465,0.8406407800800975,35100,30404.117647058825,2752.7562070212684,1.1544488943061118,17.367263,78.545633,Ranga Reddy,Active,12.271345584997677,-0.9566904729450659,-0.287352656919233,3,1,High-Volume Urban Hubs
3384128,930,193896,633.6470588235294,584.0,1057,151.5912740508843,162990,0.656787485392435,0.838433573911401,3963708.0,686070.0,6.484424568686767,0.656787485392435,964.7777777777778,0.2392361361738798,0.840605272929818,19026,11405.64705882353,2808.0212103271333,1.6681210545859635,17.513405,78.437916,Medchal,Active,5.16457608710594,3.9024948957770578,0.18848862389860493,3,0,High-Volume Urban Hubs
1679912,536,284310,929.1176470588235,998.0,1157,200.52308451962648,238968,0.9645658647599525,0.8409345654913801,6424074.0,1024632.0,6.75786518919778,0.9645658647599525,963.2777777777778,0.2158209836551852,0.8405191516302627,20826,16724.117647058825,3714.4161365272626,1.245267489711934,17.416883,78.508022,Hyderabad,Active,7.774501978125375,2.3060001421777843,0.19861234791310128,3,0,High-Volume Urban Hubs
3302017,930,294030,960.8823529411765,906.0,1520,177.93533329583875,247104,0.9925527816463767,0.8377321397264942,6212034.0,681048.0,7.86189173611019,0.9925527816463767,968.1111111111111,0.18517910413402258,0.8404040404040404,27360,17295.882352941175,3296.0089100750497,1.5818794000612184,17.4115,78.57139,Medchal,Active,7.626759901024721,2.5727855849658883,0.3566344323133279,3,-1,High-Volume Urban Hubs
1599003,537,323298,1056.5294117647059,1067.0,1247,78.5008767893839,271692,0.9969635705745554,0.8405023011765493,7522578.0,0.0,0.0,0.9969635705745554,1064.388888888889,0.07430070182169847,0.8403763710261122,22446,19017.529411764706,1454.1214752234007,1.1802794944602193,17.292999,78.443001,Ranga Reddy,Active,6.466655972631627,0.017328544778258265,-0.24374499389940227,3,0,High-Volume Urban Hubs
1881060,533,184464,602.8235294117648,601.0,640,33.183665277857735,155016,0.8698752228163993,0.8401403256793125,4287438.0,0.0,0.0,0.8698752228163993,693.0,0.05504706379035729,0.8403590944574552,11520,10850.823529411764,614.6820555472275,1.0616705698672912,18.66606,78.086733,Nizamabad,Active,2.533442303655593,0.5084751031981734,0.35880332527503345,0,0,Active Urban Shops
2060030,534,144036,470.70588235294116,485.0,591,89.05322647502638,121032,0.8023488038366422,0.8413136003107761,2936736.0,0.0,0.0,0.8023488038366422,586.6666666666666,0.18919080855729173,0.8402899275181205,10638,8472.70588235294,1649.589333921699,1.2555611097225694,18.447014,79.076123,Karimnagar,Active,2.1549500332868083,2.4891917686869984,0.8777104075989477,0,0,Active Urban Shops
1676680,536,198882,649.9411764705883,689.0,795,125.9711773067713,167094,0.8631002118677313,0.8479470172312664,4244472.0,724752.0,5.961793016489662,0.8631002118677313,753.0555555555555,0.19381935145398785,0.8401665309077745,14310,11698.941176470587,2333.4439266508057,1.2231876187890307,17.395234,78.5178,Hyderabad,Active,4.634035493881845,2.3204710233486443,0.5209657130568718,3,0,High-Volume Urban Hubs
1585179,537,314514,1027.8235294117646,1019.0,1170,86.53339108356073,264186,1.326441517514316,0.8395724937119305,6601158.0,767790.0,8.790704127398753,1.326441517514316,774.8888888888889,0.08419090301725705,0.8399816860298747,21060,18500.823529411766,1602.9128265167026,1.1383277056029302,17.351893,78.537235,Ranga Reddy,Active,6.693929561767088,0.015390925421910836,0.8120904721828842,3,0,High-Volume Urban Hubs
3384057,930,137268,448.5882352941176,473.0,504,43.54406540080635,115290,1.1455010344586134,0.839767067418302,3006270.0,279450.0,9.557764609043724,1.1455010344586134,391.94444444444446,0.09706912035322686,0.8398898505114083,9072,8074.588235294118,806.5943108855537,1.1235247836349331,17.459294,78.453316,Medchal,Active,1.727374683883792,1.0971471791678644,1.5998998556682644,0,0,Active Urban Shops
2909015,926,113490,370.88235294117646,346.0,526,94.90806189228827,95310,0.6926664180257206,0.8336999621805695,2588760.0,0.0,0.0,0.6926664180257206,535.4444444444445,0.2558980257206821,0.8398096748612213,9468,6675.882352941177,1758.0421597032641,1.4182394924662967,18.329945,78.345572,Kamareddy,Active,1.5928459679798357,3.5744879381123384,0.9941016098052647,0,0,Active Urban Shops
1585088,537,675180,2206.470588235294,2289.0,2585,196.85364652072255,566676,1.717398824984967,0.8414292809932064,13723596.0,1514106.0,9.334322240684962,1.717398824984967,1284.7777777777778,0.08921652868174576,0.8392961876832845,46530,39716.470588235294,3646.4448116906788,1.1715542521994136,17.332273,78.574456,Ranga Reddy,Active,16.654584275246293,-1.882149513325855,-0.47961865575604923,3,-1,High-Volume Urban Hubs
3384004,930,300564,982.2352941176471,1014.0,1342,246.76327714423476,252252,0.96427609972556,0.8395280598134665,5960250.0,735534.0,8.393597189141396,0.96427609972556,1018.6666666666666,0.251226237360881,0.839262187088274,24156,17680.235294117647,4570.952520118368,1.3662714097496707,17.48805,78.39751,Medchal,Active,8.237434739641289,3.0227778663089517,0.3198875680900736,3,-1,High-Volume Urban Hubs
1672213,536,211662,691.7058823529412,668.0,963,138.2007512187094,177552,0.5724730805151981,0.835601509743839,5075604.0,830196.0,6.105343694161431,0.5724730805151981,1208.2777777777778,0.1997969870497542,0.8388468407177481,17334,12450.70588235294,2559.980072302953,1.3922102219576495,17.33977,78.487139,Hyderabad,Active,5.758848373107274,2.8518364475812223,-0.5820745806100301,3,0,High-Volume Urban Hubs
1675603,536,454446,1485.1176470588234,1504.0,1581,59.00707833910815,381168,1.1646968060695086,0.8386911641121574,11712618.0,1823382.0,6.4302698659807325,1.1646968060695086,1275.111111111111,0.03973225855605968,0.8387531191824771,28458,26732.117647058825,1093.0254961775217,1.064562126193211,17.405283,78.412628,Hyderabad,Active,11.276051349948656,-1.5435613380948803,-1.1348768038743184,3,0,High-Volume Urban Hubs
1673384,536,145944,476.94117647058823,466.0,603,42.23885792266853,122400,1.0117901252954107,0.836701201432899,3757554.0,576504.0,6.517828150368428,1.0117901252954107,471.3888888888889,0.08856198627101196,0.8386778490379871,10854,8584.941176470587,782.417125850099,1.2643068574247658,17.353612,78.467277,Hyderabad,Active,2.4052379314007655,1.3907462102065449,1.1382120652921066,0,0,Active Urban Shops
2084121,534,172476,563.6470588235294,561.0,735,64.09557112018557,144648,0.9751764893287738,0.8377585916068395,3654108.0,0.0,0.0,0.9751764893287738,578.0555555555555,0.11371579096672456,0.8386558129826759,13230,10145.64705882353,1187.2828717904838,1.3040075140889167,18.433605,79.139431,Karimnagar,Active,2.58653626583803,1.5945017112225588,1.0261159803629496,0,0,Active Urban Shops
2281103,541,40590,132.64705882352942,126.0,214,46.28358354832972,34038,0.6313200372302686,0.8203494304670916,780282.0,0.0,0.0,0.6313200372302686,210.11111111111111,0.3489228028033726,0.8385809312638581,3852,2387.6470588235293,857.3401411616388,1.6133037694013304,17.241342,80.14551,Khammam,Active,-0.7328516686112462,4.80281919368314,1.7040237461675116,4,0,Volatile Portability Hubs
1881015,533,216954,709.0,636.0,949,129.7730174788804,181890,0.9933840608083656,0.8388074072766195,4785912.0,0.0,0.0,0.9933840608083656,713.7222222222222,0.18303669602098788,0.8383804861860118,17082,12762.0,2403.8678208254287,1.3385049365303243,18.668079,78.093364,Nizamabad,Active,4.258728976217299,2.2304246144378386,0.946852222475045,0,0,Active Urban Shops
3003014,927,66240,216.47058823529412,206.0,353,74.29706071220129,55530,0.4242221231075467,0.8330740340835858,1392408.0,0.0,0.0,0.4242221231075467,510.27777777777777,0.3432201174204951,0.8383152173913043,6354,3896.470588235294,1376.2515266861221,1.6307065217391303,17.66794,80.89981,Bhadrdri Kothagudem,Active,0.3975649552392601,4.979333293620947,0.8400335301974123,4,0,Volatile Portability Hubs
2324027,539,197730,646.1764705882352,649.0,733,47.261826365861424,165654,0.9365002028908581,0.8375294771717086,3981096.0,0.0,0.0,0.9365002028908581,690.0,0.07314074175872956,0.8377787892580792,13194,11631.176470588236,875.4607526392974,1.1343650432407828,17.164029,79.426214,Nalgonda,Active,2.8999043583538895,0.749461955932878,0.5641744147463483,0,0,Active Urban Shops
3302178,930,249282,814.6470588235294,789.0,958,55.43337109237879,208836,1.0029544122777463,0.8376088448441046,5173524.0,616428.0,126.54157947672329,1.0029544122777463,812.2777777777778,0.06804587396710517,0.8377500180518449,17244,14663.64705882353,1026.8274527139688,1.1759693840710521,17.468676,78.547749,Medchal,Active,5.052700736196056,0.5918698671030791,0.2943584019457933,3,-1,High-Volume Urban Hubs
2245042,541,61434,200.76470588235293,199.0,225,15.063913978094853,51462,0.722175201015658,0.8381457570387201,1110924.0,0.0,0.0,0.722175201015658,278.0,0.0750326802307684,0.837679460884852,4050,3613.764705882353,279.0384224017735,1.120714913565778,16.930818,80.364031,Khammam,Active,-0.7513208018408599,1.7270151311081645,1.0295656498662824,0,0,Active Urban Shops
2159020,540,135720,443.52941176470586,454.0,468,24.032234861529865,113688,0.9853786286720524,0.8378665775976285,2832102.0,0.0,0.0,0.9853786286720524,450.1111111111111,0.05418408390530607,0.8376657824933686,8424,7983.529411764706,445.16431203082976,1.0551724137931033,18.195251,79.701087,Hanumakonda,Active,1.1320151547191237,0.7066694739356925,1.0929075006897315,0,0,Active Urban Shops
1672285,536,298584,975.7647058823529,1008.0,1097,131.0971490458358,250056,0.8339473614033651,0.8379951868992289,6720444.0,660600.0,10.63090406436853,0.8339473614033651,1170.0555555555557,0.1343532393163256,0.8374728719556306,19746,17563.764705882353,2428.3955487474586,1.1242464432119605,17.346257,78.486289,Hyderabad,Active,7.090715371656734,1.040287722094142,-0.5507193577287522,3,0,High-Volume Urban Hubs
1672294,536,339516,1109.5294117647059,1055.0,1846,291.57759833948705,284256,0.9068572961142748,0.8379176017155325,8834040.0,1453230.0,6.02844766902977,0.9068572961142748,1223.6666666666667,0.2627939333989651,0.837238893012406,33228,19971.529411764706,5401.076583858618,1.6637684232849115,17.352203,78.485616,Hyderabad,Active,11.119465056795976,3.678385097935899,-0.2601332440456579,3,-1,High-Volume Urban Hubs
2281023,541,100584,328.70588235294116,350.0,441,89.77201596561356,84204,0.6848042518188656,0.8341690603633114,2111526.0,0.0,0.0,0.6848042518188656,480.0,0.27310742151314077,0.8371510379384395,7938,5916.705882352941,1662.90392704697,1.3416249105225482,17.243678,80.148308,Khammam,Active,1.1852272910161932,3.57248742480369,1.0658231357702357,0,0,Active Urban Shops
3511002,932,146844,479.88235294117646,481.0,494,7.990109604673466,122904,0.9614748001475666,0.8370018706310782,2976750.0,0.0,0.0,0.9614748001475666,499.1111111111111,0.016650142593705435,0.83696984555038,8892,8637.882352941177,148.00586236402145,1.0294189752390293,18.986668,77.921993,Nirmal,Active,1.2090424088754028,0.2695128874966229,0.8547953424329372,0,0,Active Urban Shops
4005034,937,47232,154.35294117647058,144.0,332,52.15757595044115,39528,0.3964593458352395,0.835436175527129,818532.0,0.0,0.0,0.3964593458352395,389.3333333333333,0.33791112467892515,0.836890243902439,5976,2778.3529411764707,966.1478239105332,2.1509146341463414,16.895781,79.866513,Suryapet,Active,-0.22729201892583442,6.106423136234439,1.2350159649155381,4,0,Volatile Portability Hubs
1675592,536,449028,1467.4117647058824,1490.0,1594,106.59859005691168,375768,1.1507112208101031,0.8366315196240202,11084274.0,1769058.0,6.315132130830009,1.1507112208101031,1275.2222222222222,0.07264395217539879,0.8368475907961196,28692,26413.41176470588,1974.5932194639345,1.086266335284214,17.401378,78.419263,Hyderabad,Active,11.452919580812512,-0.8742832444421307,-0.9935076752913893,3,0,High-Volume Urban Hubs
4005039,937,84060,274.70588235294116,268.0,401,54.12528058191808,70344,0.929674791415228,0.8356833178244034,1486080.0,0.0,0.0,0.929674791415228,295.5,0.19702992931319216,0.836830835117773,7218,4944.705882352941,1002.5968634442437,1.4597430406852248,16.898165,79.870457,Suryapet,Active,0.32214699383327755,3.062178524387215,1.8354166173879858,0,0,Active Urban Shops
1673370,536,476118,1555.9411764705883,1585.0,1674,108.59533759844179,398232,1.244712507805465,0.8362855081873106,12469626.0,2058120.0,6.0931118746065485,1.244712507805465,1250.0555555555557,0.06979398658551701,0.8364145022872481,30132,28006.941176470587,2011.5802392207797,1.075876148349779,17.34687,78.459006,Hyderabad,Active,12.456471249372267,-1.1979258564264266,-0.9788141543249859,3,0,High-Volume Urban Hubs
1673402,536,322074,1052.5294117647059,1134.0,1153,135.71020517208586,269298,0.8763877217553689,0.8364731253183411,8184330.0,1385208.0,5.8892161192251375,0.8763877217553689,1201.0,0.12893720940733583,0.8361370368300453,20754,18945.529411764706,2513.846109988812,1.0954563237020063,17.359778,78.444743,Hyderabad,Active,8.603460317433736,0.7496119620893736,-0.7928234265297991,3,0,High-Volume Urban Hubs
3302235,930,436356,1426.0,1403.0,1535,71.46192382924664,364806,1.338704981850033,0.8358442195513904,8814546.0,760230.0,23.04677363818651,1.338704981850033,1065.2222222222222,0.05011355107240298,0.8360283804966587,27630,25668.0,1323.734489994123,1.076437587657784,17.374462,78.552204,Medchal,Active,9.220101464275592,-1.2506020960578017,-0.07920049903501468,3,0,High-Volume Urban Hubs
1671158,536,98010,320.29411764705884,305.0,452,47.29369449572492,81936,0.3130083776952478,0.8347903737699683,2247588.0,404352.0,5.561065438614124,0.3130083776952478,1023.2777777777778,0.14765708107021555,0.8359963269054178,8136,5765.294117647059,876.0510661989032,1.411202938475666,17.361009,78.501127,Hyderabad,Active,1.7216015552387458,2.9731346815885864,-0.5581581828796017,0,0,Active Urban Shops
1679981,536,286992,937.8823529411765,929.0,1074,44.55402926364623,239904,0.8587358980590246,0.8357747715824427,6737490.0,887400.0,7.654627209999803,0.8587358980590246,1092.1666666666667,0.04750492332425903,0.8359257400903161,19332,16881.882352941175,825.3025113824115,1.145132965378826,17.444235,78.517872,Hyderabad,Active,6.258390171439724,0.019445527836576087,-0.6392901386515972,3,0,High-Volume Urban Hubs
1585310,537,280638,917.1176470588235,903.0,1054,64.51127146922963,234576,1.2673227116000212,0.8355888387361178,5926230.0,694224.0,8.63500145142333,1.2673227116000212,723.6666666666666,0.0703413260840808,0.8358668462574562,18972,16508.117647058825,1194.9831527239694,1.1492527740363028,17.344177,78.518362,Ranga Reddy,Active,5.652071959439284,0.06947530989644304,0.8410247529597684,3,0,High-Volume Urban Hubs
2913023,926,61722,201.7058823529412,186.0,292,45.94421169456816,51588,0.5800785930987719,0.8263423395397504,1373454.0,0.0,0.0,0.5800785930987719,347.72222222222223,0.22777824403839564,0.8358121901428988,5256,3630.705882352941,851.053741304411,1.447652376786235,18.10532,78.077869,Kamareddy,Active,-0.22328703234511446,3.6248874663868342,1.0572684770106868,0,0,Active Urban Shops
1672229,536,261882,855.8235294117648,847.0,1037,73.70140178368023,218880,0.7087923838409944,0.8356591041544165,6050610.0,941346.0,6.758318240511955,0.7087923838409944,1207.4444444444443,0.08611752218864278,0.8357962746580521,18666,15404.823529411764,1365.2177589717194,1.211698398515362,17.336612,78.486463,Hyderabad,Active,6.197483291398673,0.8923998911431571,-0.8542978503402759,3,0,High-Volume Urban Hubs
1673303,536,253602,828.7647058823529,829.0,954,72.55403998023942,211914,1.029392177169633,0.8352692753121781,5074146.0,859374.0,5.936845206808459,1.029392177169633,805.8333333333334,0.08754479946511962,0.8356164383561644,17172,14917.764705882353,1343.9644493722556,1.1511107956561857,17.378964,78.437773,Hyderabad,Active,5.328772975262848,0.6659157208107652,0.34967790682855737,3,0,High-Volume Urban Hubs
1671151,536,306684,1002.2352941176471,982.0,1153,77.79812166015078,256194,0.9635850223252843,0.8361601869966704,7225398.0,1013202.0,7.139911598614467,0.9635850223252843,1040.111111111111,0.07762460783088175,0.8353680009390774,20754,18040.235294117647,1441.1038967321101,1.1504284540439018,17.348056,78.508016,Hyderabad,Active,7.055943195928048,0.24765490681191255,-0.3669318050289069,3,0,High-Volume Urban Hubs
2084146,534,362232,1183.764705882353,1190.0,1356,78.5162207074151,302400,1.2097837996740375,0.8344039773566894,7247934.0,0.0,0.0,1.2097837996740375,978.6666666666666,0.06632755674945622,0.8348240906380441,24408,21307.764705882353,1454.405700338276,1.1454979129397733,18.439971,79.119637,Karimnagar,Active,6.947156155617146,-0.4619944773425176,0.19358864088040248,3,0,High-Volume Urban Hubs
1679905,536,417870,1365.5882352941176,1395.0,1434,79.59162402688038,348804,1.4397413099334944,0.8342266706615551,9327780.0,1207800.0,7.760761998397517,1.4397413099334944,948.5,0.05828376517152559,0.8347189317251776,25812,24580.58823529412,1474.3260773495613,1.0500969200947663,17.418114,78.511695,Hyderabad,Active,9.430920745536854,-1.2132214353456257,0.23179798842808647,3,0,High-Volume Urban Hubs
2110007,540,134154,438.4117647058824,454.0,492,37.58959210883233,111978,0.9206067149081856,0.8347325800593645,2652966.0,0.0,0.0,0.9206067149081856,476.22222222222223,0.08574038183954777,0.8346974372735811,8856,7891.411764705882,696.2958296248379,1.1222326579900712,18.073312,79.522178,Hanumakonda,Active,1.255714164377176,1.2014235159075353,1.019256297875068,0,0,Active Urban Shops
1881062,533,248886,813.3529411764706,832.0,862,47.20648338192881,207702,0.942471542498807,0.8340824997778701,6194322.0,0.0,0.0,0.942471542498807,863.0,0.05803935904337816,0.8345266507557677,15516,14640.35294117647,874.4355994852099,1.059810515657771,18.672139,78.086897,Nizamabad,Active,4.29839395699402,0.017769335476076325,0.04212135305642023,0,0,Active Urban Shops
3903005,936,119970,392.05882352941177,388.0,607,60.629618395699055,100116,0.6572751797512965,0.8296226941110135,2262546.0,0.0,0.0,0.6572751797512965,596.5,0.15464418795602158,0.8345086271567892,10926,7057.058823529412,1123.080833610622,1.5482370592648163,18.307878,78.575317,Rajanna Siricilla,Active,1.4685566822650007,2.998445313410208,0.6889022369518523,0,0,Active Urban Shops
1672308,536,376974,1231.9411764705883,1248.0,1353,82.08506066383302,314532,0.9292848193518386,0.8340999185246563,9142218.0,1711458.0,5.339125149999971,0.9292848193518386,1325.7222222222222,0.06663066567756105,0.8343599293319963,24354,22174.941176470587,1520.5135838997066,1.098266723965048,17.330394,78.491662,Hyderabad,Active,9.636245549654182,-0.36943315289099865,-1.2173836142318322,3,0,High-Volume Urban Hubs
1673392,536,272772,891.4117647058823,900.0,1017,90.56221695512116,227556,0.7424488207091029,0.8348088491037321,6724710.0,1055016.0,6.815735160157261,0.7424488207091029,1200.7222222222222,0.10159414598370461,0.8342351854295895,18306,16045.411764705883,1677.5413206097016,1.1408868945492938,17.374131,78.437981,Hyderabad,Active,6.707825390762615,0.8319531946265339,-0.8523886668767523,3,0,High-Volume Urban Hubs
2155027,540,138186,451.5882352941176,512.0,532,103.26051913465072,115272,0.8652157728773537,0.8424697601162408,2687490.0,0.0,0.0,0.8652157728773537,522.0,0.22866078224424416,0.8341800182362902,9576,8128.588235294118,1912.7600169265722,1.1780643480526247,17.961233,79.511327,Hanumakonda,Active,2.083609593943985,2.6317843064216504,1.14779986319338,0,0,Active Urban Shops
1890009,533,221958,725.3529411764706,684.0,877,65.50089180604112,185148,1.0542920656634747,0.8319938204359117,4625280.0,0.0,0.0,1.0542920656634747,688.0,0.09030209721050192,0.8341578136404184,15786,13056.35294117647,1213.3145171995006,1.2090665801638147,18.671355,78.102373,Nizamabad,Active,3.623335951651328,0.8587967367466997,0.8136765871825049,0,0,Active Urban Shops
1585664,537,198720,649.4117647058823,641.0,775,66.12601277905641,165744,0.9212241311740685,0.8338321145159464,4219326.0,502326.0,8.549246306410046,0.9212241311740685,704.9444444444445,0.10182447619963397,0.8340579710144927,13950,11689.411764705883,1224.8940290298347,1.1933876811594202,17.343091,78.518215,Ranga Reddy,Active,3.7077786762614835,1.222933303614771,0.5134647401974962,0,0,Active Urban Shops
3384206,930,441396,1442.4705882352941,1454.0,1680,101.70107653401428,367938,1.290677458478612,0.8329464245857274,9109800.0,981738.0,10.385810468980969,1.290677458478612,1117.611111111111,0.07050478350372084,0.8335780115814371,30240,25964.470588235294,1883.873473645691,1.1646684609738194,17.504471,78.461091,Medchal,Active,10.071115971549931,-0.7714542728518454,-0.2511574477588708,3,0,High-Volume Urban Hubs
2909027,926,134748,440.3529411764706,447.0,513,65.20288343098453,112284,0.8407446868243802,0.8351385441094569,3270366.0,0.0,0.0,0.8407446868243802,523.7777777777778,0.14806959902841796,0.8332888057707721,9234,7926.35294117647,1207.7943192642772,1.1649746192893402,18.332094,78.339775,Kamareddy,Active,1.6895293538693195,1.8750570515024796,0.8979523958186723,0,0,Active Urban Shops
3511004,932,163836,535.4117647058823,537.0,560,20.78193711659779,136512,0.9036593422726827,0.8334562495692532,3281904.0,0.0,0.0,0.9036593422726827,592.5,0.03881486826874999,0.8332234673698088,10080,9637.411764705883,384.95698766607836,1.045923972753241,18.976412,77.910703,Nirmal,Active,1.7582798534179689,0.4481862372931555,0.6061830890812715,0,0,Active Urban Shops
1677804,536,465156,1520.1176470588234,1514.0,1799,160.20900042977553,387540,1.3177039506025037,0.8322331210775216,10336212.0,1760832.0,5.902906152043826,1.3177039506025037,1153.611111111111,0.10539250086317561,0.8331398498568222,32382,27362.117647058825,2967.6528158283822,1.1834610324278305,17.448795,78.40907,Hyderabad,Active,12.061318472120487,-0.25253517218461435,-0.3607580389245334,3,0,High-Volume Urban Hubs
1672261,536,312750,1022.0588235294117,989.0,1403,174.11103430326392,260496,0.8517946803305168,0.831487925495484,7005240.0,1267434.0,5.480913806957208,0.8517946803305168,1199.888888888889,0.17035324219599923,0.8329208633093526,25254,18397.058823529413,3225.1689969400873,1.3727194244604315,17.345164,78.480725,Hyderabad,Active,8.648331561254704,2.016017050917941,-0.4973186559500513,3,0,High-Volume Urban Hubs
1677772,536,115200,376.47058823529414,300.0,996,194.3093041763284,95940,0.42916226151467557,0.832027412213905,2560752.0,397458.0,6.362810617660845,0.42916226151467557,877.2222222222222,0.5161340892183722,0.8328125,17928,6776.470588235294,3599.3143464701557,2.6456250000000003,17.434891,78.440581,Hyderabad,Active,3.9877689742236173,8.587676536141668,1.133036750091078,4,-1,Volatile Portability Hubs
3722020,934,192852,630.2352941176471,645.0,692,39.023114580368386,160578,1.1846528084918178,0.8323952569626912,4198104.0,0.0,0.0,1.1846528084918178,532.0,0.061918326289552225,0.8326488706365504,12456,11344.235294117647,722.849874577336,1.098002613403024,17.508158,78.285781,Sangareddy,Active,2.640837582195603,0.32105524313625927,1.2581414469160903,0,0,Active Urban Shops
2237043,541,118710,387.94117647058823,403.0,455,43.89962250767422,98802,1.1736584413920053,0.8320730770239593,2362518.0,0.0,0.0,1.1736584413920053,330.55555555555554,0.11316051290833386,0.8322971948445792,8190,6982.941176470588,813.180520440283,1.172858225928734,17.246282,80.116773,Khammam,Active,0.9403696485659266,1.3745295936472517,1.9149902327268216,0,0,Active Urban Shops
1881046,533,392166,1281.5882352941176,1281.0,1306,13.811152258651934,326376,0.9501066510797541,0.832228634975229,9808272.0,0.0,0.0,0.9501066510797541,1348.888888888889,0.010776591012855505,0.8322394088217745,23508,23068.58823529412,255.83272338178546,1.019048056180291,18.672631,78.087972,Nizamabad,Active,7.514523417994536,-1.696866306241263,-1.2167857260883828,3,-1,High-Volume Urban Hubs
3810041,935,161154,526.6470588235294,528.0,569,29.248840938388515,134118,1.1275900243391952,0.8318563523724727,3439638.0,0.0,0.0,1.1275900243391952,467.05555555555554,0.05553784161204119,0.8322350050262481,10242,9479.64705882353,541.7948113880921,1.0804199709594549,17.84658,78.684575,Siddipet,Active,1.764270203390272,0.47359929848273974,1.3134414991029786,0,0,Active Urban Shops
1539008,537,235224,768.7058823529412,762.0,868,37.911178740329404,195750,1.0797957537707656,0.8327158569062638,5568786.0,0.0,0.0,1.0797957537707656,712.1111111111111,0.049318184770860106,0.8321854912764004,15624,13836.70588235294,702.2527825421809,1.1291704928068564,17.079195,78.202831,Ranga Reddy,Active,3.7705950450526706,0.06012352155408413,0.6025055530714803,0,0,Active Urban Shops
1672279,536,367380,1200.5882352941176,1236.0,1295,88.06514201536876,305712,1.2012337443897838,0.8317951470952173,10063296.0,1356858.0,7.473948150250366,1.2012337443897838,999.5,0.07335166164925375,0.832141107300343,23310,21610.58823529412,1631.2864194717436,1.0786379225869671,17.318447,78.482362,Hyderabad,Active,9.009294701387745,-0.5926516233937584,-0.24717916823885594,3,0,High-Volume Urban Hubs
4317065,940,154332,504.3529411764706,503.0,556,20.710485374222202,128412,0.9810201129285907,0.8318106807615874,3137868.0,0.0,0.0,0.9810201129285907,514.1111111111111,0.04106347694912263,0.8320503848845346,10008,9078.35294117647,383.633441773601,1.1024026125495685,17.993871,79.598875,Warangal,Active,1.5409288016365459,0.5717859048945925,0.9330836586870349,0,0,Active Urban Shops
2383054,539,188928,617.4117647058823,613.0,726,47.56903930585684,157176,1.0134039476514332,0.8319032902218275,3799638.0,0.0,0.0,1.0134039476514332,610.2777777777778,0.07704589064401356,0.8319359756097561,13068,11113.411764705883,881.151452562464,1.1758765243902438,17.06739,79.273222,Nalgonda,Active,2.6624533106333916,0.8490624140964551,0.8826558729482754,0,0,Active Urban Shops
2060002,534,116532,380.8235294117647,397.0,459,55.81034837317534,96930,0.8982798483015589,0.832066366913382,2305170.0,0.0,0.0,0.8982798483015589,424.05555555555554,0.1465517334482516,0.8317886932344764,8262,6854.823529411765,1033.8104417211912,1.205282669138091,18.496682,79.094136,Karimnagar,Active,1.0537772237263656,2.0034075902102346,1.250776723196683,0,0,Active Urban Shops
3302062,930,543402,1775.8235294117646,1780.0,1994,89.90305289566881,451962,1.3986598450306502,0.8314977841108842,11225178.0,604800.0,16.77103699248462,1.3986598450306502,1269.6666666666667,0.05062611875936168,0.8317267879028786,35892,31964.823529411766,1665.3312071212042,1.122859319619729,17.486972,78.564303,Medchal,Active,11.791775867145493,-1.8988769244268946,-0.6259571791151859,3,-1,High-Volume Urban Hubs
2060031,534,168606,551.0,544.0,792,128.6297010802715,140130,0.9362030694644753,0.8295161724813267,3471462.0,0.0,0.0,0.9362030694644753,588.6111111111111,0.23344773335802452,0.83110921319526,14256,9918.0,2382.6894468226446,1.4373865698729582,18.446904,79.076016,Karimnagar,Active,3.1593297577308634,3.0964610707903506,1.2655629171457297,0,0,Active Urban Shops
1881048,533,392742,1283.4705882352941,1247.0,1448,80.47140282793306,326394,1.07769144206307,0.8306594704015285,8579646.0,0.0,0.0,1.07769144206307,1190.9444444444443,0.06269828351779926,0.831064668408268,26064,23102.470588235294,1490.6227774678234,1.128191026169852,18.658887,78.082895,Nizamabad,Active,7.841021783170167,-0.6607849183063285,-0.5005410257693943,3,0,High-Volume Urban Hubs
1581646,537,390294,1275.4705882352941,1092.0,1666,234.83837647739364,324252,1.0491950515773174,0.8300862579243269,8301096.0,0.0,0.0,1.0491950515773174,1215.6666666666667,0.18411900567798237,0.8307890974496149,29988,22958.470588235294,4350.060030011757,1.3061845685560116,17.501996,78.350705,Ranga Reddy,Active,9.201531681962713,1.6791857553448735,-0.08708329486924293,3,-1,High-Volume Urban Hubs
1672288,536,545166,1781.5882352941176,1789.0,1912,69.25510261480433,452880,1.3458985617104307,0.8306112931675247,13626288.0,2401596.0,5.7232379764069785,1.3458985617104307,1323.7222222222222,0.03887267621262171,0.8307194505893618,34416,32068.58823529412,1282.856142501154,1.0731997226532834,17.324255,78.492617,Hyderabad,Active,13.88449478582375,-2.1867220098658717,-1.2673541248996696,3,-1,High-Volume Urban Hubs
2909003,926,131634,430.1764705882353,433.0,472,25.970504744473853,109350,1.4055510610565858,0.8301650451339772,3007134.0,0.0,0.0,1.4055510610565858,306.05555555555554,0.060371746295098526,0.8307124299193217,8496,7743.176470588235,481.0681130689964,1.0972241214275946,18.326425,78.337764,Kamareddy,Active,1.0786420647074608,0.4293355167111275,2.281134125638378,0,0,Active Urban Shops
1671169,536,498024,1627.5294117647059,1678.0,1906,167.61916470980728,413712,1.356149137784158,0.8307146426928114,12840714.0,2059992.0,6.230070932121092,1.356149137784158,1200.111111111111,0.10298994506530013,0.8307069538817407,34308,29295.529411764706,3104.9159835180535,1.1711001879427498,17.357243,78.496097,Hyderabad,Active,13.558258693957447,-0.653386595527972,-0.6575399092105749,3,0,High-Volume Urban Hubs
1481058,538,122238,399.47058823529414,397.0,423,17.345877319429924,101538,1.3352847152283136,0.8300873475442566,2472534.0,59310.0,25.305939405862677,1.3352847152283136,299.1666666666667,0.04342216380949914,0.830658224120159,7614,7190.470588235294,321.3086751176855,1.0589014872625535,16.741672,77.982967,Mahbubnagar,Active,0.7811093338844475,0.3822974958510837,2.1199391403469448,0,0,Active Urban Shops
1583629,537,201816,659.5294117647059,682.0,806,112.40477551394945,167634,1.0452194392294598,0.8293756528555721,4029858.0,558306.0,7.336407909095868,1.0452194392294598,631.0,0.17043178592018735,0.8306278986799858,14508,11871.529411764706,2082.1448712099464,1.222083481983589,17.304781,78.435542,Ranga Reddy,Active,4.200275742454868,1.8940476035195588,1.031186075322319,0,0,Active Urban Shops
1673363,536,142974,467.2352941176471,477.0,655,71.28624033932839,118746,0.8092088847797559,0.8340926217319872,3724326.0,661032.0,5.626657208152311,0.8092088847797559,577.7777777777778,0.15257032428157907,0.8305426161399975,11790,8410.235294117647,1320.4801934055922,1.4018632758403626,17.357597,78.46491,Hyderabad,Active,2.8795239886349013,2.4437192079337633,0.7330775907663303,0,0,Active Urban Shops
1581006,537,310536,1014.8235294117648,950.0,1362,157.4022358100233,257886,0.8733421079275083,0.8293486930192295,6600816.0,0.0,0.0,0.8733421079275083,1162.0,0.15510306102309276,0.83045444006492,24516,18266.823529411766,2915.6613365430094,1.3421052631578947,17.411269,78.390548,Ranga Reddy,Active,6.936344456039039,1.6467850407330749,-0.23598917036273873,3,-1,High-Volume Urban Hubs
2060003,534,113472,370.8235294117647,397.0,426,48.010124293897896,94230,0.865409631176465,0.8303108293569059,2261520.0,0.0,0.0,0.865409631176465,428.5,0.12946892655397593,0.8304251269035533,7668,6674.823529411765,889.3219492465956,1.1487944162436547,18.496701,79.094145,Karimnagar,Active,0.8914024133310591,1.772905945472807,1.1101123437083258,0,0,Active Urban Shops
3404012,931,150984,493.4117647058824,488.0,549,26.472015390650004,125370,1.021232103137197,0.8309520725994534,3144060.0,0.0,0.0,1.021232103137197,483.3333333333333,0.05365096109216143,0.8303528850739151,9882,8881.411764705883,490.35791250161475,1.1126609442060085,16.505874,78.162986,Nagarkarnool,Active,1.5150600749433174,0.6896313842520333,1.1018996328221415,0,0,Active Urban Shops
2084130,534,184680,603.5294117647059,605.0,679,41.343036573230556,153342,1.1405743849869043,0.8306357443427984,3866526.0,0.0,0.0,1.1405743849869043,529.1666666666666,0.06850210738254577,0.8303118908382067,12222,10863.529411764706,765.8232594442939,1.1250487329434697,18.429972,79.142843,Karimnagar,Active,2.449667818942561,0.5480797948319945,1.2302252080252867,0,0,Active Urban Shops
1675543,536,301968,986.8235294117648,988.0,1048,29.668135502989067,250722,0.9009864933455977,0.8303284591080635,7363638.0,1304694.0,5.643927836061272,0.9009864933455977,1095.2777777777778,0.030064276558822968,0.8302932761087267,18864,17762.823529411766,549.561670253453,1.061993323795899,17.384997,78.449626,Hyderabad,Active,6.82727154840844,-0.49162878413548305,-0.7754609163363081,3,0,High-Volume Urban Hubs
2084163,534,120834,394.88235294117646,386.0,572,45.054566723499164,100296,0.9659201589132385,0.8297775559539106,2715084.0,0.0,0.0,0.9659201589132385,408.8333333333333,0.11409617671674152,0.8300312825860271,10296,7107.882352941177,834.5742838681992,1.448532697750633,18.435211,79.126135,Karimnagar,Active,1.2143383471315243,2.1284200077370277,1.4427226701981923,0,0,Active Urban Shops
1890019,533,257472,841.4117647058823,851.0,885,51.494966096396645,213696,0.9287105570705103,0.8294910192730152,5447430.0,0.0,0.0,0.9287105570705103,906.0,0.06120067279353628,0.8299776286353467,15930,15145.411764705883,953.8738817857113,1.0518036912751678,18.681197,78.099365,Nizamabad,Active,4.348946485111904,0.07241747135015471,-0.0062255510365811706,0,0,Active Urban Shops
1674421,536,371664,1214.5882352941176,1191.0,1336,94.1395914629442,308466,1.5550601119225744,0.8297964896950359,7789284.0,1209780.0,6.482473915502386,1.5550601119225744,781.0555555555555,0.07750741257603891,0.8299593180937621,24048,21862.58823529412,1743.8072950738967,1.0999612553273925,17.394588,78.494574,Hyderabad,Active,8.346750443212489,-0.6113306278918601,0.9986668692376617,3,0,High-Volume Urban Hubs
2901006,926,98694,322.52941176470586,329.0,466,108.99655935755034,81900,0.7544684182909128,0.8063973669481631,2037402.0,0.0,0.0,0.7544684182909128,427.5,0.337943007309567,0.8298376801021339,8388,5805.529411764706,2019.0123240599305,1.4448294729162865,18.365516,77.87376,Kamareddy,Active,1.289641116556777,4.234774062222295,1.4552685594193442,0,0,Active Urban Shops
2110008,540,135900,444.11764705882354,453.0,485,30.545626431907458,112770,0.9448197071061638,0.8298501942160148,2655468.0,0.0,0.0,0.9448197071061638,470.05555555555554,0.06877823170098368,0.8298013245033112,8730,7994.117647058823,565.815990666681,1.0920529801324503,18.072846,79.520566,Hanumakonda,Active,1.1774608940294395,0.9514154103614979,1.0243229806784346,0,0,Active Urban Shops
3302243,930,327186,1069.235294117647,1069.0,1238,97.92186679257463,271458,1.1251875759021361,0.8290394069757362,6777900.0,703872.0,14.41353526792153,1.1251875759021361,950.2777777777778,0.0915812144728926,0.8296748638389173,22284,19246.235294117647,1813.868777275928,1.1578368267590913,17.373317,78.571142,Medchal,Active,7.130524228242658,0.23773878813866658,0.13135216795086643,3,0,High-Volume Urban Hubs
1500027,537,180576,590.1176470588235,594.0,616,20.20840311387136,149814,0.9307034987670519,0.8296419210254031,3998754.0,0.0,0.0,0.9307034987670519,634.0555555555555,0.03424470224639285,0.8296451355661882,11088,10622.117647058823,374.33305396948003,1.043859649122807,17.389228,78.354531,Ranga Reddy,Active,2.2086825340601126,0.2263048835945292,0.5164700951486749,0,0,Active Urban Shops
3384184,930,271584,887.5294117647059,884.0,943,18.35106065582662,225180,0.9358870598649353,0.8291531078898031,5749722.0,221400.0,20.608097780439476,0.9358870598649353,948.3333333333334,0.020676566221437733,0.829135737009544,16974,15975.529411764706,339.928322894522,1.0625,17.543354,78.436616,Medchal,Active,4.650645932970237,-0.45589712576681785,-0.22440579607650793,0,0,Active Urban Shops
3314008,930,436590,1426.764705882353,1428.0,1559,66.94071413764186,361890,1.4705860080337623,0.8286841162329305,9017280.0,0.0,0.0,1.4705860080337623,970.7777777777778,0.04691783716099409,0.8289012574726861,28062,25681.764705882353,1239.9852584512723,1.0926819212533498,17.408149,78.602572,Medchal,Active,8.358141109934913,-1.534832343599231,0.3907930246748484,3,0,High-Volume Urban Hubs
3803065,935,171090,559.1176470588235,561.0,586,12.561685788752632,141804,0.9895227633414745,0.8287203434203357,3531114.0,0.0,0.0,0.9895227633414745,565.0555555555555,0.022466981421230377,0.8288269331930563,10548,10064.117647058823,232.68806435680736,1.0480799579168858,18.115511,78.883242,Siddipet,Active,1.8308188099744858,0.15014364612556155,0.7564500017323659,0,0,Active Urban Shops
1672250,536,351702,1149.3529411764705,1141.0,1274,62.99127918701297,291474,0.9710158411610541,0.8282563416413907,8704836.0,1526274.0,5.704210592379741,0.9710158411610541,1183.6666666666667,0.05480586243816063,0.8287527509084396,22932,20688.352941176472,1166.8273726850332,1.1084497671324018,0.283333,78.469668,Hyderabad,Active,8.586942339713524,-0.42665626005404755,-0.8858902448265057,3,0,High-Volume Urban Hubs
3384149,930,250578,818.8823529411765,808.0,946,50.24646679384728,207630,0.9823374722438554,0.8286491609514487,5400756.0,680940.0,7.226679854288718,0.9823374722438554,833.6111111111111,0.06135981147154686,0.8286042669348467,17028,14739.882352941177,930.7471382143045,1.1552331010703254,17.486548,78.448025,Medchal,Active,4.94849574730706,0.35717733125998835,0.1544495602003737,3,0,High-Volume Urban Hubs
4213012,939,165960,542.3529411764706,516.0,703,89.22481979096932,137484,0.8936690774258396,0.8272204759224404,3589668.0,0.0,0.0,0.8936690774258396,616.0555555555555,0.16451430980981327,0.8284164859002169,12654,9762.35294117647,1652.7678656263438,1.2962039045553146,16.35791,78.063878,Wanaparthy,Active,2.6526641247535636,2.165059266839799,0.9291513674860683,0,0,Active Urban Shops
1585383,537,148014,483.70588235294116,468.0,708,80.30596265169616,122616,0.7051678022616764,0.8258754589112662,3261042.0,306000.0,10.64671600524298,0.7051678022616764,685.9444444444445,0.16602229904886717,0.8284081235558799,12744,8706.70588235294,1487.5582242682929,1.4636993797883986,17.351441,78.548548,Ranga Reddy,Active,2.7023452104367824,2.774941001795316,0.5113757571865714,0,0,Active Urban Shops
3702013,934,113454,370.7647058823529,361.0,497,40.931893005273785,93978,0.8719340585836991,0.8275835811983736,2304198.0,0.0,0.0,0.8719340585836991,425.22222222222223,0.11039856910830627,0.8283357131524671,8946,6673.764705882353,758.2073866538565,1.3404727907345708,17.527246,78.299992,Sangareddy,Active,0.8907524554478807,2.015530693552526,1.1893417109088724,0,0,Active Urban Shops
4111051,938,169272,553.1764705882352,557.0,619,28.92684218247734,140202,1.0827649880569852,0.8279274532353676,3597030.0,0.0,0.0,1.0827649880569852,511.1111111111111,0.0522922497981832,0.8282645682688218,11142,9957.176470588236,535.8302244291233,1.1189919183326242,17.337392,77.903296,Vikarabad,Active,1.9852306651883576,0.5050359061485075,1.12931028078559,0,0,Active Urban Shops
1599019,537,222804,728.1176470588235,721.0,805,33.065447505028715,184536,1.1192410522076393,0.827903163833412,4762476.0,0.0,0.0,1.1192410522076393,650.6111111111111,0.045412231991071916,0.8282436581030861,14490,13106.117647058823,612.4922328439088,1.1055905639037,0.0,0.0,Ranga Reddy,Active,3.272715815176346,0.04792711056247665,0.8225468908855902,0,0,Active Urban Shops
1500023,537,251244,821.0588235294117,822.0,976,87.09032321274219,208062,1.0849342247951363,0.827562499681314,5308074.0,0.0,0.0,1.0849342247951363,756.9444444444445,0.10607074757247581,0.8281272388594354,17568,14779.058823529413,1613.229233191467,1.1887089840951426,17.406441,78.376445,Ranga Reddy,Active,4.538849747163443,0.7876199091575466,0.694404345867269,0,0,Active Urban Shops
2110001,540,130464,426.3529411764706,430.0,473,31.34294086617898,108036,0.8717885518215466,0.8279559541843007,2567610.0,0.0,0.0,0.8717885518215466,489.05555555555554,0.07351407211990103,0.8280905077262694,8514,7674.35294117647,580.5851510735172,1.1094094922737308,18.072859,79.520197,Hanumakonda,Active,1.0809080671635423,1.124787189557583,0.8702090940282375,0,0,Active Urban Shops
1675567,536,298908,976.8235294117648,1001.0,1062,60.51344439666546,247518,1.1716509668919801,0.8281087856017629,7472790.0,1092870.0,6.8537622026926055,1.1716509668919801,833.7777777777778,0.061949208403186365,0.8280741900517885,19116,17582.823529411766,1120.9288690241524,1.0871973985306516,17.387531,78.443876,Hyderabad,Active,6.667884726868929,-0.26803343595116336,0.2248514627007934,3,0,High-Volume Urban Hubs
3302208,930,112806,368.6470588235294,367.0,386,7.343979881606904,93384,0.9486660734107353,0.8277386088085015,2298222.0,228600.0,9.063812091503268,0.9486660734107353,388.6111111111111,0.019921438963988732,0.8278283070049466,6948,6635.64705882353,136.03719214633472,1.0470719642572204,17.485666,78.530095,Medchal,Active,0.6224497215223983,0.5968283555793921,1.0501374292232182,0,0,Active Urban Shops
1481022,538,261450,854.4117647058823,886.0,940,71.88438161488409,216414,0.8347993456971511,0.826710714988092,6793578.0,0.0,0.0,0.8347993456971511,1024.1666666666667,0.0841331833014134,0.8277452667814114,16920,15379.411764705883,1331.5599432068166,1.1001721170395868,16.748473,77.985987,Mahbubnagar,Active,5.037258224334526,0.36650008288424546,-0.37213722925354914,0,0,Active Urban Shops
3404036,931,135576,443.05882352941177,457.0,482,35.69455765911983,112194,0.9631713554987212,0.8268401679377005,3159792.0,0.0,0.0,0.9631713554987212,460.0,0.08056392461564486,0.8275358470525757,8676,7975.058823529412,661.192905908351,1.0878916622411046,16.506803,78.162402,Nagarkarnool,Active,1.3062564290698753,0.9841143984521277,1.0647984992903157,0,0,Active Urban Shops
3702011,934,179280,585.8823529411765,629.0,666,69.28732679771518,148356,0.8405772639041268,0.8255310759899042,3798810.0,0.0,0.0,0.8405772639041268,697.0,0.11826150156236527,0.8275100401606426,11988,10545.882352941177,1283.453051456935,1.1367469879518073,17.520065,78.299053,Sangareddy,Active,2.7656471923230157,1.3346057030320793,0.4698614724405571,0,0,Active Urban Shops
1672307,536,420714,1374.8823529411766,1311.0,1851,205.11792501624544,348138,1.145105076684139,0.8274703336388288,10745946.0,1581534.0,6.852036351033944,1.145105076684139,1200.6666666666667,0.14918943761075482,0.8274932614555256,33318,24747.882352941175,3799.529278120397,1.3462970093697857,17.31444,78.469912,Hyderabad,Active,11.794389926298539,0.9801726519850253,-0.4898240146956228,3,-1,High-Volume Urban Hubs
2281110,541,80082,261.70588235294116,265.0,302,28.911596709640047,66258,0.9378278013714446,0.8283407676550174,1481292.0,0.0,0.0,0.9378278013714446,279.05555555555554,0.11047362195187252,0.8273769386378962,5436,4710.705882352941,535.5478228769447,1.1539671836367722,17.243315,80.129237,Khammam,Active,-0.16895575188566947,1.7298665794446717,1.5444919838416158,0,0,Active Urban Shops
1676685,536,300006,980.4117647058823,983.0,1052,41.50678860719239,248166,0.9556825472080228,0.8271882134701656,6707808.0,845946.0,8.10206098638623,0.9556825472080228,1025.888888888889,0.042336077657783085,0.8272034559308814,18936,17647.41176470588,768.8565421149401,1.0730185396292076,17.383491,78.521821,Hyderabad,Active,6.240798976635357,-0.339443355878663,-0.4360997069875008,3,0,High-Volume Urban Hubs
3302219,930,111618,364.7647058823529,357.0,505,45.74437379446395,92322,0.5966195254131117,0.8266698950111666,2328120.0,396702.0,7.653696681815974,0.5966195254131117,611.3888888888889,0.12540789461472135,0.8271246573133365,9090,6565.764705882353,847.3520172729102,1.3844541203031768,17.447026,78.532691,Medchal,Active,1.500128382997813,2.5180187348908643,0.3523486617109004,0,0,Active Urban Shops
1679977,536,304848,996.2352941176471,946.0,1265,164.76028348038295,252090,1.0477057135853038,0.8260059486525719,6963102.0,1143990.0,6.083713135064168,1.0477057135853038,951.1111111111111,0.1653829014623589,0.826936702881436,22770,17932.235294117647,3051.959115253097,1.2697803495512519,17.446045,78.518544,Hyderabad,Active,7.875459037334477,1.6200172207560701,0.19632898600781817,3,0,High-Volume Urban Hubs
1581324,537,252486,825.1176470588235,825.0,928,76.183294169464,208764,0.9730160932297448,0.8262327058907672,5597262.0,0.0,0.0,0.9730160932297448,848.0,0.09233022035224125,0.8268339630712198,16704,14852.117647058823,1411.1914240435694,1.1246881015185,17.410645,78.389786,Ranga Reddy,Active,4.516844422829019,0.5608589343471118,0.2627823277877176,0,0,Active Urban Shops
3302146,930,237582,776.4117647058823,763.0,915,60.471321414344246,196416,1.4341180997145258,0.8260923240546258,4942836.0,499500.0,14.131430548545692,1.4341180997145258,541.3888888888889,0.07788563255124269,0.8267292976740662,16470,13975.411764705883,1120.1485983354808,1.1784983710887187,17.500324,78.510018,Medchal,Active,4.363247789329053,0.26289416572916646,1.6624570885345926,0,0,Active Urban Shops
1671123,536,142362,465.2352941176471,443.0,567,59.24229378739402,117684,0.41014096843734793,0.8265630772453089,3545838.0,622602.0,5.751040941004126,0.41014096843734793,1134.3333333333333,0.1273383480067895,0.8266531799216082,10206,8374.235294117647,1097.3825409475362,1.218738146415476,17.372844,78.495879,Hyderabad,Active,3.0633773861630207,2.100407145352029,-0.8163260211361348,0,0,Active Urban Shops
1585366,537,274626,897.4705882352941,883.0,1016,53.097504967288316,226998,1.2634284833064022,0.826568929226375,5718204.0,734040.0,7.924906800952326,1.2634284833064022,710.3888888888889,0.05916350425666261,0.8265714098446615,18288,16154.470588235294,983.5587245842934,1.132070525004916,17.31599,78.518245,Ranga Reddy,Active,5.386266938293378,-0.07508607112670732,0.8227466680305033,3,0,High-Volume Urban Hubs
3107013,928,80982,264.6470588235294,247.0,434,98.1316259302503,66870,0.5850762127318756,0.8365561883550251,1532340.0,0.0,0.0,0.5850762127318756,452.3333333333333,0.37080187615342414,0.8257390531229162,7812,4763.64705882353,1817.7542786765925,1.6399199822182706,17.688736,79.888489,Mahabubabad,Active,0.8686413757149206,5.091281576075228,1.2875661853616682,4,0,Volatile Portability Hubs
2601009,923,35874,117.23529411764706,111.0,180,29.213687496211882,29610,0.6008658164120348,0.8235015835362715,800856.0,0.0,0.0,0.6008658164120348,195.11111111111111,0.24918850347998095,0.8253888610135475,3240,2110.235294117647,541.1436419070916,1.5353738083291522,15.95234,78.12586,Jogulamba Gadwal,Active,-1.0730276010758046,3.9908875792496894,1.426687441987001,0,0,Active Urban Shops
3302025,930,323748,1058.0,1046.0,1393,109.25392291415056,267210,1.048371257171189,0.8247340780079809,6749982.0,764226.0,7.766624055568116,1.048371257171189,1010.3333333333334,0.10326457742358276,0.8253641721338819,25074,19044.0,2023.7796322722493,1.3166351606805293,17.392874,78.533219,Medchal,Active,7.459457278533281,0.7698963232163514,-0.03217557969526466,3,0,High-Volume Urban Hubs
3384040,930,205128,670.3529411764706,659.0,891,68.56816358117582,169272,0.8959284092851758,0.8245044318903604,4282362.0,618246.0,6.1351033952691925,0.8959284092851758,748.2222222222222,0.10228666030887934,0.8252018252018252,16038,12066.35294117647,1270.1315355690758,1.329150579150579,17.455012,78.419157,Medchal,Active,4.107171545978851,1.4863217097793686,0.4119895975058873,0,0,Active Urban Shops
2155001,540,208188,680.3529411764706,687.0,715,27.473855372445115,171774,0.923928984762739,0.8251012910856916,4251366.0,0.0,0.0,0.923928984762739,736.5,0.04038176909316678,0.8250907833304513,12870,12246.35294117647,508.91562920297383,1.0509251253674563,17.976091,79.505049,Hanumakonda,Active,2.8878146017773534,0.14650751568111944,0.31123809215481085,0,0,Active Urban Shops
1585406,537,571680,1868.235294117647,1825.0,2218,152.47616377890975,471618,1.550402852346794,0.8244882635921361,12296016.0,1081314.0,11.643122203424662,1.550402852346794,1205.0,0.08161507507057512,0.8249685138539042,39924,33628.23529411765,2824.41258338375,1.1872166246851383,17.324146,78.605804,Ranga Reddy,Active,13.501822751210797,-1.4362876481580908,-0.30880515736247643,3,-1,High-Volume Urban Hubs
1673306,536,434520,1420.0,1434.0,1529,93.4745691724076,358272,1.1769521779115457,0.8243067087458067,10102536.0,1606968.0,6.338030321379031,1.1769521779115457,1207.1666666666667,0.06582716138901944,0.8245236122618061,27522,25560.0,1731.4886658595256,1.0767605633802817,17.375495,78.437921,Hyderabad,Active,10.599902467721614,-0.9270547723606388,-0.7752728141762071,3,0,High-Volume Urban Hubs
2706003,924,143586,469.2352941176471,463.0,554,22.855143182951437,118350,0.9802737033352499,0.823639791820344,2785698.0,0.0,0.0,0.9802737033352499,478.8333333333333,0.04870721249970846,0.8242447035226276,9972,8446.235294117647,423.3602971187433,1.1806443525134762,18.791128,78.919617,Jagityal,Active,1.3048849101944122,0.8699487021072417,1.0631370055835037,0,0,Active Urban Shops
2281051,541,81774,267.2352941176471,261.0,349,36.59593540198134,67392,0.9783141527558221,0.8216865151137764,1570122.0,0.0,0.0,0.9783141527558221,273.1666666666667,0.13694274748705323,0.824125027514858,6282,4810.235294117647,677.8896969098074,1.3059652212194586,17.243696,80.139849,Khammam,Active,0.008189428206662604,2.1971937826794075,1.7639209015460442,0,0,Active Urban Shops
1583618,537,333702,1090.5294117647059,1061.0,1225,64.28237489604592,275004,1.1455140879881365,0.8235897431006313,6985188.0,676800.0,10.80124746971528,1.1455140879881365,952.0,0.05894602584998008,0.824100544797454,22050,19629.529411764706,1190.7431564808096,1.123307621770322,17.36453,78.420459,Ranga Reddy,Active,6.855170122123464,-0.3391309568484362,0.049893896766961904,3,0,High-Volume Urban Hubs
3723046,934,229410,749.7058823529412,747.0,916,99.8987607106016,189000,0.80796955045332,0.8230632576196686,5147064.0,0.0,0.0,0.80796955045332,927.8888888888889,0.13325060275246975,0.8238524911730091,16488,13494.70588235294,1850.488035786299,1.2218124754805806,17.620376,77.954587,Sangareddy,Active,4.401164384473568,1.4566017476897926,0.03044855436900295,0,0,Active Urban Shops
2155004,540,180828,590.9411764705883,613.0,638,50.73922210277747,148932,0.8861393795643437,0.8233374668629599,3730194.0,0.0,0.0,0.8861393795643437,666.8888888888889,0.08586171369173969,0.823611387616962,11484,10636.941176470587,939.874756988147,1.0796336850487758,17.975142,79.506643,Hanumakonda,Active,2.5028376868423425,0.8598950618926992,0.5133449815021083,0,0,Active Urban Shops
3803066,935,85176,278.3529411764706,277.0,323,25.451070533891468,70146,0.8621354146293473,0.8231579400152974,1765782.0,20286.0,46.739496581134446,0.8621354146293473,322.8888888888889,0.0914345306585281,0.823541842772612,5814,5010.35294117647,471.4463040973583,1.1603972950126797,18.121262,78.859204,Siddipet,Active,0.037251264844187816,1.6598103392807726,1.2442656742475842,0,0,Active Urban Shops
1672299,536,348336,1138.3529411764705,1099.0,1448,119.40044048512735,286812,1.0145250689782954,0.8225473129262884,9320670.0,1446660.0,6.441887094851865,1.0145250689782954,1122.0555555555557,0.1048887705791218,0.8233774286895411,26064,20490.352941176472,2211.730005594503,1.2720132286068622,17.356813,78.485785,Hyderabad,Active,9.174907531460098,0.5298494158134769,-0.5535945820054019,3,0,High-Volume Urban Hubs
1675598,536,206658,675.3529411764706,626.0,958,166.48010645053103,170118,0.7586127367786457,0.816364915648996,5216436.0,852030.0,6.1932784826040255,0.7586127367786457,890.2777777777778,0.2465083015119787,0.8231861336120547,17244,12156.35294117647,3083.816485727881,1.4185175507359986,17.382077,78.454811,Hyderabad,Active,5.587168566075181,3.2872200649580536,0.251789592998447,3,0,High-Volume Urban Hubs
2706043,924,195102,637.5882352941177,636.0,689,36.173449082371825,160578,1.229801911469475,0.8226114719984134,3834882.0,0.0,0.0,1.229801911469475,518.5,0.056734812658023895,0.8230464064950641,12402,11476.588235294117,670.0637151442697,1.0806347449026663,18.794515,78.924571,Jagityal,Active,2.5185735973240355,0.20098116770798546,1.370947116800564,0,0,Active Urban Shops
1677814,536,371682,1214.6470588235295,1200.0,1459,82.02714229624438,305910,1.005764570546256,0.8230004567234401,7774596.0,1012860.0,7.701733854206371,1.005764570546256,1207.7777777777778,0.0675316683149864,0.8230422780764202,26262,21863.647058823528,1519.4407252825163,1.201171969586905,17.411838,78.408714,Hyderabad,Active,8.530962610381202,-0.16301482839863063,-0.7062210277149734,3,0,High-Volume Urban Hubs
4009003,937,109836,358.94117647058823,359.0,378,7.202217594846028,90360,0.8819193525075879,0.8228020484894004,2041776.0,0.0,0.0,0.8819193525075879,407.0,0.020065175206880115,0.8226810881678138,6804,6460.941176470588,133.4112394947645,1.0530973451327434,16.78369,79.86865,Suryapet,Active,0.2687359102335611,0.6672037618048227,0.925467874457328,0,0,Active Urban Shops
3384221,930,317304,1036.9411764705883,1033.0,1198,86.13228372067738,261036,1.191523521895113,0.8221787910805787,6813630.0,671598.0,10.506209553060119,1.191523521895113,870.2777777777778,0.08306380889786223,0.8226684819605173,21564,18664.941176470587,1595.482860711305,1.1553210800998412,17.509164,78.476959,Medchal,Active,6.723882730679473,0.07382375782887596,0.36419452092273086,3,0,High-Volume Urban Hubs
4107018,938,156546,511.5882352941176,524.0,588,43.1888767421966,128772,1.1827993087885027,0.8228202744401107,3531564.0,0.0,0.0,1.1827993087885027,432.8888888888889,0.08442116874983813,0.8225824997125446,10584,9208.588235294117,800.0149263313411,1.1493618489134185,17.177843,77.878774,Vikarabad,Active,1.8533567083741482,0.8240527281403984,1.5644073242360916,0,0,Active Urban Shops
3719042,934,219024,715.7647058823529,723.0,839,85.84818966218135,180144,1.2013224962115994,0.8203729488767958,4899852.0,0.0,0.0,1.2013224962115994,595.8333333333334,0.11993912099417185,0.8224852071005917,15102,12883.764705882353,1590.2204064771872,1.172172912557528,17.534553,78.263757,Sangareddy,Active,3.733532819734724,0.9198789421263287,1.2683992403956996,0,0,Active Urban Shops
1675528,536,166158,543.0,542.0,675,64.0799705286358,136638,0.8609366642803656,0.8209875284769743,3950082.0,736848.0,5.382208166039805,0.8609366642803656,630.7222222222222,0.11801099544868471,0.8223377748889611,12150,9774.0,1186.9938921494077,1.2430939226519337,17.375497,78.449797,Hyderabad,Active,3.2468377498150156,1.659661610706112,0.5576950071489827,0,0,Active Urban Shops
1581173,537,207648,678.5882352941177,655.0,848,57.72103965206229,170748,0.9634479968647678,0.822096072149385,4457340.0,30600.0,4.692548327234465,0.9634479968647678,704.3333333333334,0.08506047798934283,0.8222954230235784,15264,12214.588235294117,1069.2033868039052,1.2496532593619973,17.440458,78.38893,Ranga Reddy,Active,3.3426607477102874,0.9984370676349728,0.6107519651943496,0,0,Active Urban Shops
1673372,536,491292,1605.5294117647059,1581.0,1844,174.2627019647239,403848,1.2844929352396826,0.8214723235350977,12449628.0,2077038.0,6.08262976775332,1.2844929352396826,1249.9444444444443,0.10853909040083191,0.8220121638455338,33192,28899.529411764706,3227.978433122793,1.148530812632813,17.345713,78.453717,Hyderabad,Active,13.308853866525299,-0.4569563192845468,-0.7914380873015294,3,0,High-Volume Urban Hubs
2235035,541,57402,187.58823529411765,124.0,362,121.67425091837528,47178,0.5933222000839528,0.8721438981445795,1051524.0,0.0,0.0,0.5933222000839528,316.1666666666667,0.6486241033591658,0.8218877391031671,6516,3376.5882352941176,2253.8492368286174,1.9297585449984322,17.222792,80.291672,Khammam,Active,0.6030330780314918,7.714536319259966,2.228125071587512,4,-1,Volatile Portability Hubs
3384014,930,228240,745.8823529411765,761.0,830,62.58894692934374,187542,0.7058763060500458,0.8218680976769813,5628312.0,732438.0,6.914557668264079,0.7058763060500458,1056.7222222222222,0.08391262600937252,0.8216876971608833,14940,13425.882352941177,1159.3747173774827,1.112776025236593,17.455592,78.411309,Medchal,Active,4.942726741157761,0.7819393714244329,-0.6321609353646017,3,0,High-Volume Urban Hubs
3302052,930,232866,761.0,766.0,799,31.000370172300695,191340,1.3655385201247368,0.8219011886526801,4854204.0,413298.0,10.628816960259995,1.3655385201247368,557.4444444444445,0.040736360278975946,0.8216742676045451,14382,13698.0,574.2394970741739,1.049934296977661,17.389893,78.550238,Medchal,Active,3.784746946741802,-0.3597082940346421,1.3617220396180998,0,0,Active Urban Shops
2060010,534,158094,516.6470588235294,501.0,612,50.534645877299546,129888,1.4068181361665264,0.8210395993829491,2977308.0,0.0,0.0,1.4068181361665264,367.5,0.09781270407766052,0.8215871570078561,11016,9299.64705882353,936.085261953771,1.1845610839121028,18.462968,79.120957,Karimnagar,Active,1.82351939141807,0.8591626375098366,2.25867095778486,0,0,Active Urban Shops
3806012,935,57978,189.47058823529412,186.0,421,88.7048566377752,47628,0.37474659104962094,0.8174643078376861,1232478.0,0.0,0.0,0.37474659104962094,505.6111111111111,0.4681721710158889,0.8214840111766533,7578,3410.470588235294,1643.136258715595,2.221980751319466,17.924452,78.972008,Siddipet,Active,0.5783051788174202,7.128465184210479,1.2757621254257714,4,0,Volatile Portability Hubs
1671162,536,326052,1065.5294117647059,1084.0,1319,107.60699951781315,267840,1.2205376996159287,0.822587679346571,8279676.0,1372086.0,6.041135471684925,1.2205376996159287,873.0,0.10098923439344284,0.8214640609473336,23742,19179.529411764706,1993.272626788891,1.2378823009826654,17.356811,78.499048,Hyderabad,Active,8.20325159765928,0.36050186985267263,0.2688758036727467,3,0,High-Volume Urban Hubs
2281029,541,102708,335.6470588235294,332.0,494,59.486267387646414,84366,0.8328733929766137,0.8181487265278008,2061612.0,0.0,0.0,0.8328733929766137,403.0,0.1772286269873798,0.821416053277252,8892,6041.64705882353,1101.9018185151795,1.4717840869260428,17.252905,80.14445,Khammam,Active,0.8685336367706351,2.9118625480516447,1.3496059614142073,0,0,Active Urban Shops
1585331,537,508806,1662.764705882353,1649.0,1942,124.96461215570079,417798,1.5347043832535863,0.8204752932555368,10614078.0,827748.0,12.889290285253397,1.5347043832535863,1083.4444444444443,0.0751547177502711,0.8211341847383875,34956,29929.764705882353,2314.7986826453134,1.1679343403969293,17.321488,78.562608,Ranga Reddy,Active,11.471682217739556,-1.2790025517368182,0.07579298602815691,3,1,High-Volume Urban Hubs
2084117,534,265608,868.0,875.0,1117,99.56100362402415,218088,1.0944997104801897,0.819979192594694,5430654.0,0.0,0.0,1.0944997104801897,793.3333333333334,0.11470161707836884,0.8210897262130659,20106,15624.0,1844.2315472846674,1.2868663594470047,18.433493,79.131763,Karimnagar,Active,5.0563486820178,1.003110442143371,0.6703389107069561,0,0,Active Urban Shops
4213005,939,221076,722.4705882352941,710.0,807,43.69837883079569,181458,1.10692703533564,0.8208469786584082,4658022.0,0.0,0.0,1.10692703533564,655.0,0.06048464746161266,0.8207946588503501,14526,13004.470588235294,809.4527563149576,1.117000488519785,16.365252,78.064553,Wanaparthy,Active,3.3047110805879116,0.25453724949601425,0.8350052460520548,0,0,Active Urban Shops
1679917,536,302418,988.2941176470588,980.0,1092,58.55515907082029,248166,1.0929778540808397,0.8204609972757446,6946398.0,1153908.0,6.054978082742459,1.0929778540808397,904.2222222222222,0.059248717588473596,0.8206059163145051,19656,17789.29411764706,1084.6543092562881,1.1049342301053509,17.418259,78.511716,Hyderabad,Active,6.690047615074763,-0.1653060345775054,-0.014531675346839476,3,0,High-Volume Urban Hubs
1676709,536,267498,874.1764705882352,860.0,994,74.8345600573547,219474,0.8267331709028447,0.8202103615372278,5999364.0,1037430.0,5.818204504534062,0.8267331709028447,1057.388888888889,0.08560578164154699,0.8204696857546598,17892,15735.176470588236,1386.207967590637,1.137070183702308,17.385834,78.525819,Hyderabad,Active,6.0997050759444,0.6371866433999757,-0.5146330279795456,3,0,High-Volume Urban Hubs
1585675,537,277740,907.6470588235294,903.0,1022,55.21255150579557,227862,1.0092445976042128,0.8203597313746007,5980662.0,671148.0,8.953803477669885,1.0092445976042128,899.3333333333334,0.060830419675860316,0.8204147764095917,18396,16337.64705882353,1022.7370716108114,1.1259883344134802,17.360721,78.555343,Ranga Reddy,Active,5.577659340316818,0.09033819890054905,0.009822153927275137,3,0,High-Volume Urban Hubs
3612028,933,88866,290.4117647058824,307.0,318,42.00570287773627,72900,0.9356565980982515,0.8202138884103083,1606662.0,0.0,0.0,0.9356565980982515,310.3888888888889,0.14464187744004792,0.8203362365809196,5724,5227.411764705882,778.0982472367748,1.0949969617176423,18.732484,79.521215,Peddapalli,Active,0.13482363897326513,1.817951835335668,1.4977926658651368,0,0,Active Urban Shops
3614004,933,140256,458.3529411764706,465.0,478,24.20797066629374,115056,1.0085046224981096,0.8198798830853075,2883474.0,0.0,0.0,1.0085046224981096,454.5,0.052815131073792806,0.8203285420944558,8604,8250.35294117647,448.4195776803894,1.042864476386037,18.527191,79.316702,Peddapalli,Active,1.171705077856165,0.591205604350003,1.0963767966740323,0,0,Active Urban Shops
2084160,534,286254,935.4705882352941,884.0,1220,117.51029582089872,234810,1.014653456100236,0.8198524932942212,5902830.0,0.0,0.0,1.014653456100236,922.4444444444445,0.12561623775107075,0.8202854807269069,21960,16838.470588235294,2176.717658472473,1.3041564484688424,18.427413,79.120121,Karimnagar,Active,5.7294326128317365,1.1754412327014367,0.32472543736471454,3,0,High-Volume Urban Hubs
4213017,939,189378,618.8823529411765,541.0,840,117.7895840632345,155340,1.042993067336416,0.8179587636535226,4025718.0,0.0,0.0,1.042993067336416,605.8333333333334,0.19032629304010898,0.8202642334378861,15120,11139.882352941177,2181.891091529116,1.3572854291417165,16.368173,78.071043,Wanaparthy,Active,3.384762468413157,2.3597455772247824,1.2970369849120402,0,0,Active Urban Shops
3717047,934,171828,561.5294117647059,575.0,642,58.4637266074715,140940,1.2562179234109752,0.8191243036162158,4146264.0,0.0,0.0,1.2562179234109752,447.0,0.10411516366300184,0.8202388434946575,11556,10107.529411764706,1082.9606478103824,1.1433060967944688,18.032734,77.772108,Sangareddy,Active,2.387973870050786,0.827641347758117,1.6805257210440567,0,0,Active Urban Shops
3717052,934,85392,279.05882352941177,250.0,432,68.27535717445866,70038,1.01475935828877,0.8136866476472432,2059164.0,0.0,0.0,1.01475935828877,275.0,0.2446629578342743,0.820193929173693,7776,5023.058823529412,1264.7076969891223,1.548060708263069,18.031574,77.770697,Sangareddy,Active,0.5701511409106619,3.462252064294253,2.143649293751421,0,0,Active Urban Shops
3513011,932,222030,725.5882352941177,728.0,895,76.31268973923187,182106,1.2433454656330394,0.8190278674003354,4904208.0,20898.0,12.38895563530452,1.2433454656330394,583.7777777777778,0.10517354889071275,0.820186461289015,16110,13060.588235294117,1413.58830016131,1.233481961897041,19.103547,78.349268,Nirmal,Active,3.786673069394146,0.8384635630520385,1.3529012871794501,0,0,Active Urban Shops
3724021,934,81144,265.1764705882353,265.0,275,5.063683162930107,66546,0.9382097992861448,0.8203466859870863,1860930.0,0.0,0.0,0.9382097992861448,282.6666666666667,0.019095522131724003,0.820097604259095,4950,4773.176470588235,93.79781133781702,1.0370452528837621,17.627837,78.084069,Sangareddy,Active,-0.3966184273006829,0.7332817673309932,1.269203038657533,0,0,Active Urban Shops
1926020,532,22410,73.23529411764706,73.0,78,2.490018647325934,18378,0.8322192513368983,0.8205925755338607,600300.0,0.0,0.0,0.8322192513368983,88.0,0.03400025462212118,0.8200803212851405,1404,1318.235294117647,46.12419296281061,1.0650602409638554,0.0,0.0,Adilabad,Active,-1.8622427746331296,1.4105655081737545,1.5000290572726929,1,0,Stable Rural Shops
4018041,937,202554,661.9411764705883,668.0,734,47.17713190041422,166104,1.0319604364984838,0.8195104943216055,4190382.0,0.0,0.0,1.0319604364984838,641.4444444444445,0.07127088263636734,0.8200479872034124,13212,11914.941176470587,873.8919033973992,1.1088598595929975,17.145292,79.621115,Suryapet,Active,2.9189563474059907,0.5230616606862019,0.7693028846307804,0,0,Active Urban Shops
3384199,930,423504,1384.0,1397.0,1498,75.2041156878628,347256,1.0013667792249559,0.8199445111918258,8939952.0,1040094.0,9.426470381573989,1.0013667792249559,1382.111111111111,0.05433823387851358,0.8199591975518531,26964,24912.0,1393.0534806675587,1.0823699421965318,17.539701,78.439354,Medchal,Active,9.614091497014945,-0.914026770545063,-1.2007192860614366,3,0,High-Volume Urban Hubs
1672298,536,289764,946.9411764705883,822.0,1453,213.58167279679444,237582,0.8126705293924,0.8138083577138828,6372306.0,1085562.0,5.815727773369544,0.8126705293924,1165.2222222222222,0.22554903947978042,0.8199155174555846,26154,17044.941176470587,3956.308640490973,1.5344142129457077,17.344477,78.481323,Hyderabad,Active,8.278088579492842,3.16223236176543,-0.20470523547126038,3,-1,High-Volume Urban Hubs
2110037,540,83808,273.88235294117646,273.0,288,8.365378438106013,68706,0.966848733996936,0.8199247408715715,1543428.0,0.0,0.0,0.966848733996936,283.27777777777777,0.030543692750816632,0.8198024054982818,5184,4929.882352941177,154.95720471832738,1.0515463917525774,18.09261,79.567668,Hanumakonda,Active,-0.36449267124824014,0.8364190357540274,1.3797281237811545,0,0,Active Urban Shops
1882564,533,138924,454.0,455.0,549,44.94061655555524,113886,0.8901960784313725,0.8184294556327619,2871558.0,0.0,0.0,0.8901960784313725,510.0,0.09898814219285294,0.8197719616480954,9882,8172.0,832.4635127139207,1.2092511013215859,18.669466,77.885031,Nizamabad,Active,1.4771820127654587,1.470795990624832,0.938024790573039,0,0,Active Urban Shops
3717032,934,126990,415.0,422.0,439,29.003787203245476,104094,0.9904534606205252,0.8194659410986379,3135438.0,0.0,0.0,0.9904534606205252,419.0,0.06988864386324212,0.8197023387668321,7902,7470.0,537.2555257975482,1.0578313253012048,18.0316,77.77155,Sangareddy,Active,1.0122641433105652,0.8252780610650937,1.1533107101108822,0,0,Active Urban Shops
1672211,536,338436,1106.0,1123.0,1178,68.33715836289026,277416,1.1901135870574528,0.8195342624421927,8182980.0,1400778.0,5.91997247432198,1.1901135870574528,929.3333333333334,0.061787665789231706,0.8197000319114988,21204,19908.0,1265.8524795567607,1.0650994575045207,17.370196,78.487861,Hyderabad,Active,7.883491124780871,-0.5216958414533506,-0.051034574310037516,3,0,High-Volume Urban Hubs
3803040,935,295560,965.8823529411765,976.0,1059,60.68450432037373,242244,1.0787050740531452,0.8197403556455265,6215058.0,167904.0,27.333590126374933,1.0787050740531452,897.0,0.0628280495399728,0.8196102314250914,19062,17385.882352941175,1124.0975203665016,1.096406820950061,18.104312,78.843019,Siddipet,Active,5.463779838982582,-0.14183544280704513,0.16811008191226803,3,0,High-Volume Urban Hubs
3722019,934,181692,593.7647058823529,589.0,683,39.826964209062325,148914,1.141856142031667,0.8188230515862576,3912786.0,0.0,0.0,1.141856142031667,520.0,0.06707533104359616,0.8195957994848425,12294,10687.764705882353,737.7400905308525,1.1502872993857738,17.508072,78.286907,Sangareddy,Active,2.3684023826272336,0.5721765681892141,1.242144214063216,0,0,Active Urban Shops
4504020,981,42084,137.52941176470588,136.0,197,31.626313763633533,34488,0.5909103634547401,0.8261686987561517,764910.0,0.0,0.0,0.5909103634547401,232.77777777777777,0.22996036526166383,0.8195038494439693,3546,2475.529411764706,585.834246784773,1.432420872540633,18.253592,80.517545,Mulugu,Active,-0.9463548329799036,3.644262628998336,1.258243004059941,0,0,Active Urban Shops
3513010,932,130806,427.47058823529414,442.0,508,65.97506322981009,107190,0.8040069039227445,0.8188472058137204,2899080.0,13392.0,7.685271005254979,0.8040069039227445,532.6666666666666,0.15433825167287346,0.8194578230356405,9144,7694.470588235294,1222.0978948946286,1.1883858538599148,19.102104,78.349858,Nirmal,Active,1.577020915736129,2.023444244273698,0.8338182340889176,0,0,Active Urban Shops
1675597,536,97290,317.94117647058823,318.0,355,16.3595804564096,79722,0.9620037098740789,0.8189579433678152,2222028.0,404424.0,5.494279609674136,0.9620037098740789,330.5,0.05145473964088126,0.8194264569842739,6390,5722.941176470588,303.0388734527791,1.1165587419056429,17.375378,78.462367,Hyderabad,Active,0.576679483155443,1.0707265037398046,1.250990001365957,0,0,Active Urban Shops
3384215,930,261666,855.1176470588235,837.0,973,56.76410100556602,214344,0.9733230947941272,0.8186354634086458,5651316.0,640170.0,9.609390728516635,0.9733230947941272,878.5555555555555,0.06638162737116478,0.8191511315952398,17514,15392.117647058823,1051.4774059836557,1.1378551282933205,17.509081,78.462268,Medchal,Active,5.190774185138188,0.306352400478298,0.04291375037033992,3,0,High-Volume Urban Hubs
3384037,930,308016,1006.5882352941177,1021.0,1086,41.78877869802281,252306,1.1348277214488163,0.819039406129912,6467454.0,686430.0,8.524474682541683,1.1348277214488163,887.0,0.04151526635497824,0.8191327723235157,19548,18118.58823529412,774.0800232230131,1.0788920056100981,17.455516,78.417237,Medchal,Active,6.045183199233831,-0.5362130073031001,0.1123742108576205,3,0,High-Volume Urban Hubs
3707017,934,236322,772.2941176470588,785.0,925,100.585817359154,193554,1.1955017301038062,0.8171185736163892,5023332.0,0.0,0.0,1.1955017301038062,646.0,0.13024288941317833,0.8190265823748952,16650,13901.29411764706,1863.2148213741311,1.1977302155533551,17.550438,78.350056,Sangareddy,Active,4.254419163110621,1.0297990048708556,1.1741052710663886,0,0,Active Urban Shops
1673351,536,152154,497.2352941176471,617.0,832,200.19602736615911,124614,0.652350449487215,0.8224817549459894,3504114.0,698310.0,4.956080381165019,0.652350449487215,762.2222222222222,0.4026182970808831,0.8189991718916361,14976,8950.235294117647,3708.3578496655996,1.6732520998462086,17.365281,78.459872,Hyderabad,Active,4.714086136155874,5.3968553086323325,0.7769532314393869,4,-1,Volatile Portability Hubs
2902014,926,41670,136.1764705882353,90.0,278,97.93735820960346,34110,0.5062330100059215,0.8814631111883474,831618.0,0.0,0.0,0.5062330100059215,269.0,0.7191944231374767,0.8185745140388769,5004,2451.176470588235,1814.1557346081854,2.0414686825054,18.189135,78.400478,Kamareddy,Active,0.07505886214452143,8.379010652663242,2.281942431001457,4,-1,Volatile Portability Hubs
2111002,540,238194,778.4117647058823,787.0,806,34.40921138810091,194958,0.9156589777681999,0.8186743586777638,4700016.0,0.0,0.0,0.9156589777681999,850.1111111111111,0.04420438249812707,0.8184840927983073,14508,14011.411764705883,637.3836225954831,1.0354416987833446,17.996259,79.556466,Hanumakonda,Active,3.621300319348894,-0.026228010823702227,0.05719974386785619,0,0,Active Urban Shops
1675594,536,433476,1416.5882352941176,1349.0,1662,141.29928842820917,354726,1.093047631443741,0.8186504653847644,10629756.0,1704546.0,6.268228521732804,1.093047631443741,1296.0,0.09974619646539142,0.8183290424383357,29916,25498.58823529412,2617.376240121572,1.173241425130803,17.398995,78.418604,Hyderabad,Active,11.321953203294616,-0.1272799240130731,-0.9475881381655809,3,0,High-Volume Urban Hubs
3213049,929,62046,202.76470588235293,185.0,380,83.07135109766725,50760,0.519470011997906,0.8125648120970805,1262592.0,0.0,0.0,0.519470011997906,390.3333333333333,0.4096933474500561,0.8181026979982594,6840,3649.764705882353,1538.7832664727252,1.8740934145633883,18.981851,79.482583,Manchiryala,Active,0.3297597062026183,5.873397854509469,1.4221466351100054,4,0,Volatile Portability Hubs
4318012,940,239058,781.2352941176471,782.0,921,44.511153836031376,195570,0.9721653563313516,0.8181254101476151,4711428.0,0.0,0.0,0.9721653563313516,803.6111111111111,0.056975349387285094,0.8180859875009412,16578,14062.235294117647,824.508302672854,1.1789021911000679,17.966004,79.62022,Warangal,Active,3.829015572878166,0.35716755811931433,0.31422043613038364,0,0,Active Urban Shops
1671195,536,137232,448.47058823529414,444.0,510,37.27594201926136,112248,0.613456294535436,0.8174867236044958,3120786.0,309816.0,10.459186372087332,0.613456294535436,731.0555555555555,0.08311791898313786,0.8179433368310598,9180,8072.470588235294,690.4858903018094,1.1371983210912908,17.363832,78.517656,Hyderabad,Active,1.8852952720304375,1.4301864589459754,-0.04807620394068182,0,0,Active Urban Shops
3719012,934,190062,621.1176470588235,618.0,741,66.6574252675422,155448,1.0631790942654853,0.8178184716167036,4096368.0,0.0,0.0,1.0631790942654853,584.2222222222222,0.10731851780928282,0.8178804811061654,13338,11180.117647058823,1234.73771923195,1.193010701771001,17.542268,78.197418,Sangareddy,Active,2.871808836204286,1.0973754024959212,1.062367940078693,0,0,Active Urban Shops
3003019,927,160758,525.3529411764706,536.0,618,55.67239897574522,131418,1.1224564457064359,0.8158805373006837,2918394.0,0.0,0.0,1.1224564457064359,468.3888888888889,0.10597142342264793,0.8174896428171537,11124,9456.35294117647,1031.2551176343602,1.1763520322472287,17.672712,80.896188,Bhadrdri Kothagudem,Active,1.9493017781520274,1.1705856559405206,1.4623948563839773,0,0,Active Urban Shops
3803063,935,174438,570.0588235294117,572.0,579,9.20244820890662,142560,1.0185813470508993,0.8172023621562536,3627000.0,25758.0,733.2163026935121,1.0185813470508993,559.6666666666666,0.016142980038325514,0.8172531214528944,10422,10261.058823529413,170.46277841079987,1.0156846558662675,0.0,0.0,Siddipet,Active,2.9334896312140484,0.48551645552353906,0.7632048326440779,0,-1,Active Urban Shops
2110005,540,130302,425.8235294117647,429.0,444,11.133831265559573,106470,0.9329290624295694,0.8171463351426733,2545146.0,0.0,0.0,0.9329290624295694,456.44444444444446,0.026146585372912385,0.8171018096422158,7992,7664.823529411765,206.23901040240835,1.04268545379196,18.072885,79.523173,Hanumakonda,Active,0.7914822223064012,0.4904967568877344,0.9041910554203623,0,0,Active Urban Shops
2084140,534,316926,1035.7058823529412,1046.0,1080,39.012882673096726,258948,1.7345477805109182,0.8169465925238171,6313464.0,0.0,0.0,1.7345477805109182,597.1666666666666,0.03766791647882344,0.8170613960356676,19440,18642.70588235294,722.6603424764883,1.0427670812744931,18.446976,79.132252,Karimnagar,Active,5.188582330538761,-1.3132318998959365,1.8914503599198327,3,0,High-Volume Urban Hubs
1585090,537,428256,1399.5294117647059,1407.0,1541,73.84050679394939,349848,1.2523795444067038,0.8166349721346134,8956746.0,953460.0,9.43791027698109,1.2523795444067038,1117.5,0.052760953912959804,0.8169132481506388,27738,25191.529411764706,1367.7944892073085,1.1010843981170142,17.342753,78.541665,Ranga Reddy,Active,9.360337815455441,-1.1192977884099402,-0.3745810602862573,3,0,High-Volume Urban Hubs
2159009,540,103518,338.29411764705884,343.0,348,15.247846331318051,84546,0.9443731355901106,0.815944378443783,2108052.0,0.0,0.0,0.9443731355901106,358.22222222222223,0.04507275041425958,0.8167275256477134,6264,6089.294117647059,282.4455179113935,1.0286906624934795,18.189442,79.703254,Hanumakonda,Active,0.19628559805842727,0.776278586718853,1.167241230907934,0,0,Active Urban Shops
2030701,534,156528,511.52941176470586,513.0,522,10.924515263900936,127836,0.9750742710274083,0.8166842097113352,3065634.0,0.0,0.0,0.9750742710274083,524.6666666666666,0.021356573078003212,0.8166973321067157,9396,9207.529411764706,202.3617174909384,1.0204691812327507,18.586488,79.171518,Karimnagar,Active,1.3861643150670993,0.18566481845603333,0.8052657970637299,0,0,Active Urban Shops
1890035,533,253710,829.1176470588235,828.0,845,7.810829956505818,207180,0.980237802732267,0.8165629873351076,5401890.0,0.0,0.0,0.980237802732267,845.8333333333334,0.009420653370741319,0.8166016317843207,15210,14924.117647058823,144.68495185788203,1.0191557289819084,18.688438,78.113057,Nizamabad,Active,3.7457789972942006,-0.6542820179662423,0.02636251153146773,0,0,Active Urban Shops
3384194,930,407538,1331.8235294117646,1347.0,1488,88.0505158769155,332730,1.0293547561121774,0.8162578084537833,8767782.0,792090.0,10.213372421998809,1.0293547561121774,1293.888888888889,0.06611274987445623,0.8164392032154056,26784,23972.823529411766,1631.0154902427394,1.1172651384656154,17.538145,78.436165,Medchal,Active,9.125200920030434,-0.6350453618856924,-0.9193555329864205,3,0,High-Volume Urban Hubs
1673386,536,266400,870.5882352941177,902.0,1054,101.52506139198371,217494,1.1522783350277297,0.8175345652775439,5948334.0,1035072.0,5.7407047769023,1.1522783350277297,756.0555555555555,0.11661662457187318,0.8164189189189189,18972,15670.588235294117,1880.6130336549675,1.2106756756756758,17.375621,78.43823,Hyderabad,Active,6.1693189416694105,0.88260947145099,0.6237838143054314,3,0,High-Volume Urban Hubs
2245006,541,146736,479.52941176470586,479.0,494,7.613670899827331,119754,0.9532337049391586,0.8160236646952955,2681730.0,0.0,0.0,0.9532337049391586,503.05555555555554,0.015877380433889185,0.8161187438665358,8892,8631.529411764706,141.0328497403437,1.0301766437684003,16.922337,80.361421,Khammam,Active,1.0958758975146374,0.2561566474862278,0.8206462552211395,0,0,Active Urban Shops
3724026,934,136458,445.94117647058823,441.0,562,47.23089226539292,111330,1.0827462342353642,0.816547355701028,2990088.0,0.0,0.0,1.0827462342353642,411.8888888888889,0.10591283056479087,0.8158554280437937,10116,8026.941176470588,874.8877406979303,1.2602559029151827,17.609489,78.076189,Sangareddy,Active,1.4417013774676608,1.4557133035966023,1.532623780449075,0,0,Active Urban Shops
1583632,537,657828,2149.764705882353,2060.0,2883,286.05707935983776,536670,1.2769209306589864,0.8139272578312297,15303888.0,2210472.0,7.121392625126472,1.2769209306589864,1683.5555555555557,0.13306436680121603,0.8158211568981557,51894,38695.76470588235,5298.816513258077,1.3410769988507636,17.36084,78.435488,Ranga Reddy,Active,18.59492599607031,-0.2671344172777225,-1.8360111128779777,3,-1,High-Volume Urban Hubs
2111103,540,217368,710.3529411764706,692.0,935,62.2249194284613,177318,0.9759088694485735,0.8155682032536602,4416588.0,0.0,0.0,0.9759088694485735,727.8888888888889,0.08759718700594916,0.8157502484266314,16830,12786.35294117647,1152.6316053479788,1.3162471016893011,18.011284,79.549541,Hanumakonda,Active,3.585385383333374,1.0916019675646802,0.6126533617215071,0,0,Active Urban Shops
2382028,539,155448,508.0,567.0,634,134.14912182062878,126792,0.8102245550442236,0.8180757797997065,3058164.0,0.0,0.0,0.8102245550442236,627.0555555555555,0.2640730744500567,0.8156553960166744,11412,9144.0,2484.9291740409826,1.2480314960629921,16.870583,79.567888,Nalgonda,Active,2.822978621635062,3.083381256647658,0.9309826420632101,0,0,Active Urban Shops
4504042,981,28692,93.76470588235294,92.0,119,14.811056882572043,23400,0.5579397768311796,0.8188322860734937,509562.0,0.0,0.0,0.5579397768311796,168.05555555555554,0.15795982873508452,0.8155583437892095,2142,1687.764705882353,274.35459022307356,1.269134253450439,18.217689,80.558264,Mulugu,Active,-1.5537638188165008,2.890421857165149,1.064253967957323,1,0,Stable Rural Shops
1679937,536,207000,676.4705882352941,711.0,982,153.7395310075029,168804,0.5629960365273436,0.8105087110803584,4568634.0,695646.0,6.653822369776132,0.5629960365273436,1201.5555555555557,0.22726713279369995,0.8154782608695652,17676,12176.470588235294,2847.814734968881,1.4516521739130435,17.420311,78.51866,Hyderabad,Active,5.635480420381847,3.2238033083430513,-0.5045049101973135,3,0,High-Volume Urban Hubs
2706010,924,268632,877.8823529411765,904.0,973,72.50469209702814,219042,1.3187122395778097,0.8144693615566461,5598162.0,0.0,0.0,1.3187122395778097,665.8888888888889,0.08259044261923602,0.8153980166175289,17514,15801.882352941177,1343.0503472670403,1.1083489681050656,18.79308,78.911506,Jagityal,Active,4.613312275682927,0.018163801172432124,1.1525501551532418,0,0,Active Urban Shops
1539052,537,236412,772.5882352941177,765.0,858,38.20626150927289,192762,1.191656938604712,0.8149814001788119,5138514.0,0.0,0.0,1.191656938604712,648.4444444444445,0.04945229523813302,0.8153647022993756,15444,13906.588235294117,707.7187876218496,1.1105527638190955,17.074002,78.202812,Ranga Reddy,Active,3.5983032819314538,-0.07729425670872923,0.9245753587564867,0,0,Active Urban Shops
2060027,534,123012,402.0,423.0,440,42.22562348489987,100260,0.9166464174036849,0.8157696183431402,2471868.0,0.0,0.0,0.9166464174036849,438.6111111111111,0.10503886439029818,0.8150424348844015,7920,7236.0,782.1719759745934,1.0945273631840795,18.49665,79.094101,Karimnagar,Active,0.9807742931552378,1.3313565196451778,1.0891640648961562,0,0,Active Urban Shops
2706018,924,147960,483.52941176470586,484.0,493,5.290336161533128,120582,0.9387800459692998,0.814947955732448,2976696.0,0.0,0.0,0.9387800459692998,515.3333333333334,0.010941084518985789,0.814963503649635,8874,8703.529411764706,97.99624842759212,1.0195863746958638,18.785474,78.917597,Jagityal,Active,1.150447621958382,0.16758247822578354,0.7341652162081169,0,0,Active Urban Shops
1534005,537,204282,667.5882352941177,666.0,722,27.771085189695125,166428,1.2321241326928494,0.8145357440019733,4406310.0,0.0,0.0,1.2321241326928494,542.0555555555555,0.041599123114355194,0.8146973301612477,12996,12016.588235294117,514.4214054186915,1.081504978412195,17.194183,78.648247,Ranga Reddy,Active,2.705870151381678,-0.06363659175361848,1.2406725853387577,0,0,Active Urban Shops
1679983,536,215964,705.7647058823529,687.0,944,69.06862965703091,175932,0.8342372409956891,0.8137731326348617,4847220.0,810450.0,6.0048440789351085,0.8342372409956891,846.0,0.09786353593678325,0.8146357726287715,16992,12703.764705882353,1279.4019857638455,1.3375562593765626,17.424463,78.521639,Hyderabad,Active,4.670446070298065,1.4212329849900718,0.056798747323407575,3,0,High-Volume Urban Hubs
2084161,534,421380,1377.0588235294117,1365.0,1556,102.9327480776071,343260,1.4924625539061738,0.814456114414637,8257050.0,0.0,0.0,1.4924625539061738,923.5555555555555,0.07474825789488769,0.8146091413925672,28008,24787.058823529413,1906.6885059766646,1.1299444681759931,18.451116,79.112604,Karimnagar,Active,8.218187880006004,-0.9314571090645507,0.6669519193332062,3,0,High-Volume Urban Hubs
1676672,536,184104,601.6470588235294,634.0,711,104.08133456309953,149922,0.8880480658184353,0.8152761564248285,3839760.0,692388.0,5.5244279613477145,0.8880480658184353,677.5,0.17299400543338797,0.8143332029722331,12798,10829.64705882353,1927.9645011376795,1.1817559640203363,17.395895,78.508764,Hyderabad,Active,3.877515433464288,1.9952213158913459,0.6183625398668956,0,0,Active Urban Shops
1481018,538,138528,452.70588235294116,452.0,535,53.61806428568166,112788,0.8859226206049996,0.814276230904309,3000798.0,106452.0,29.744868941586894,0.8859226206049996,511.0,0.11843907131712426,0.8141891891891891,9630,8148.705882352941,993.2013746407299,1.1817827442827442,16.747674,77.975794,Mahbubnagar,Active,1.6973505120943386,1.6116386515417347,0.9282879078048805,0,0,Active Urban Shops
1500002,537,202428,661.5294117647059,631.0,1117,114.8757309371365,164718,0.9473348382619288,0.8129421701595024,4647852.0,0.0,0.0,0.9473348382619288,699.2777777777778,0.17365173625567495,0.8137115418815579,20106,11907.529411764706,2127.915943994471,1.6885114707451538,17.392583,78.359336,Ranga Reddy,Active,4.127938648677245,2.81919159588795,0.9538477074153583,0,-1,Active Urban Shops
2060009,534,204768,669.1764705882352,657.0,855,71.8993027757123,166590,1.1708915478216362,0.8132966833172134,4145922.0,0.0,0.0,1.1708915478216362,572.2222222222222,0.10744445738283309,0.8135548523206751,15390,12045.176470588236,1331.8363373221819,1.2776898734177213,18.460276,79.103851,Karimnagar,Active,3.2453053677045207,1.1171809943696744,1.3143240833991205,0,0,Active Urban Shops
3302224,930,302148,987.4117647058823,995.0,1117,49.501187852846684,245736,1.2622878468972334,0.812976616740448,6199542.0,573372.0,14.42252114768659,1.2622878468972334,782.2777777777778,0.05013226459540055,0.8132967949481711,20106,17773.41176470588,916.9418642165613,1.131240319313714,17.373701,78.534144,Medchal,Active,5.810788428761651,-0.39934897289227794,0.6003353639894747,3,0,High-Volume Urban Hubs
3902005,936,31032,101.41176470588235,84.0,181,36.80743499585326,25236,0.547199710176729,0.8094813930133208,524592.0,0.0,0.0,0.547199710176729,185.33333333333334,0.3629503450867201,0.8132250580046404,3258,1825.4117647058824,681.8074378832641,1.7848027842227376,18.54062,78.817284,Rajanna Siricilla,Active,-1.088111054300707,5.319464070832153,1.660889758045534,4,0,Volatile Portability Hubs
1581313,537,70542,230.52941176470588,227.0,454,99.9273217089057,57366,0.41540996294659494,0.8094636390636732,1330254.0,58500.0,24.4842056543681,0.41540996294659494,554.9444444444445,0.4334688617125279,0.8132176575657055,8172,4149.529411764706,1851.017089252793,1.9693799438632302,17.482222,78.305898,Ranga Reddy,Active,0.9741305872595839,6.353152335029563,1.074586943215294,4,0,Volatile Portability Hubs
2084115,534,297630,972.6470588235294,941.0,1147,89.56546982383215,241938,1.12280826682827,0.8121126936762847,6360624.0,0.0,0.0,1.12280826682827,866.2777777777778,0.09208424475386431,0.812881765951013,20646,17507.647058823528,1659.0779420048525,1.17925612337466,18.433535,79.13926,Karimnagar,Active,5.569302102325676,0.3157720962475876,0.42247334013813,3,0,High-Volume Urban Hubs
1671196,536,144792,473.1764705882353,459.0,611,69.76213615760989,117684,0.4171614399923068,0.8124832478099792,3586950.0,618588.0,5.839623244882696,0.4171614399923068,1134.2777777777778,0.1474336542366196,0.8127797115862755,10998,8517.176470588236,1292.2482460470837,1.2912729985082048,17.372487,78.495158,Hyderabad,Active,3.233290455202909,2.387917140368582,-0.756651980626804,0,0,Active Urban Shops
3810009,935,197424,645.1764705882352,657.0,714,55.057658915062184,160416,1.3079444213636153,0.8121648519647465,4196772.0,0.0,0.0,1.3079444213636153,493.27777777777777,0.0853373633803845,0.812545587162655,12852,11613.176470588236,1019.8678980200156,1.1066739606126914,17.849275,78.682921,Siddipet,Active,2.8002950028364277,0.4138518724477608,1.6117127921314853,0,0,Active Urban Shops
1890029,533,163584,534.5882352941177,536.0,563,15.136333190352623,132912,0.9463602692483928,0.8126518449339463,3459024.0,0.0,0.0,0.9463602692483928,564.8888888888889,0.028314003547094475,0.8125,10134,9622.588235294117,280.3798893518241,1.0531470070422535,18.692055,78.109334,Nizamabad,Active,1.6662908775404417,0.26857792970535826,0.674423218380495,0,0,Active Urban Shops
2721011,924,64926,212.1764705882353,218.0,238,21.044875595115496,52740,0.9260891423747832,0.8124264456351131,1132632.0,0.0,0.0,0.9260891423747832,229.11111111111111,0.09918571808066631,0.8123093983920155,4284,3819.176470588235,389.8275636890812,1.121707790407541,18.829435,78.719935,Jagityal,Active,-0.6653155282269205,1.6347483289491052,1.569655470395165,0,0,Active Urban Shops
3302220,930,43344,141.64705882352942,138.0,202,22.076014901790362,35208,0.5401859685885871,0.8092366003471904,884610.0,144828.0,53.4798062801883,0.5401859685885871,262.22222222222223,0.15585226467210803,0.8122923588039868,3636,2549.6470588235293,408.9280103478592,1.4260797342192693,17.447483,78.528204,Medchal,Active,-0.7996717831854567,3.200649429331769,0.9235222938864508,0,-1,Active Urban Shops
1677778,536,353862,1156.4117647058824,1152.0,1440,142.76604865311342,287406,1.080198040978043,0.8120448689146155,8284950.0,1407366.0,5.890206454561386,1.080198040978043,1070.5555555555557,0.1234560673026567,0.8121979754819676,25920,20815.41176470588,2644.545969037585,1.2452311918205403,17.454252,78.430896,Hyderabad,Active,9.156708072408675,0.7222730366807851,-0.2785951572034286,3,0,High-Volume Urban Hubs
3727029,934,185040,604.7058823529412,612.0,768,89.36217576294658,150264,1.3874714918130069,0.8093364423250946,4270860.0,0.0,0.0,1.3874714918130069,435.8333333333333,0.1477779171177132,0.8120622568093385,13824,10884.70588235294,1655.312197317544,1.2700389105058367,17.683416,77.608846,Sangareddy,Active,3.012921744855014,1.3415681897326415,2.1042750836358146,0,0,Active Urban Shops
1679911,536,236808,773.8823529411765,793.0,842,61.04714020250682,192294,0.8009503215566176,0.8121878980134816,5337198.0,907110.0,5.9000762402691365,0.8009503215566176,966.2222222222222,0.07888426447572332,0.812024931590149,15156,13929.882352941177,1130.8148545602492,1.0880206749771968,17.418228,78.507334,Hyderabad,Active,5.061830675144918,0.6020841926682635,-0.39651993404319347,3,0,High-Volume Urban Hubs
2060026,534,135018,441.2352941176471,431.0,577,39.12280198921059,109620,0.9897333614838804,0.8117352623990579,2782350.0,0.0,0.0,0.9897333614838804,445.8888888888889,0.08866652897168112,0.8118917477669644,10386,7942.235294117647,724.6964476085628,1.3076923076923077,18.496683,79.094131,Karimnagar,Active,1.328386986755087,1.5014593872268254,1.2728129097963266,0,0,Active Urban Shops
3803064,935,111258,363.5882352941176,346.0,459,42.848651590278905,90288,0.6942497743816104,0.8102464295286363,2359530.0,14814.0,9.745985534470433,0.6942497743816104,523.7222222222222,0.11784938958659463,0.811519171655072,8262,6544.588235294118,793.7127202917571,1.26241708461414,18.109995,78.879582,Siddipet,Active,0.8807667709220257,2.056360656965865,0.6297162363327545,0,0,Active Urban Shops
4609004,982,61074,199.58823529411765,214.0,297,62.0169759320853,49554,0.6064597051964496,0.8034915470328287,1529226.0,0.0,0.0,0.6064597051964496,329.27777777777777,0.3107246067920572,0.811376363100501,5346,3592.5882352941176,1148.779736221414,1.4880636604774535,16.501656,77.517264,Narayanpet,Active,-0.03953539885081417,4.207308891798725,1.2606138424681692,0,0,Active Urban Shops
1673371,536,475542,1554.0588235294117,1445.0,2017,308.7074956004848,385830,1.2374278678111894,0.8080418785887179,12006270.0,1948194.0,6.226522705920139,1.2374278678111894,1255.888888888889,0.198645952731301,0.811347893561452,36306,27973.058823529413,5718.384523519167,1.2978916688746736,17.342984,78.451532,Hyderabad,Active,14.110584846770784,1.514649512087275,-0.4674624279949882,3,-1,High-Volume Urban Hubs
1882521,533,133182,435.2352941176471,446.0,485,35.0590629906457,108054,1.0028462998102468,0.8119880633658472,3188394.0,0.0,0.0,1.0028462998102468,434.0,0.08055197605635585,0.8113258548452493,8730,7834.235294117647,649.4212355447507,1.1143397756453575,18.663189,77.90438,Nizamabad,Active,1.2227822088845277,0.9791865685141754,1.1825009567802227,0,0,Active Urban Shops
1672270,536,371502,1214.0588235294117,1226.0,1374,114.51727539770158,301356,1.0201703089940082,0.8102882573877994,9480870.0,1651716.0,5.7538106228585635,1.0201703089940082,1190.0555555555557,0.0943259693667778,0.8111827123407142,24732,21853.058823529413,2121.276044936992,1.1317408789185521,17.340277,78.497905,Hyderabad,Active,9.652795399598789,-0.010436384279470136,-0.8171773568164792,3,0,High-Volume Urban Hubs
3703035,934,175392,573.1764705882352,597.0,615,48.6160086495241,142272,1.0201899550617057,0.809770202405393,3603546.0,0.0,0.0,1.0201899550617057,561.8333333333334,0.08481857009871815,0.8111658456486043,11070,10317.176470588236,900.5451290256167,1.0729679802955665,17.835552,78.066618,Sangareddy,Active,2.2487783529207803,0.7227339759104408,0.9336964722271214,0,0,Active Urban Shops
1481039,538,64710,211.47058823529412,214.0,237,11.5546080927669,52488,0.4383691827598204,0.8100596650399364,1549818.0,25326.0,26.410664249064002,0.4383691827598204,482.6666666666667,0.054639315042291324,0.8111265646731571,4266,3806.470588235294,214.03332615712523,1.1207232267037552,16.749374,77.987365,Mahbubnagar,Active,-0.48195484169326613,1.7392228600501345,0.039252346243218154,0,0,Active Urban Shops
3911022,936,161838,528.8823529411765,531.0,627,50.45510144009965,131238,1.1031413012030287,0.8108041796321365,3206448.0,0.0,0.0,1.1031413012030287,479.44444444444446,0.09539947997794394,0.8109220331442554,11286,9519.882352941177,934.6118099479148,1.185518852185519,18.473506,78.864439,Rajanna Siricilla,Active,1.9606904731345551,1.0712583809519192,1.359021450644842,0,0,Active Urban Shops
1500025,537,188766,616.8823529411765,631.0,763,67.97163740001376,153072,1.0937572990146944,0.8095306540443123,4279878.0,0.0,0.0,1.0937572990146944,564.1111111111111,0.1101857381329488,0.8109087441594355,13734,11103.882352941177,1259.081703184554,1.2368646896157147,17.392878,78.359782,Ranga Reddy,Active,2.9218051820053845,1.1504315455855507,1.1526578896238104,0,0,Active Urban Shops
4317009,940,84942,277.5882352941176,289.0,308,29.90356728799648,68868,0.8486069943625832,0.8054317600607093,1787832.0,0.0,0.0,0.8486069943625832,327.1111111111111,0.10772634962829841,0.8107649925831744,5544,4996.588235294118,553.9227223656213,1.1095571095571095,17.981585,79.601993,Warangal,Active,-0.04852965839145604,1.618385071907137,1.1900597692333001,0,0,Active Urban Shops
3824001,935,63594,207.8235294117647,202.0,337,37.369421644705554,51552,0.5297111370722224,0.8129368812666198,1301238.0,0.0,0.0,0.5297111370722224,392.3888888888889,0.17981323746391012,0.8106425134446645,6066,3740.823529411765,692.2174726281942,1.621568072459666,18.210681,78.781224,Siddipet,Active,-0.2224149559766455,3.6495242715873646,0.8647173741832652,0,0,Active Urban Shops
2111020,540,293958,960.6470588235294,938.0,1282,82.35958507433244,238284,0.9841067458153093,0.8103816418491292,6124986.0,0.0,0.0,0.9841067458153093,976.1666666666666,0.08573344842714173,0.8106055967178984,23076,17291.647058823528,1525.5987734811063,1.3345171759230912,18.003061,79.550417,Hanumakonda,Active,5.69429777834614,0.6602988816270035,0.03474320337580212,3,0,High-Volume Urban Hubs
1679998,536,150192,490.8235294117647,534.0,702,138.68563898596366,121680,0.44093721986190376,0.8130073326101618,3433860.0,84600.0,59.8380123059783,0.44093721986190376,1113.1666666666667,0.28255703053228454,0.8101629913710451,12636,8834.823529411764,2568.961955617826,1.430249280920422,17.442348,78.513697,Hyderabad,Active,3.6112364530778827,3.876438560046135,-0.28058341902754286,0,-1,Active Urban Shops
2706030,924,167274,546.6470588235294,576.0,622,77.62148347100286,135504,1.198573076747811,0.8124141441371368,3304134.0,0.0,0.0,1.198573076747811,456.1111111111111,0.14199561164393076,0.8100720972775207,11196,9839.64705882353,1437.8319156448915,1.1378456903045302,18.795882,78.914835,Jagityal,Active,2.3163615425711526,1.3020251504761948,1.6644602911746817,0,0,Active Urban Shops
1675572,536,308988,1009.7647058823529,1042.0,1227,145.41214528416364,250254,1.1152844122635808,0.8073107023143419,7146126.0,1129158.0,6.346216601677509,1.1152844122635808,905.5,0.14400596934817558,0.8099149481533263,22086,18175.764705882353,2693.56129337657,1.2151345683327508,17.388601,78.436578,Hyderabad,Active,7.7346231602686535,1.0669749324416575,0.2401309401361969,3,0,High-Volume Urban Hubs
2357016,539,66078,215.94117647058823,223.0,247,23.526820493764276,53514,1.030029346732353,0.8084055038337695,1332468.0,0.0,0.0,1.030029346732353,209.66666666666666,0.10895013576518461,0.8098610732770363,4446,3886.9411764705883,435.80220148999865,1.1438300190683737,16.69376,78.923473,Nalgonda,Active,-0.5688865512626934,1.6206288942862253,1.8517643759123419,0,0,Active Urban Shops
2706022,924,149994,520.8125,569.0,590,144.8456089618877,121464,0.8189122839499139,0.8224231370462554,3274704.0,0.0,0.0,0.8189122839499139,638.1666666666666,0.27811469379457615,0.8097923916956679,10620,9374.625,2688.0472931107442,1.1328453138125525,18.796278,78.913467,Jagityal,Active,2.898316563801963,2.9627339131052026,0.9020063795982669,0,0,Active Urban Shops
2281018,541,179658,587.1176470588235,624.0,704,83.58083874664729,145476,0.9323459093388451,0.8089788997705307,3499848.0,0.0,0.0,0.9323459093388451,629.7222222222222,0.14235790589049233,0.8097385031559964,12672,10568.117647058823,1548.2208289821313,1.1990782486724778,17.26199,80.168758,Khammam,Active,2.790052091657281,1.6217420140519099,0.8292545835063613,0,0,Active Urban Shops
2084110,534,168480,550.5882352941177,522.0,774,101.3807967984991,136404,0.6769480020285392,0.8086095256727548,3538296.0,0.0,0.0,0.6769480020285392,813.3888888888889,0.18413178905710306,0.8096153846153846,13932,9910.588235294117,1877.940729190605,1.4057692307692309,18.428556,79.13964,Karimnagar,Active,3.0049763811779773,2.7159633787793855,0.29099915977975577,0,0,Active Urban Shops
1677704,536,446202,1458.1764705882354,1478.0,1648,106.28042816890007,361224,1.2000374736304964,0.809404631424987,10014948.0,1625076.0,6.177962434514638,1.2000374736304964,1215.111111111111,0.0728858477095204,0.8095526241478075,29664,26247.176470588234,1968.6997052399238,1.1301787082980355,17.413696,78.441692,Hyderabad,Active,10.964614336838862,-0.8018514106344674,-0.7584852812276238,3,0,High-Volume Urban Hubs
1585662,537,494892,1617.2941176470588,1593.0,1830,89.89224021310396,400608,1.4413111185194674,0.809345301717284,10282500.0,1340064.0,7.978600302633045,1.4413111185194674,1123.3333333333333,0.055581875450017,0.8094857059722121,32940,29111.29411764706,1665.1309169516483,1.1315196042772968,17.31961,78.52141,Ranga Reddy,Active,11.28890429060651,-1.50588848227435,-0.27606846305014404,3,0,High-Volume Urban Hubs
1675581,536,224928,735.0588235294117,760.0,799,70.65670738818255,182070,1.276883584351615,0.8091531955970359,5445108.0,981252.0,5.5521202545328405,1.276883584351615,575.6666666666666,0.09612388169006911,0.8094590268886044,14382,13231.058823529413,1308.818955709127,1.0869878361075545,17.379326,78.457626,Hyderabad,Active,4.723615929345598,0.43102723264348003,1.1604468151110208,3,0,High-Volume Urban Hubs
3005020,927,77364,252.8235294117647,258.0,326,33.47935358818536,62622,0.7265043948613927,0.8122480168597401,1455606.0,0.0,0.0,0.7265043948613927,348.0,0.13242182666336696,0.8094462540716613,5868,4550.823529411765,620.1592774535945,1.2894369474174034,17.640236,80.870858,Bhadrdri Kothagudem,Active,-0.128319142184977,2.3615537995331413,1.0623246049681958,0,0,Active Urban Shops
1675568,536,249030,813.8235294117648,807.0,944,74.0305756635471,201564,1.0912678909595417,0.808830481680139,5586624.0,855126.0,6.528959786340876,1.0912678909595417,745.8333333333334,0.09096637414385982,0.8093964582580412,16992,14648.823529411764,1371.3152552975428,1.1599566317311167,17.387295,78.439683,Hyderabad,Active,5.226523015430834,0.5969014893576537,0.5130681307095523,3,0,High-Volume Urban Hubs
2060033,534,198144,647.5294117647059,643.0,770,65.31427768732334,160344,1.0898190599105022,0.8085475602572818,3991626.0,0.0,0.0,1.0898190599105022,594.2777777777778,0.10086688959706548,0.8092296511627907,13860,11655.529411764706,1209.8577456485875,1.1891351744186045,18.460309,79.103813,Karimnagar,Active,2.9637390711551648,0.9643118093322354,1.0699205880856826,0,0,Active Urban Shops
2909014,926,160740,525.2941176470588,509.0,584,40.90050019381358,130068,1.0939851182018703,0.807647049256565,3662154.0,0.0,0.0,1.0939851182018703,480.1666666666667,0.07786209443391164,0.8091825307950727,10512,9455.29411764706,757.6258777181752,1.1117581187010077,18.324587,78.333714,Kamareddy,Active,1.8524347091416005,0.7325441037976829,1.245246112671668,0,0,Active Urban Shops
1672303,536,353016,1153.6470588235295,1118.0,1653,315.0145553876443,285606,0.956800441759203,0.8165907729958909,8868402.0,1508706.0,5.9081556774178114,0.956800441759203,1205.7777777777778,0.27305973085814567,0.8090454823577402,29754,20765.647058823528,5835.214187812394,1.4328472363858864,17.351912,78.492547,Hyderabad,Active,11.210983844362593,3.313306310754849,-0.23989871747542071,3,-1,High-Volume Urban Hubs
1881043,533,399150,1304.4117647058824,1316.0,1335,28.230556497424708,322902,1.003393665158371,0.8092003805456628,10030662.0,0.0,0.0,1.003393665158371,1300.0,0.021642365747743857,0.8089740698985344,24030,23479.41176470588,522.9324835511186,1.0234498308906426,18.670347,78.082576,Nizamabad,Active,7.684924416855952,-1.6634732122607976,-1.0895771820399318,3,-1,High-Volume Urban Hubs
2901028,926,182952,597.8823529411765,605.0,717,68.15372606163842,147978,1.0068403648567408,0.8101549854778736,3739824.0,0.0,0.0,1.0068403648567408,593.8333333333334,0.11399186767491669,0.8088351042896498,12906,10761.882352941177,1262.4546468266167,1.199232585596222,18.387996,77.871081,Kamareddy,Active,2.690394569629284,1.2570878483880306,0.9639060414857632,0,0,Active Urban Shops
1532014,537,76572,250.23529411764707,250.0,339,46.51074470691584,61920,1.3206217260295958,0.8092615233543665,1607958.0,0.0,0.0,1.3206217260295958,189.77777777777777,0.1858680441978301,0.8086506817113305,6102,4504.235294117647,861.5479912207273,1.3547249647390691,17.263809,78.368739,Ranga Reddy,Active,0.0428167948255995,2.2999681252511635,2.7943422268053366,0,0,Active Urban Shops
1677740,536,103356,337.7647058823529,328.0,442,43.29324555744024,83574,0.5989326874697576,0.8075535386924481,2150154.0,340380.0,6.314982729525563,0.5989326874697576,563.9444444444445,0.12817575313070081,0.8086032741205155,7956,6079.764705882353,801.9482160192581,1.3086032741205154,17.451624,78.442814,Hyderabad,Active,1.0971723070109987,2.382701546908956,0.3902709208458176,0,0,Active Urban Shops
1671149,536,434502,1419.9411764705883,1461.0,1600,148.31664113188438,351324,1.1870216514730967,0.808171310044102,11001204.0,1664838.0,6.884528345087294,1.1870216514730967,1196.2222222222222,0.10445266577911407,0.8085670491735366,28800,25558.941176470587,2747.363110115503,1.1268072413935954,17.355086,78.495596,Hyderabad,Active,11.349871896260021,-0.32325404757135195,-0.7089882278470735,3,0,High-Volume Urban Hubs
3384136,930,421704,1378.1176470588234,1385.0,1478,62.98747636922395,340974,1.1754804436294353,0.8081828204221024,9240606.0,964764.0,10.682782192879005,1.1754804436294353,1172.388888888889,0.04570544213235476,0.8085624039610723,26604,24806.117647058825,1166.7569306818436,1.072477377497012,17.50529,78.423979,Medchal,Active,9.187500059116566,-1.237004787650181,-0.645116508803244,3,0,High-Volume Urban Hubs
1481059,538,5166,16.88235294117647,8.0,60,17.122486864142395,4176,0.03334067284451161,0.6111743930308696,127026.0,0.0,0.0,0.03334067284451161,506.8888888888889,1.0142239605938004,0.8083623693379791,1080,303.88235294117646,317.1706721847366,3.554006968641115,16.74438,77.98223,Mahbubnagar,Active,-1.08091993844389,13.119142359835564,2.2060745643600397,4,-1,Volatile Portability Hubs
2111003,540,278586,910.4117647058823,889.0,1127,63.142049527354985,225198,0.9767323187080363,0.8080234838657654,5767884.0,0.0,0.0,0.9767323187080363,932.1111111111111,0.06935548504006168,0.8083607934354203,20286,16387.41176470588,1169.6201872201682,1.2379014020805066,18.001547,79.548304,Hanumakonda,Active,5.017198889791782,0.35608594860031345,0.055910420650286605,0,0,Active Urban Shops
3384219,930,299700,979.4117647058823,963.0,1079,56.63417602406498,242208,0.8627494965760804,0.8081161294817389,6433704.0,641124.0,10.046740841031857,0.8627494965760804,1135.2222222222222,0.057824684228775056,0.8081681681681682,19422,17629.41176470588,1049.070723236971,1.1016816816816817,17.488902,78.457755,Medchal,Active,6.162945435460578,-0.041999286905159715,-0.6750272297242134,3,0,High-Volume Urban Hubs
1677808,536,469746,1535.1176470588234,1619.0,1813,263.8025078784696,379386,1.4390231145692696,0.8088398241382873,10425366.0,1776762.0,6.00944549218236,1.4390231145692696,1066.7777777777778,0.17184514058834285,0.8076407249875465,32634,27632.117647058825,4886.580986261674,1.1810169751312412,17.445008,78.422172,Hyderabad,Active,12.993208403029348,0.679686343067547,0.1385510036627893,3,-1,High-Volume Urban Hubs
1981009,532,242262,791.7058823529412,795.0,872,55.39590827677678,195660,1.2106627588918086,0.8074590187729425,5223204.0,0.0,0.0,1.2106627588918086,653.9444444444445,0.06997031285423919,0.8076380117393566,15696,14250.70588235294,1026.133505245899,1.1014191247492384,19.668331,78.538394,Adilabad,Active,3.8556868635483403,0.07463564140994072,0.9747950057065492,0,0,Active Urban Shops
3307006,930,281736,920.7058823529412,922.0,1209,120.70355950327192,227538,1.3288819259623013,0.8052410422454511,5822550.0,0.0,0.0,1.3288819259623013,694.8888888888889,0.13109893378198456,0.8076284180935344,21762,16572.70588235294,2235.8685047623517,1.31312292358804,17.524226,78.389586,Medchal,Active,5.5227168457828215,0.9526834950512671,1.2838371732072318,3,0,High-Volume Urban Hubs
2281100,541,76410,249.7058823529412,230.0,416,99.4226535094404,61704,1.0484588026081803,0.8184638236392385,1395360.0,0.0,0.0,1.0484588026081803,238.16666666666666,0.39815903643356576,0.8075382803297998,7488,4494.705882352941,1841.6688004601253,1.6659599528857478,,,Khammam,Active,0.641150220542534,4.8804041043525785,2.6753542601201237,4,0,Volatile Portability Hubs
2281109,541,109746,358.6470588235294,356.0,433,41.09795903962574,88596,1.1634050996717789,0.8076523171313806,2110104.0,0.0,0.0,1.1634050996717789,308.27777777777777,0.11459165223448214,0.8072822699688371,7794,6455.64705882353,761.2835330197671,1.2073150729867148,17.23755,80.130019,Khammam,Active,0.6291114847800866,1.476425881550076,1.9476293515710001,0,0,Active Urban Shops
4213004,939,195984,640.4705882352941,633.0,694,25.337604742340464,158202,0.854932475498623,0.807008967319064,4388310.0,0.0,0.0,0.854932475498623,751.6666666666666,0.03956091849924576,0.8072189566495224,12492,11528.470588235294,469.34450535388413,1.0835782512858192,16.364628,78.068595,Wanaparthy,Active,2.6559883194555254,0.27732152612406064,0.1542197686334714,0,0,Active Urban Shops
4603001,982,77922,254.64705882352942,265.0,366,79.50621962170148,62892,0.6341899479972151,0.7914577494862178,1758942.0,0.0,0.0,0.6341899479972151,401.55555555555554,0.3122212366756584,0.8071148071148071,6588,4583.64705882353,1472.7440774442307,1.437283437283437,16.985193,77.716761,Narayanpet,Active,0.500906076765718,4.072630194568611,1.173668217404377,0,0,Active Urban Shops
1882510,533,196686,642.7647058823529,633.0,783,66.85867303556914,158724,1.1101290257035457,0.806534225889626,4659336.0,0.0,0.0,1.1101290257035457,579.0,0.10401733701882268,0.8069918550379793,14094,11569.764705882353,1238.4655591402088,1.2181751624416584,18.660259,77.885492,Nizamabad,Active,3.0805496956420595,0.9855105517346177,1.1132192859535952,0,0,Active Urban Shops
1677822,536,486504,1589.8823529411766,1584.0,1695,69.0492759356128,392544,1.3260069665898053,0.806595115928458,10597032.0,1736298.0,6.157829516685469,1.3260069665898053,1199.0,0.043430431067982,0.8068669527896996,30510,28617.882352941175,1279.043484520412,1.0661166198016871,17.441508,78.42461,Hyderabad,Active,11.379638577255111,-1.7088164950620368,-0.7296781828026246,3,0,High-Volume Urban Hubs
3302125,930,444168,1451.5294117647059,1421.0,1787,114.16353291163485,358290,1.3177533005109794,0.8059176873567822,9549918.0,963234.0,10.66515322234744,1.3177533005109794,1101.611111111111,0.07865051302876448,0.8066542389366186,32166,26127.529411764706,2114.723448753025,1.2311152536877938,17.517653,78.513011,Medchal,Active,10.238760860677884,-0.6192648223640272,-0.1937760419034615,3,0,High-Volume Urban Hubs
3614044,933,90540,295.88235294117646,290.0,407,53.31907556126428,73026,0.689224159125143,0.8035470940587047,1865052.0,0.0,0.0,0.689224159125143,429.3333333333333,0.18020363509771228,0.8065606361829026,7326,5325.882352941177,987.6630170731905,1.3755467196819084,18.527231,79.316688,Peddapalli,Active,0.46722106515403483,2.8761683542246956,0.9663982005354874,0,0,Active Urban Shops
2153003,540,67086,219.23529411764707,208.0,307,40.35396902183044,54108,0.6173720008117396,0.8060445046858333,1388520.0,0.0,0.0,0.6173720008117396,355.1111111111111,0.1840669367778689,0.8065468204990609,5526,3946.235294117647,747.5021345631535,1.4003219747786424,17.864441,79.554467,Hanumakonda,Active,-0.24261789521439658,3.1132114395585297,0.9823708748519875,0,0,Active Urban Shops
3302162,930,166860,545.2941176470588,533.0,720,73.7634573309551,134568,0.6605228046580636,0.8060914788382758,3352500.0,225000.0,13.404123949579832,0.6605228046580636,825.5555555555555,0.1352727912218163,0.8064724919093851,12960,9815.29411764706,1366.3672531893594,1.320388349514563,17.485611,78.530008,Medchal,Active,2.897826350947966,2.1111422315571535,0.06727978603534156,0,0,Active Urban Shops
1672275,536,195192,637.8823529411765,653.0,775,80.75674391380736,157410,0.5275001913691847,0.8056306376246626,4776084.0,692370.0,6.886538307535822,0.5275001913691847,1209.2777777777778,0.12660131377118453,0.8064367392106234,13950,11481.882352941177,1495.9083311801285,1.2149575802286978,17.337331,78.48886,Hyderabad,Active,4.551163193243874,1.6958679587146217,-0.9041674204199797,0,0,Active Urban Shops
4602034,982,132174,431.94117647058823,431.0,466,17.42853710145017,106578,0.9539474732786203,0.8064218881856953,3265290.0,0.0,0.0,0.9539474732786203,453.05555555555554,0.04034933007281124,0.8063461800354079,8388,7774.941176470588,322.8398346293862,1.0788506060193381,16.748151,77.493574,Narayanpet,Active,1.010919834768574,0.5851474695797089,0.9402116750108275,0,0,Active Urban Shops
3384105,930,298062,974.0588235294117,966.0,1062,42.35745395437057,240336,1.2309092432532682,0.8060201739997498,6220296.0,714258.0,9.396945970460916,1.2309092432532682,791.3333333333334,0.04348551948935924,0.8063288845944804,19116,17533.058823529413,784.6139552821686,1.090283229663627,17.499048,78.422071,Medchal,Active,5.730074432327071,-0.5140862105795913,0.47572735082196654,3,0,High-Volume Urban Hubs
2111004,540,245448,802.1176470588235,803.0,817,9.230698019160087,197910,0.9424388806653903,0.8062238708012986,5075766.0,0.0,0.0,0.9424388806653903,851.1111111111111,0.011507910408163792,0.8063215019067175,14706,14438.117647058823,170.9860675438724,1.0185538281020827,17.99713,79.540918,Hanumakonda,Active,3.52990603535324,-0.5510684485216994,-0.031033635891195534,0,0,Active Urban Shops
4318006,940,203940,666.4705882352941,690.0,709,45.82633773794845,164430,0.9195519345732831,0.8062835583444745,4030776.0,0.0,0.0,0.9195519345732831,724.7777777777778,0.06875973005693942,0.8062665489849956,12762,11996.470588235294,848.8702873265634,1.0638128861429832,17.970635,79.599862,Warangal,Active,2.9075346171747496,0.47223493366498775,0.37854362381834133,0,0,Active Urban Shops
2918020,926,67068,219.1764705882353,248.0,306,75.88007083200189,54072,0.6407630721461517,0.7971799656015472,1416672.0,0.0,0.0,0.6407630721461517,342.05555555555554,0.3462053687987204,0.8062265163714439,5508,3945.176470588235,1405.5746260557512,1.396135265700483,18.260226,78.331357,Kamareddy,Active,0.1739124425847206,4.238043472519014,1.3297317703699354,0,0,Active Urban Shops
1673397,536,211428,690.9411764705883,709.0,902,130.481641710738,170388,0.7848650326126757,0.8053807335405836,4723812.0,852462.0,5.525399910134302,0.7848650326126757,880.3333333333334,0.18884623779010265,0.8058913672739656,16236,12436.941176470587,2416.9941164230268,1.3054656904478121,17.365406,78.457857,Hyderabad,Active,5.181532704413677,2.383281401488211,0.10807310999334947,3,0,High-Volume Urban Hubs
3384113,930,409662,1338.764705882353,1333.0,1399,33.18774506308361,330120,1.3798549082976332,0.8057350723349149,9187794.0,692550.0,13.587392702709458,1.3798549082976332,970.2222222222222,0.024789826709100637,0.8058350542642471,25182,24097.764705882353,614.7576279937238,1.0449931895074476,17.511363,78.40854,Medchal,Active,8.192754433531524,-1.7536093692191537,0.04201491927478254,3,0,High-Volume Urban Hubs
1674476,536,208458,681.2352941176471,683.0,740,31.533643694747813,167958,0.9635577003078459,0.8056812959478644,4715856.0,976716.0,4.83493706243055,0.9635577003078459,707.0,0.046288916571169396,0.8057162593903808,13320,12262.235294117647,584.1176603874176,1.086261980830671,17.371579,78.462282,Hyderabad,Active,3.985525849878343,0.2847920870235992,0.26313536548922767,0,0,Active Urban Shops
1881049,533,221202,722.8823529411765,744.0,815,69.50248880331807,178218,0.9040427423576857,0.8047256759607462,4632480.0,0.0,0.0,0.9040427423576857,799.6111111111111,0.09614633490572115,0.8056798763121491,14670,13011.882352941177,1287.4386336032157,1.1274310358857516,18.6648,78.088262,Nizamabad,Active,3.653182854673252,0.7966263011688198,0.27109463690712493,0,0,Active Urban Shops
1585661,537,194760,636.4705882352941,623.0,917,104.85987895319677,156852,0.8284125110403077,0.8036704393413746,4044744.0,565902.0,7.179422117878859,0.8284125110403077,768.3888888888889,0.16475212035160305,0.8053604436229205,16506,11456.470588235294,1942.3859721244603,1.440757855822551,17.326003,78.520107,Ranga Reddy,Active,4.2062388334172125,2.433084041959704,0.4526326656783586,0,0,Active Urban Shops
1881003,533,268344,876.9411764705883,823.0,1071,106.50078028154819,216108,0.8822345839744349,0.8049950736836702,5659110.0,0.0,0.0,0.8822345839744349,994.0,0.1214457515955406,0.8053394150791522,19278,15784.941176470587,1972.7814270272142,1.2212905822377247,18.664474,78.102056,Nizamabad,Active,5.183441928460869,1.1045624180875626,-0.03918462942802813,0,0,Active Urban Shops
3727048,934,222228,726.2352941176471,726.0,739,7.732210428456574,178956,0.9572528854512669,0.8051937852044143,5567130.0,0.0,0.0,0.9572528854512669,758.6666666666666,0.010646976938584298,0.80528106269237,13302,13072.235294117647,143.22863253019858,1.0175765430098818,17.682844,77.604762,Sangareddy,Active,3.123251650696209,-0.4910871090853708,0.1310576774166152,0,0,Active Urban Shops
1671183,536,507744,1659.2941176470588,1818.0,1960,318.5052771491265,408870,1.332647606427513,0.8054194250966784,13321170.0,2255850.0,5.892357214919521,1.332647606427513,1245.111111111111,0.19195227281392338,0.8052680090754396,35280,29867.29411764706,5899.875038557023,1.1812251843448667,17.361642,78.48913,Hyderabad,Active,15.392277205058216,0.8540384587990831,-0.6111262592623481,3,-1,High-Volume Urban Hubs
1672289,536,393174,1284.8823529411766,1286.0,1480,88.43417047291423,316584,1.114114604494378,0.805342672121935,10647954.0,1614690.0,6.691720490541092,1.114114604494378,1153.2777777777778,0.06882666749253957,0.8052007508126173,26640,23127.882352941175,1638.12216738988,1.1518564299775673,17.352636,78.48373,Hyderabad,Active,9.946779809788607,-0.613614413882725,-0.7791702057209977,3,0,High-Volume Urban Hubs
3384005,930,377856,1234.8235294117646,1243.0,1521,148.71392352805768,304236,1.007246197826112,0.8043038075894045,7883514.0,998064.0,8.71844123308776,1.007246197826112,1226.0555555555557,0.12043334127176927,0.8051638719512195,27378,22226.823529411766,2754.722223639212,1.2317549542682926,17.485932,78.394535,Medchal,Active,9.249456126307367,0.6061251629011399,-0.6122947985024352,3,0,High-Volume Urban Hubs
3723041,934,128628,420.3529411764706,418.0,666,125.95312532131301,103554,0.8943679599499375,0.8004375215969288,2726334.0,0.0,0.0,0.8943679599499375,470.0,0.2996365981615339,0.8050657710607333,11988,7566.35294117647,2333.109538287274,1.584382871536524,17.619601,77.950353,Sangareddy,Active,2.200587272305838,4.03969894652263,1.6025005996493091,0,0,Active Urban Shops
3724035,934,452448,1478.5882352941176,1508.0,1530,79.08654976000146,364230,1.7093988560618874,0.8044684140179748,9492390.0,0.0,0.0,1.7093988560618874,865.0555555555555,0.05348787977084758,0.8050206874602164,27540,26614.58823529412,1464.9702667129259,1.0347708465945258,17.609433,78.081127,Sangareddy,Active,8.588728309373323,-1.9091256679906141,0.9491350061142568,3,0,High-Volume Urban Hubs
1676710,536,223704,731.0588235294117,719.0,826,59.5224972257419,180054,1.1402022248226429,0.8045031396480198,4845420.0,765000.0,6.333882352941176,1.1402022248226429,641.1666666666666,0.08141957296730064,0.8048760862568394,14868,13159.058823529413,1102.5729267597355,1.1298680399098808,17.409468,78.507292,Hyderabad,Active,4.287841643731677,0.5178945997061122,0.8300978362188982,0,0,Active Urban Shops
1585706,537,432324,1412.8235294117646,1365.0,1801,134.3988738071014,347940,1.440272533305647,0.8039641305967513,8911962.0,1034244.0,9.544610462450672,1.440272533305647,995.7777777777778,0.09512785638773937,0.8048130568740112,32418,25430.823529411766,2489.5554883174964,1.2747522691314848,17.321317,78.521388,Ranga Reddy,Active,10.12495377354152,-0.26831599501252135,0.3340288319567781,3,0,High-Volume Urban Hubs
3384164,930,310518,1014.7647058823529,993.0,1132,59.355750445064885,249876,1.1017434091064668,0.8042938415731951,6510402.0,778338.0,8.905203139619207,1.1017434091064668,921.0555555555555,0.05849213132955209,0.8047069735087821,20376,18265.764705882353,1099.484170498362,1.115529534519738,17.513835,78.441816,Medchal,Active,6.329082729009313,-0.22416399900062184,0.030118293553474215,3,0,High-Volume Urban Hubs
1585398,537,302256,987.7647058823529,974.0,1121,67.27665073298189,243216,1.0938701061820078,0.8040850399044688,6652206.0,853794.0,7.905320489654889,1.0938701061820078,903.0,0.06810999657340949,0.8046688899475941,20178,17779.764705882353,1246.2080248403452,1.1348856598380181,17.356139,78.54781,Ranga Reddy,Active,6.377656046367704,-0.02854455238232044,0.06324271151256385,3,0,High-Volume Urban Hubs
2155014,540,185130,605.0,602.0,660,15.94868821369662,148932,0.9478487077363238,0.8041848551272628,3705822.0,0.0,0.0,0.9478487077363238,638.3333333333334,0.026361468121812594,0.8044725328147788,11880,10890.0,295.42765611905725,1.0909090909090908,17.978789,79.513195,Hanumakonda,Active,2.1620311698795827,0.18069249054694242,0.5251278237076354,0,0,Active Urban Shops
3719035,934,430614,1407.235294117647,1449.0,1472,142.5834131344202,346374,1.800265050433452,0.8058889396902325,9505656.0,0.0,0.0,1.800265050433452,781.7222222222222,0.10132165795615698,0.8043723613259207,26496,25330.235294117647,2641.162895615579,1.046022656021402,17.536522,78.263186,Sangareddy,Active,8.748283832590445,-1.1099843801986486,1.47280105429362,3,0,High-Volume Urban Hubs
3302067,930,402822,1316.4117647058824,1323.0,1425,84.77352891911617,324000,1.2125692459594284,0.8042711596993521,8563806.0,270090.0,113.95371715499158,1.2125692459594284,1085.6666666666667,0.06439742578421623,0.804325483712409,25650,23695.41176470588,1570.3137846790178,1.0824880468296172,17.434553,78.551117,Medchal,Active,8.280817137795717,-0.8245668833889208,-0.2163063416218206,3,-1,High-Volume Urban Hubs
3513001,932,159300,520.5882352941177,524.0,557,22.64118673011049,128124,0.9141158278399448,0.8043287384275033,3279618.0,1908.0,23.87833840432725,0.9141158278399448,571.7777777777778,0.04349154513128568,0.8042937853107345,10026,9370.588235294117,419.3970461900526,1.0699435028248587,19.085335,78.340102,Nirmal,Active,1.6623948087130662,0.5133669389050401,0.6442158391991859,0,0,Active Urban Shops
3384135,930,216900,708.8235294117648,690.0,881,96.28374172185782,174420,0.746785495950069,0.8018461486459598,4545540.0,529560.0,15.62186325277627,0.746785495950069,949.1666666666666,0.13583598417191559,0.804149377593361,15858,12758.823529411764,1783.5247487522468,1.2429045643153527,17.502965,78.422013,Medchal,Active,4.571187448579139,1.6921826590129871,-0.14246244300300073,0,0,Active Urban Shops
1981010,532,248310,811.4705882352941,831.0,900,57.140500846859084,199638,1.179607150152158,0.8036716521975455,5386500.0,0.0,0.0,1.179607150152158,687.9444444444445,0.07041598509580314,0.8039869517941283,16200,14606.470588235294,1058.4496987131145,1.1090974990938747,19.665346,78.540577,Adilabad,Active,4.049031746868104,0.06911047232347241,0.8294764376919327,0,0,Active Urban Shops
1677748,536,111546,364.52941176470586,340.0,485,68.47012595654623,89676,0.6477970069468909,0.8008145291242412,2424312.0,480006.0,5.083675784775732,0.6477970069468909,562.7222222222222,0.18783155418126285,0.8039373890592222,8730,6561.529411764706,1268.315522536046,1.3304824915281588,17.453924,78.442754,Hyderabad,Active,1.6659180821409616,2.856672599075111,0.5782633420724125,0,0,Active Urban Shops
2047331,534,77688,253.88235294117646,254.0,267,7.0146835937856515,62424,0.7838570610244123,0.8041957778479513,1617912.0,0.0,0.0,0.7838570610244123,323.8888888888889,0.027629661977376294,0.8035217794253939,4806,4569.882352941177,129.93742838042343,1.0516682113067655,18.339259,79.172474,Karimnagar,Active,-0.5066951019591399,0.9851075488559727,0.8823712330183668,0,0,Active Urban Shops
3384107,930,202374,661.3529411764706,653.0,889,93.89282139415077,162576,0.9328186917027798,0.8015176855237744,4287402.0,362160.0,13.29777264629761,0.9328186917027798,709.0,0.14197082306328943,0.8033443031219425,16002,11904.35294117647,1739.2362167477595,1.3442141777105756,17.50218,78.39544,Medchal,Active,3.9529665220769337,1.8516719437071156,0.6508081846815746,0,0,Active Urban Shops
1678813,536,332640,1087.0588235294117,1121.0,1276,133.11147726964234,267120,0.8413045524074756,0.802641260477288,7648794.0,1097190.0,7.841057753581053,0.8413045524074756,1292.111111111111,0.12245103428484415,0.803030303030303,22968,19567.058823529413,2465.708226620401,1.1738095238095239,17.447438,78.477674,Hyderabad,Active,8.393983347382717,0.7715459122132708,-0.941183950927602,3,0,High-Volume Urban Hubs
1784017,535,155988,509.7647058823529,498.0,548,24.109249896439252,125262,1.0415313835241558,0.802686928656381,3333222.0,0.0,0.0,1.0415313835241558,489.44444444444446,0.04729485901678598,0.8030233094853451,9864,9175.764705882353,446.59091031554874,1.0750057696745903,18.047329,78.261013,Medak,Active,1.5165043690880329,0.445222841798951,1.051416814086376,0,0,Active Urban Shops
1676682,536,267624,874.5882352941177,965.0,1044,175.54354107160285,214884,1.126407779606688,0.8032060491621306,5612166.0,883206.0,6.322893855035624,1.126407779606688,776.4444444444445,0.2007156442169255,0.8029324724239979,18792,15742.588235294117,3251.704227378766,1.1937046004842615,17.39711,78.51401,Hyderabad,Active,6.649504374032829,1.8575287177781816,0.755610952621713,3,0,High-Volume Urban Hubs
2155019,540,137880,450.5882352941176,476.0,488,55.45904167726707,110700,0.9456380490340465,0.7973043688745391,2863674.0,0.0,0.0,0.9456380490340465,476.5,0.12308142408792953,0.8028720626631853,8784,8110.588235294118,1027.3029652215264,1.0830287206266318,17.963596,79.482637,Hanumakonda,Active,1.4328590262465142,1.3338964375098503,1.0662945344845594,0,0,Active Urban Shops
1676658,536,271206,886.2941176470588,877.0,1087,138.20288637126956,217692,1.2099673202614378,0.804883706646159,5544288.0,925740.0,6.11793656234565,1.2099673202614378,732.5,0.15593343521016675,0.8026813566071547,19566,15953.29411764706,2560.0196230865567,1.2264551669210857,17.400154,78.497091,Hyderabad,Active,6.297314108722703,1.3591709021411325,0.9204681039843718,3,0,High-Volume Urban Hubs
1585660,537,384336,1256.0,1265.0,1364,63.500819666840925,308484,1.2012758773399084,0.8024558160512031,8149878.0,993222.0,8.386517627379583,1.2012758773399084,1045.5555555555557,0.050557977441752326,0.8026414387411015,24552,22608.0,1176.2659138137096,1.085987261146497,17.352155,78.533319,Ranga Reddy,Active,8.264928215945082,-0.9168143568034077,-0.2710685639601674,3,0,High-Volume Urban Hubs
1741031,535,181566,593.3529411764706,602.0,665,46.39692903746971,145692,1.0983528859982628,0.8020499759969577,3836988.0,0.0,0.0,1.0983528859982628,540.2222222222222,0.07819448732397988,0.8024189550907108,11970,10680.35294117647,859.4397114673366,1.1207494795281054,17.734886,78.279569,Medak,Active,2.3683674069661205,0.6317515308888975,1.1076192324447498,0,0,Active Urban Shops
4317013,940,91278,298.29411764705884,298.0,310,5.868372972983874,73242,0.8828179502213096,0.8025762519253717,1933506.0,0.0,0.0,0.8828179502213096,337.8888888888889,0.019673109946899203,0.8024058371129955,5580,5369.294117647059,108.70359050296035,1.0392427529086965,17.981577,79.601953,Warangal,Active,-0.20216163645974372,0.7024867847891824,1.0234961227892847,0,0,Active Urban Shops
3401007,931,118584,387.52941176470586,389.0,420,20.02426685947337,95148,1.168099271725605,0.8019326349027185,2452950.0,0.0,0.0,1.168099271725605,331.94444444444446,0.05167160543579954,0.802367941712204,7560,6975.529411764706,370.92218146921647,1.0837887067395264,16.398436,78.639265,Nagarkarnool,Active,0.5824778064485754,0.607318918872444,1.68968809072954,0,0,Active Urban Shops
1675553,536,274734,897.8235294117648,894.0,954,21.375983964562472,220410,1.295045064034895,0.8022066004218814,6718338.0,1219212.0,5.551961254959622,1.295045064034895,693.2777777777778,0.023808669815734915,0.8022669200026207,17172,16160.823529411764,395.9608937909965,1.0625696127890978,17.386511,78.454348,Hyderabad,Active,5.640019327774219,-0.7675644152027423,0.624985351341299,3,0,High-Volume Urban Hubs
4308001,940,76554,250.1764705882353,259.0,291,33.50226175815966,61416,0.9265795206971676,0.8004581848092758,1487538.0,0.0,0.0,0.9265795206971676,270.0,0.13391451913677738,0.8022572301904538,5238,4503.176470588235,620.583619999565,1.1631789325182225,17.93031,79.891438,Warangal,Active,-0.237793693186738,1.8936997697733693,1.5470686865637142,0,0,Active Urban Shops
3384182,930,292608,956.2352941176471,949.0,1038,45.85519112946504,234702,0.9242962417458782,0.8018646204503099,6385212.0,777204.0,10.942608585088962,0.9242962417458782,1034.5555555555557,0.0479538785187565,0.8021038385826772,18684,17212.235294117647,849.4047569777745,1.0855068897637796,17.513682,78.442655,Medchal,Active,5.953748644639481,-0.20977192303968034,-0.47702320223212197,3,0,High-Volume Urban Hubs
3384195,930,378828,1238.0,1230.0,1433,73.97855249670793,303840,1.0899585009257486,0.8017845969124918,8148474.0,816066.0,8.327812267042377,1.0899585009257486,1135.8333333333333,0.059756504439990255,0.8020526465836738,25794,22284.0,1370.3515972187574,1.1575121163166397,17.537103,78.440447,Medchal,Active,8.247767602066368,-0.5490522572155192,-0.5266555703882893,3,0,High-Volume Urban Hubs
3213028,929,11088,36.23529411764706,38.0,61,16.801157144334457,8892,0.12719129911821667,0.7884632225153453,231120.0,0.0,0.0,0.12719129911821667,284.8888888888889,0.463668297814425,0.801948051948052,1098,652.2352941176471,311.2184782053768,1.6834415584415585,18.99636,79.47115,Manchiryala,Active,-1.6703075535564536,6.024764351366319,0.6987582568727898,4,0,Volatile Portability Hubs
3384168,930,224370,733.2352941176471,744.0,771,29.851164066795107,179874,1.1159412273604672,0.8017386201479847,5106006.0,549954.0,9.836175703318158,1.1159412273604672,657.0555555555555,0.040711575542359955,0.8016847172081829,13878,13198.235294117647,552.9520242990984,1.0515042117930204,17.5178,78.438012,Medchal,Active,3.8174951618132886,-0.13928347546150208,0.6256766576021471,0,0,Active Urban Shops
1677703,536,263628,861.5294117647059,764.0,1341,237.6132429610617,211302,0.7185733921156469,0.7999166320387737,5691330.0,1001484.0,5.682385922953762,0.7185733921156469,1198.9444444444443,0.2758039826804622,0.8015157722244981,24138,15507.529411764706,4401.460639913287,1.5565342072920934,17.411418,78.461664,Hyderabad,Active,7.835369570874167,3.892965725108869,-0.21663484102012728,3,-1,High-Volume Urban Hubs
3384127,930,294714,963.1176470588235,968.0,1123,66.32725040717932,236196,0.9968447123693257,0.8008168833784584,6441894.0,649800.0,52.88261187262474,0.9968447123693257,966.1666666666666,0.06886723611568121,0.8014413974225859,20214,17336.117647058825,1228.6216811102265,1.1660050082452817,17.514216,78.441057,Medchal,Active,6.161422891469737,0.15628153451105295,-0.1614394983529836,3,-1,High-Volume Urban Hubs
3384198,930,457704,1495.764705882353,1498.0,1575,55.924746240321596,366786,1.1712763242036108,0.8015350410119565,10068372.0,971028.0,11.138446209596385,1.1712763242036108,1277.1666666666667,0.03738873234566097,0.8013607047349378,28350,26923.764705882353,1035.9295058914338,1.0529731005191127,17.539543,78.442378,Medchal,Active,9.927913214678885,-1.647363360789602,-0.9619775634823448,3,0,High-Volume Urban Hubs
1672233,536,216198,706.5294117647059,719.0,745,46.489915539458224,173232,1.3283422608237685,0.8012238389849929,5369904.0,797148.0,6.758165769170961,1.3283422608237685,531.8888888888889,0.06580039665063607,0.8012655066189327,13410,12717.529411764706,861.1621593555318,1.054450087419865,17.351434,78.48016,Hyderabad,Active,4.056175751000323,-0.013483193320238967,1.2924978284534134,0,0,Active Urban Shops
3306019,930,171360,560.0,561.0,748,83.60633751176496,137304,1.2509260504223607,0.7975604358421247,3699522.0,0.0,0.0,1.2509260504223607,449.6666666666667,0.14929703127100885,0.8012605042016807,13464,10080.0,1548.69315876322,1.3357142857142856,17.571278,78.424426,Medchal,Active,2.614972087410212,1.6760941795405497,1.8543159017420057,0,0,Active Urban Shops
1881086,533,59202,193.47058823529412,184.0,274,33.68826401154948,47430,0.3487383798515545,0.8002461355812077,1188540.0,0.0,0.0,0.3487383798515545,554.7777777777778,0.1741260225589362,0.8011553663727576,4932,3482.470588235294,624.0290575813616,1.4162359379750684,18.662056,78.088256,Nizamabad,Active,-0.32127892684348963,3.3070465301714567,0.17549266369014507,0,0,Active Urban Shops
1676679,536,288504,942.8235294117648,962.0,1022,90.02965760142754,231102,1.4586099666485977,0.8009564882522804,6340698.0,996894.0,6.456209717613745,1.4586099666485977,646.3888888888889,0.09548940474321613,0.8010356875467931,18396,16970.823529411766,1667.6763862967434,1.0839780384327427,17.394267,78.516035,Hyderabad,Active,6.209658876315681,-0.027760230219256596,1.265872442233185,3,0,High-Volume Urban Hubs
3610019,933,111852,365.52941176470586,367.0,420,31.362096539054562,89550,1.2815731347274941,0.7995483938146148,2235924.0,0.0,0.0,1.2815731347274941,285.22222222222223,0.08579910543352552,0.8006115223688446,7560,6579.529411764706,580.9399837383223,1.1490183456710652,18.614735,79.376433,Peddapalli,Active,0.5571964234839359,0.9600095093390638,2.145448563259853,0,0,Active Urban Shops
3384190,930,420210,1373.235294117647,1419.0,1736,180.13323901884783,336384,1.10630874380433,0.799732742582636,8872236.0,943002.0,10.12987484215185,1.10630874380433,1241.2777777777778,0.131174344113104,0.8005140286999357,31248,24718.235294117647,3336.7221102717663,1.264167916041979,17.537792,78.439212,Medchal,Active,10.490294824431132,0.5338707364457009,-0.5655324262612882,3,-1,High-Volume Urban Hubs
2084133,534,208188,680.3529411764706,668.0,831,60.0952763303636,166626,1.156652299119914,0.7996351205569612,4273452.0,0.0,0.0,1.156652299119914,588.2777777777778,0.08832956057549553,0.8003631333218053,14958,12246.35294117647,1113.1828770004765,1.2214248659865121,18.432256,79.142814,Karimnagar,Active,3.1442445323365917,0.7633133802564899,1.1595866774158885,0,0,Active Urban Shops
3384123,930,593298,1938.8823529411766,1949.0,2085,75.09329202553589,474768,1.451893746608436,0.7999082989710392,12859254.0,1260972.0,12.984897862573002,1.451893746608436,1335.4444444444443,0.03873019521355875,0.8002184399745154,37530,34899.882352941175,1391.0006237576324,1.075361791207791,17.525782,78.421767,Medchal,Active,13.314261443579607,-2.604175464634958,-1.0236941951290002,3,-1,High-Volume Urban Hubs
1671199,536,478620,1564.1176470588234,1584.0,1711,79.78330826510134,382950,1.349088358493375,0.7999165828744986,10066320.0,1208610.0,8.358460753449094,1.349088358493375,1159.388888888889,0.05100850848088465,0.8001128243700639,30798,28154.117647058825,1477.876765936226,1.0939074840165475,17.361662,78.530172,Hyderabad,Active,10.717929408086459,-1.554035839261811,-0.4950876293587011,3,0,High-Volume Urban Hubs
2804007,925,187038,611.2352941176471,594.0,680,41.35218823173162,149616,0.9662115537703575,0.7994964801826537,3442680.0,0.0,0.0,0.9662115537703575,632.6111111111111,0.06765346934264628,0.7999230102973727,12240,11002.235294117647,765.9927814127689,1.1125012029641035,17.854025,79.372907,Janagaon,Active,2.3610305546704016,0.6470743486965085,0.6907304342431219,0,0,Active Urban Shops
1675549,536,210096,686.5882352941177,672.0,987,204.71679051839956,168030,0.9042016710237963,0.8015683621169917,4901760.0,922158.0,5.407131553731226,0.9042016710237963,759.3333333333334,0.29816530490171284,0.7997772446881426,17766,12358.588235294117,3792.0988096768974,1.4375428375599726,17.382064,78.454844,Hyderabad,Active,5.88945111253028,3.754016063315277,0.8082055131999769,3,0,High-Volume Urban Hubs
3384021,930,270846,885.1176470588235,900.0,1028,123.43519922968392,216612,0.9693053863002967,0.7988905155995312,5637042.0,642258.0,7.840441708052324,0.9693053863002967,913.1666666666666,0.13945626283675328,0.7997607496510932,18504,15932.117647058823,2286.4683980527952,1.1614275270818104,17.457367,78.399985,Medchal,Active,5.973971205818197,1.1680792243292109,0.132999389614816,3,0,High-Volume Urban Hubs
2281042,541,184806,603.9411764705883,586.0,756,61.01096222855364,147798,0.9598229756492279,0.7987379034251253,3620880.0,0.0,0.0,0.9598229756492279,629.2222222222222,0.10102136533412016,0.7997467614687834,13608,10870.941176470587,1130.1447070280556,1.25177753969027,17.258679,80.150292,Khammam,Active,2.6484021651464884,1.269294140145331,0.8066817880430621,0,0,Active Urban Shops
3723050,934,346446,1132.1764705882354,1173.0,1224,165.71736229454973,277038,1.4295157456922163,0.8002959475110415,7565958.0,0.0,0.0,1.4295157456922163,792.0,0.14637061147229932,0.7996570894165325,22032,20379.176470588234,3069.687692487913,1.0811035486049774,17.618602,77.952367,Sangareddy,Active,7.1695505481538975,0.32064563037063765,1.0845685201643005,3,-1,High-Volume Urban Hubs
1585168,537,310860,1015.8823529411765,960.0,1253,119.49428636736364,248580,0.9507063693265349,0.7981248968473241,6548580.0,804492.0,8.158878678059349,0.9507063693265349,1068.5555555555557,0.11762610702056642,0.7996525767226405,22554,18285.882352941175,2213.4683723274925,1.23341053850608,17.34628,78.548644,Ranga Reddy,Active,7.121714833904707,0.9156288575154218,-0.26632097598970067,3,0,High-Volume Urban Hubs
1991009,532,218070,712.6470588235294,712.0,749,18.279602746422555,174366,1.2404674687322248,0.7996366998862356,4871862.0,0.0,0.0,1.2404674687322248,574.5,0.02565028862477783,0.7995872884853488,13482,12827.64705882353,338.6046627662691,1.0510111432108955,19.644587,78.536751,Adilabad,Active,2.9017771464225866,-0.43928917574725473,1.083580329993632,0,0,Active Urban Shops
1679988,536,363132,1186.7058823529412,1457.0,1842,583.4432769974143,290340,0.9862023987039694,0.8318235141795317,8338626.0,1281600.0,5.863992638335373,0.9862023987039694,1203.3333333333333,0.49164943536016864,0.7995439674828988,33156,21360.70588235294,10807.489461969797,1.552195895707346,17.414123,78.515341,Hyderabad,Active,13.930865859662662,6.588835619511083,0.4243914669769618,3,-1,High-Volume Urban Hubs
3384015,930,248400,811.7647058823529,800.0,1042,58.76619578154195,198594,0.9684060642729887,0.7994443936602509,5289840.0,624546.0,8.579312191246336,0.9684060642729887,838.2777777777778,0.07239313973088501,0.7994927536231884,18756,14611.764705882353,1088.5634759518944,1.2836231884057971,17.456476,78.398197,Medchal,Active,4.963577260757418,0.7041129061271053,0.16769994980427094,3,0,High-Volume Urban Hubs
1583390,537,342540,1119.4117647058824,1142.0,1218,85.50068770976557,273852,1.1727052815872463,0.7979536207684488,7334982.0,622800.0,9.21726196339503,1.1727052815872463,954.5555555555555,0.07638001529511375,0.7994745139253809,21924,20149.41176470588,1583.7834076517347,1.0880714661061484,17.311217,78.424363,Ranga Reddy,Active,7.130931818481621,-0.33319277344373155,0.052893948260274645,3,0,High-Volume Urban Hubs
1581236,537,449442,1468.764705882353,1465.0,1690,102.84789116678178,359208,0.9925579991756462,0.7991526373547012,10495980.0,162000.0,12.314219909140126,0.9925579991756462,1479.7777777777778,0.0700233950032156,0.7992310464976571,30420,26437.764705882353,1905.1166476561143,1.1506267772037326,17.420977,78.351068,Ranga Reddy,Active,9.797085420429772,-0.893316030912684,-1.3295038310270482,3,-1,High-Volume Urban Hubs
1677806,536,485100,1585.2941176470588,1605.0,1741,104.2619577513148,387702,1.3678120083236054,0.7996811606885346,10625472.0,1657062.0,6.4344733544584285,1.3678120083236054,1159.0,0.06576821082643235,0.7992207792207793,31338,28535.29411764706,1931.3102988873216,1.0982189239332096,17.409204,78.431993,Hyderabad,Active,11.609653334803257,-1.3239946728096637,-0.5209126960097634,3,0,High-Volume Urban Hubs
4111048,938,175446,573.3529411764706,575.0,587,7.040371253470436,140220,0.9568407576155462,0.7991361667373619,3738798.0,0.0,0.0,0.9568407576155462,599.2777777777778,0.012279297353954798,0.7992202729044834,10566,10320.35294117647,130.41325717525368,1.023802195547348,17.335647,77.907895,Vikarabad,Active,1.8216853636762431,-0.07032469291222719,0.5439459346844713,0,0,Active Urban Shops
2382016,539,68688,224.47058823529412,225.0,602,120.66607812803227,54882,0.4386813515937762,0.7848985649052083,1304946.0,0.0,0.0,0.4386813515937762,511.72222222222223,0.53755852415528,0.7990041928721174,10836,4040.470588235294,2235.1742135023574,2.6818658280922434,16.863278,79.552886,Nalgonda,Active,1.2804530903811897,8.545600096782657,1.7211748107462541,4,-1,Volatile Portability Hubs
4116046,938,196542,642.2941176470588,668.0,777,77.73303471881152,157032,0.8339141185208597,0.7961420569536689,4296582.0,0.0,0.0,0.8339141185208597,770.2222222222222,0.12102404892570712,0.7989742650425863,13986,11561.29411764706,1439.8982500816633,1.2097261653997617,17.266563,77.584329,Vikarabad,Active,3.2672711913408046,1.3748799853424358,0.3054336807971258,0,0,Active Urban Shops
1890028,533,211464,691.0588235294117,691.0,715,10.211684271488226,168912,1.025309827194973,0.7987913363402067,4367502.0,0.0,0.0,1.025309827194973,674.0,0.014776866923331617,0.7987742594484167,12870,12439.058823529413,189.15749740237507,1.0346441947565543,18.693206,78.102973,Nizamabad,Active,2.6641838572020085,-0.32520313133355716,0.49127878533953206,0,0,Active Urban Shops
1674477,536,183600,600.0,601.0,639,24.071205844736518,146646,1.147349630899443,0.798494773441309,4186836.0,848448.0,4.963626301439789,1.147349630899443,522.9444444444445,0.0401186764078942,0.7987254901960784,11502,10800.0,445.8861962429431,1.065,17.371621,78.462386,Hyderabad,Active,3.0795628516985776,0.1426070110334303,0.9777298640808435,0,0,Active Urban Shops
2084141,534,364986,1192.764705882353,1219.0,1265,69.84270521359076,291492,1.3010139608207234,0.7987250035307514,8026578.0,0.0,0.0,1.3010139608207234,918.8888888888889,0.05855530841007264,0.7986388519011688,22770,21469.764705882353,1293.740677715774,1.0605612270059674,18.432883,79.115602,Karimnagar,Active,6.785181928352549,-0.9708433565362778,0.30662066167787344,3,0,High-Volume Urban Hubs
1675564,536,294768,963.2941176470588,980.0,1057,57.83820081469684,235368,1.3393574941748017,0.7983944043536795,7718580.0,1229832.0,6.350661310452295,1.3393574941748017,719.2222222222222,0.06004209903821729,0.798485588666341,19026,17339.29411764706,1071.3736372471717,1.097276502198339,17.390404,78.448302,Hyderabad,Active,6.585297599024572,-0.46602920906435696,0.6706172890222325,3,0,High-Volume Urban Hubs
1481038,538,159156,520.1176470588235,533.0,640,65.28785604212058,127080,0.9532535406738463,0.7969908721724238,3380076.0,55476.0,9.87944757137011,0.9532535406738463,548.7222222222222,0.12552516995205268,0.7984618864510292,11520,9362.117647058823,1209.3683207749898,1.230490839176657,16.731978,77.985367,Mahbubnagar,Active,2.209303776504303,1.5655358790602112,0.9848268890808253,0,0,Active Urban Shops
2084144,534,209304,684.0,748.0,868,185.75457102245878,167112,0.8054411276988759,0.7623162895198838,4348656.0,0.0,0.0,0.8054411276988759,849.5,0.2715710102667526,0.7984176126590987,15624,12312.0,3440.8496043855216,1.2690058479532165,18.439598,79.122792,Karimnagar,Active,4.616621227239517,3.0576727667261583,0.4731080312449772,0,0,Active Urban Shops
2084157,534,459882,1502.8823529411766,1549.0,1638,117.8196421697286,367092,1.6002161511177149,0.7980275380688358,9221616.0,0.0,0.0,1.6002161511177149,939.3333333333334,0.07839578523172672,0.7982308505225253,29484,27051.882352941175,2182.447876879107,1.0899056714548516,18.452057,79.107028,Karimnagar,Active,9.141786467813416,-1.3163258863914657,0.681653377458336,3,0,High-Volume Urban Hubs
2706037,924,151272,494.3529411764706,520.0,571,67.00892728273911,120744,0.928976297730704,0.8006237484296511,2915964.0,0.0,0.0,0.928976297730704,532.3888888888889,0.13554875818735898,0.7981913374583531,10278,8898.35294117647,1241.248813754542,1.1550452165635412,18.790586,78.920756,Jagityal,Active,1.873088173800329,1.571494515294049,0.9892178521890751,0,0,Active Urban Shops
2389001,539,86292,282.0,297.0,427,85.93440121089698,68868,0.8490864339966314,0.7812164950912786,1828296.0,0.0,0.0,0.8490864339966314,332.1666666666667,0.3047319191875779,0.7980809345014601,7686,5076.0,1591.8173576136178,1.5141843971631206,16.713358,78.980583,Nalgonda,Active,0.7160539964000158,3.962558896051282,1.7423686266951237,0,0,Active Urban Shops
1481066,538,162054,529.5882352941177,512.0,645,51.86268495407938,129330,1.1154496912579484,0.7984185636119888,3653118.0,36666.0,29.70751266597351,1.1154496912579484,474.77777777777777,0.09793020595572025,0.7980673108963678,11610,9532.588235294117,960.6853711558963,1.2179273575474843,16.750955,78.011297,Mahbubnagar,Active,2.1084463209092323,1.125009592116286,1.36913808570528,0,0,Active Urban Shops
2036214,534,205578,671.8235294117648,680.0,729,38.93182231560568,164052,0.9516877440024725,0.7975855314997573,4028526.0,0.0,0.0,0.9516877440024725,705.9444444444445,0.05794947722312376,0.7980036774363015,13122,12092.823529411764,721.1588101186629,1.0851063829787235,18.473628,79.139623,Karimnagar,Active,2.8352908409720365,0.35691381529138105,0.4443997694376024,0,0,Active Urban Shops
3717030,934,148338,484.7647058823529,492.0,559,45.29578776868045,118368,1.0867812931093324,0.7992069868136502,3691746.0,0.0,0.0,1.0867812931093324,446.05555555555554,0.09343870793199462,0.7979614124499453,10062,8725.764705882353,839.0425741143719,1.1531367552481495,18.033257,77.771792,Sangareddy,Active,1.688628542082783,0.9793326796554104,1.3245392991849236,0,0,Active Urban Shops
1890022,533,232866,761.0,765.0,825,26.656282131032086,185814,0.9418316831683168,0.7978954644921377,4966236.0,0.0,0.0,0.9418316831683168,808.0,0.03502796600661247,0.7979438818891551,14850,13698.0,493.77120207642724,1.0840998685939554,18.687262,78.098643,Nizamabad,Active,3.4573495859097734,-0.09306354961099712,0.12400025464968713,0,0,Active Urban Shops
2281102,541,74250,242.64705882352942,228.0,352,60.15613243892633,59238,0.6929499845263885,0.7924194334016194,1446354.0,0.0,0.0,0.6929499845263885,350.1666666666667,0.24791618217254485,0.7978181818181819,6336,4367.64705882353,1114.310153254945,1.4506666666666665,17.231383,80.132002,Khammam,Active,0.10312138981503081,3.5928793971630952,1.2805735848533917,0,0,Active Urban Shops
3211004,929,164610,537.9411764705883,536.0,551,8.633321108674071,131328,0.9359133314129039,0.7978972776576373,3326148.0,0.0,0.0,0.9359133314129039,574.7777777777778,0.016048819994254695,0.7978130125751777,9918,9682.941176470587,159.92047656110023,1.0242755604155278,18.876505,79.444836,Manchiryala,Active,1.5413505534792535,0.078058047974012,0.5864126625090146,0,0,Active Urban Shops
3302234,930,293220,958.2352941176471,962.0,1072,70.71019262033595,233928,1.2344874904759684,0.7973980805210615,6214914.0,536040.0,10.343135806465831,1.2344874904759684,776.2222222222222,0.07379209788494236,0.7977900552486188,19296,17248.235294117647,1309.8096965500256,1.1187231430325353,17.374331,78.535731,Medchal,Active,5.720824402427309,-0.09047355509166255,0.6146505976900752,3,0,High-Volume Urban Hubs
1675602,536,211644,691.6470588235294,693.0,773,31.86024205978363,168840,0.9665777485463676,0.7976416741734081,5125266.0,891036.0,5.7582385075963245,0.9665777485463676,715.6666666666666,0.04606430643105305,0.7977547201905086,13914,12449.64705882353,590.1674488202976,1.1176220445654022,17.387509,78.450511,Hyderabad,Active,4.047598480401067,0.2688210847501182,0.2381648443139077,0,0,Active Urban Shops
1599010,537,607734,1986.0588235294117,1991.0,2049,41.25494272131807,484794,1.601217185076383,0.7976246724216588,12525624.0,0.0,0.0,1.601217185076383,1240.7222222222222,0.02077226627557999,0.7977075496845659,36882,35749.05882352941,764.1914412132139,1.0316914966087136,17.310736,78.53167,Ranga Reddy,Active,11.676348954827636,-3.3563408395127685,-0.4947487124139998,3,-1,High-Volume Urban Hubs
3302086,930,506232,1654.3529411764705,1654.0,1786,47.14643676374538,403650,1.3723425963522304,0.797217818718839,10377090.0,833256.0,11.080097801796526,1.3723425963522304,1205.5,0.028498415054176912,0.7973616839709856,32148,29778.352941176472,873.3233179338895,1.0795761627080074,17.441082,78.572485,Medchal,Active,10.557571191294208,-2.1835095264783497,-0.6162520023147704,3,0,High-Volume Urban Hubs
3302192,930,165546,574.8125,588.5,754,104.36761407446198,131976,0.8108055462480681,0.804145576358106,3552930.0,483444.0,10.413849146298247,0.8108055462480681,708.9444444444445,0.18156810103200954,0.7972164836359682,13572,10346.625,1936.8559703808644,1.311732086549962,17.466438,78.551051,Medchal,Active,3.502252552558571,2.4026380109828085,0.532877337264533,0,0,Active Urban Shops
3302073,930,140742,459.94117647058823,447.0,775,155.62254610536453,112176,0.47918888778062474,0.8096708083132017,2762064.0,123102.0,212.30566465754927,0.47918888778062474,959.8333333333334,0.33835315050405385,0.7970328686532805,13950,8278.941176470587,2882.6950166161405,1.6849980815961123,17.483716,78.581757,Medchal,Active,3.6578813464346815,5.088999559663918,0.25018233867891204,4,-1,Volatile Portability Hubs
1581064,537,283122,925.2352941176471,930.0,1168,105.38614490115067,225630,0.840995744554266,0.7957269692634715,6228198.0,936576.0,6.696479924264606,0.840995744554266,1100.1666666666667,0.1139019939805176,0.7969355966685739,21024,16654.235294117647,1952.1343296956975,1.2623815881492784,17.491042,78.325717,Ranga Reddy,Active,6.721800590692051,1.079616017964499,-0.4989139216348888,3,0,High-Volume Urban Hubs
3302196,930,394146,1288.0588235294117,1348.0,1453,191.84147264553647,314082,1.5012608142644166,0.7966567983950622,8848404.0,891990.0,9.256366934339907,1.5012608142644166,858.0,0.14893844065278897,0.7968671507512445,26154,23185.058823529413,3553.601139523614,1.1280540713339726,17.460432,78.556801,Medchal,Active,9.531959776742529,0.2833023639207146,0.8470019373064749,3,-1,High-Volume Urban Hubs
1679936,536,224982,735.2352941176471,754.0,890,84.30193702582793,179280,0.70930790553516,0.7956839035717714,4994586.0,837000.0,5.966083777236914,0.70930790553516,1036.5555555555557,0.11465980713969715,0.796863749099928,16020,13234.235294117647,1561.578189261259,1.2104968397471798,17.421358,78.517965,Hyderabad,Active,5.077462700127857,1.3431610853971683,-0.49779489671732347,3,0,High-Volume Urban Hubs
3404005,931,67374,220.1764705882353,213.0,419,62.403248932555414,53676,0.4980177580253273,0.7970739108873156,1559736.0,0.0,0.0,0.4980177580253273,442.1111111111111,0.28342378622854447,0.7966871493454448,7542,3963.176470588235,1155.9349157334789,1.9030189687416512,16.582592,78.214763,Nagarkarnool,Active,0.291320956877605,4.972447831131843,1.038080777784337,4,0,Volatile Portability Hubs
3213053,929,93042,304.05882352941177,303.0,335,16.083077470013638,74106,0.9215459620340722,0.7963950981473217,1757142.0,0.0,0.0,0.9215459620340722,329.94444444444446,0.052894625070658126,0.7964790094795898,6030,5473.058823529412,297.91703345651354,1.1017604952602051,18.98033,79.485204,Manchiryala,Active,-0.08498050014716925,1.0554968231174031,1.2197559325400944,0,0,Active Urban Shops
2603038,923,89046,291.0,291.0,317,12.453717596252664,70920,0.5654248401907123,0.7959111143639985,1845990.0,32130.0,20.21947323817408,0.5654248401907123,514.8888888888889,0.042796280399493694,0.7964422882555083,5706,5238.0,230.68810112357332,1.0893470790378006,16.236399,77.792619,Jogulamba Gadwal,Active,0.0015009190682042965,1.2971630748942036,0.16339860485302113,0,0,Active Urban Shops
1500021,537,161280,527.0588235294117,514.0,714,66.66768433810208,128430,1.0517812333336938,0.7940662462532324,3515364.0,0.0,0.0,1.0517812333336938,501.1111111111111,0.1264900260879169,0.7963169642857143,12852,9487.058823529413,1234.9277544955937,1.3546874999999998,17.398236,78.37611,Ranga Reddy,Active,2.2397269995938696,1.7184771911893137,1.321980342628256,0,0,Active Urban Shops
4508007,981,183078,598.2941176470588,603.0,682,52.28395137938453,145782,1.0124629421952842,0.7955435819359216,3495456.0,0.0,0.0,1.0124629421952842,590.9444444444445,0.08738837611341432,0.7962835512732278,12276,10769.29411764706,968.4887560463649,1.1399075803755776,18.301264,80.550804,Mulugu,Active,2.4110022155296824,0.8547120426619843,0.8917809309119796,0,0,Active Urban Shops
4213015,939,169506,553.9411764705883,547.0,660,49.170327623592044,134946,0.8976010677360315,0.7952137058359082,3539898.0,0.0,0.0,0.8976010677360315,625.2777777777778,0.0887645290008564,0.7961134119146225,11880,9970.941176470587,910.8131305726384,1.1914622491239248,16.363797,78.058821,Wanaparthy,Active,2.203055640496678,1.1217894286351475,0.6528280500511596,0,0,Active Urban Shops
1583638,537,193968,633.8823529411765,636.0,824,88.06435360623996,154386,0.4555207785849821,0.796210670389277,4688352.0,338616.0,2.6769164393459817,0.4555207785849821,1391.5555555555557,0.13892854596381582,0.795935412026726,14832,11409.882352941177,1631.2718152699492,1.29992576095026,17.321301,78.451694,Ranga Reddy,Active,4.442225400078265,1.9662561140999777,-1.1153300396629733,0,-1,Active Urban Shops
1585666,537,381960,1248.235294117647,1235.0,1374,77.22021010462056,304002,1.2073206540395076,0.7955367913521382,8199018.0,936936.0,9.701290389119048,1.2073206540395076,1033.888888888889,0.06186350479635012,0.7959000942507068,24732,22468.235294117647,1430.3988748515112,1.1007540056550424,17.351056,78.551752,Ranga Reddy,Active,8.255724340261006,-0.7224123758214999,-0.19535142419652785,3,0,High-Volume Urban Hubs
1585226,537,358308,1170.9411764705883,1175.0,1508,111.5786709328264,285156,1.091384933352216,0.7954374826017389,7525764.0,941040.0,8.091487377212545,1.091384933352216,1073.388888888889,0.0952897320334597,0.795840450115543,27144,21076.941176470587,2066.842412672899,1.2878529086707526,17.320262,78.532487,Ranga Reddy,Active,8.362141190016375,0.3410078843435304,-0.25756326177933875,3,0,High-Volume Urban Hubs
3302181,930,158346,517.4705882352941,523.0,625,50.40037195068703,126000,0.7045799517132223,0.7945374202030635,3213540.0,518004.0,7.360670481780508,0.7045799517132223,734.4444444444445,0.0973975586179015,0.795725815618961,11250,9314.470588235294,933.5980209414986,1.207798112993066,17.443638,78.537379,Medchal,Active,2.6190818554812365,1.5197792072706113,0.09069944171682748,0,0,Active Urban Shops
1585327,537,439596,1436.5882352941176,1438.0,1600,76.46488785222053,349776,1.2433818411456545,0.795535442395497,9156024.0,1051920.0,8.765988465426085,1.2433818411456545,1155.388888888889,0.05322672563621935,0.7956760298091884,28800,25858.58823529412,1416.4075622337461,1.1137498976332814,17.351446,78.553325,Ranga Reddy,Active,9.681851826931323,-1.1762568776142726,-0.5216582674070788,3,0,High-Volume Urban Hubs
3722014,934,173016,565.4117647058823,564.0,621,31.56643359631172,137664,1.1540326560071883,0.7953193361407808,4115502.0,0.0,0.0,1.1540326560071883,489.94444444444446,0.05582910644374733,0.795672076570953,11178,10177.411764705883,584.7250485082208,1.098314606741573,17.51123,78.288214,Sangareddy,Active,2.0545811621848835,0.3117964762859792,1.2334245182700723,0,0,Active Urban Shops
1678826,536,247518,808.8823529411765,808.0,949,68.69967343578294,196902,0.8095126516007664,0.7950078634227421,5343282.0,939528.0,5.806774029900229,0.8095126516007664,999.2222222222222,0.08493160122233365,0.7955057813977165,17082,14559.882352941177,1272.5675759244054,1.173223765544324,17.423013,78.497998,Hyderabad,Active,5.397788377945423,0.7724144605315163,-0.4163515551936354,3,0,High-Volume Urban Hubs
3302198,930,227178,742.4117647058823,745.0,778,26.52991615708272,180720,0.9185372976871581,0.7955882446444043,5121576.0,601470.0,15.703758087281035,0.9185372976871581,808.2777777777778,0.035734773367435725,0.7954995642183662,14004,13363.411764705883,491.43044508143913,1.0479359797163457,17.475455,78.537529,Medchal,Active,3.9885505821418223,-0.04819974872904666,-0.023946069058558193,0,0,Active Urban Shops
1673321,536,167742,548.1764705882352,545.0,636,40.1556182128951,133416,0.6595251316447053,0.794612590786634,3929130.0,801090.0,4.903276004273909,0.6595251316447053,831.3888888888889,0.07325308612718283,0.7953643094752656,11448,9867.176470588236,743.8279568635242,1.1602103229960294,17.370886,78.455104,Hyderabad,Active,3.1593492707843702,1.1555602886295975,-0.29028082273042555,0,0,Active Urban Shops
3302076,930,381942,1248.1764705882354,1231.0,1452,83.95729731488734,303732,1.0293083097224216,0.7948946076001264,7713270.0,898812.0,7.699142057484579,1.0293083097224216,1212.888888888889,0.06726396410542838,0.7952306894764126,26136,22467.176470588234,1555.1942095480438,1.1632970451010887,17.451486,78.563247,Medchal,Active,8.436472860401617,-0.35807578479415064,-0.716773533655631,3,0,High-Volume Urban Hubs
3724038,934,59400,194.11764705882354,192.0,248,25.674875433853163,47232,0.6109195991909968,0.7941441742314479,1344078.0,0.0,0.0,0.6109195991909968,317.77777777777777,0.1322645098107587,0.7951515151515152,4464,3494.1176470588234,475.5919840515793,1.2775757575757576,17.62214,78.089165,Sangareddy,Active,-0.6423644778827139,2.479749849383412,0.844630823639986,0,0,Active Urban Shops
3384214,930,303192,990.8235294117648,1005.0,1115,76.60382369834632,240984,1.2484177091669457,0.7947214803212459,6332220.0,691758.0,16.88449927918049,1.2484177091669457,793.6666666666666,0.07731328680075322,0.7948230824032296,20070,17834.823529411766,1418.9811589347353,1.1253265257658513,17.492154,78.457669,Medchal,Active,6.165396721745441,-0.0796005065233636,0.5725003239222843,3,0,High-Volume Urban Hubs
1677828,536,401796,1313.0588235294117,1294.0,1422,46.805385047353724,319248,1.093304599108586,0.794390571621643,9435384.0,1578924.0,6.048387196667343,1.093304599108586,1201.0,0.03564606871270555,0.7945524594570379,25596,23635.058823529413,867.0058009168854,1.0829674760326136,17.453268,78.413917,Hyderabad,Active,9.335860344976615,-1.19329899643678,-0.9418250026903523,3,0,High-Volume Urban Hubs
4018036,937,234756,767.1764705882352,767.0,843,48.81831390390737,186516,0.995976156771575,0.7939074852367256,4824864.0,0.0,0.0,0.995976156771575,770.2777777777778,0.06363374761282206,0.7945100444717068,15174,13809.176470588236,904.2925574236276,1.0988345345805857,17.13821,79.615777,Suryapet,Active,3.628638291553353,0.21993443600466303,0.36533062232611213,0,0,Active Urban Shops
3314004,930,1191240,3892.9411764705883,3964.0,4122,162.81596712668647,946422,1.636202639395628,0.7941388612214818,24227694.0,0.0,0.0,1.636202639395628,2379.777777777778,0.04182338230815458,0.7944847385917195,74196,70072.94117647059,3015.9433116064224,1.0588395285584769,17.406389,78.58737,Medchal,Active,25.807793112576157,-6.364277501764365,-4.1287378807636665,3,-1,High-Volume Urban Hubs
1676703,536,282114,921.9411764705883,908.0,1047,56.63252095825152,224082,0.8981936885411677,0.7942133459731162,5956164.0,809100.0,7.700573123871986,0.8981936885411677,1026.4444444444443,0.06142747759141682,0.7942959229247751,18846,16594.941176470587,1049.040065404334,1.1356472915204492,17.383475,78.522452,Hyderabad,Active,5.836540846930879,0.14946772802033242,-0.43191521483879436,3,0,High-Volume Urban Hubs
4317006,940,160740,525.2941176470588,531.0,552,20.10264882732227,127656,1.000035821456465,0.7942458908025903,3390984.0,0.0,0.0,1.000035821456465,525.2777777777778,0.038269320275977445,0.7941769316909294,9936,9455.29411764706,372.3741003188,1.0508398656215006,17.98077,79.60169,Warangal,Active,1.5780102515791552,0.2931929688195061,0.8483491550105409,0,0,Active Urban Shops
2111001,540,141408,462.11764705882354,462.0,476,5.527802962575356,112302,0.8655792674596443,0.7941467102274768,2663802.0,0.0,0.0,0.8655792674596443,533.8888888888889,0.011961895412904919,0.7941700610997964,8568,8318.117647058823,102.39499643106383,1.030040733197556,18.005099,79.562172,Hanumakonda,Active,0.9422313231682089,0.28485657610433085,0.5596806250729863,0,0,Active Urban Shops
2084112,534,220680,721.1764705882352,724.0,897,95.18335146112085,175248,1.0632946918653936,0.7924938897310809,4506876.0,0.0,0.0,1.0632946918653936,678.2777777777778,0.13198344003581194,0.7941272430668842,16146,12981.176470588236,1763.141522797238,1.2438009787928221,18.429422,79.135669,Karimnagar,Active,3.8108423067652235,1.294149964681868,0.8956643742965199,0,0,Active Urban Shops
3384160,930,340614,1113.1176470588234,1105.0,1220,75.41169550346825,270486,1.1928472386239108,0.7941656042450518,7578594.0,937998.0,9.577070666506957,1.1928472386239108,933.1666666666666,0.06774818070913494,0.7941129841991228,21960,20036.117647058825,1396.8986131048016,1.096020715531364,17.515486,78.438626,Medchal,Active,7.321684243471981,-0.4264430760404189,0.048809772194698564,3,0,High-Volume Urban Hubs
3913024,936,59868,195.64705882352942,190.0,222,12.358296125453418,47538,0.9482377879509007,0.7926126380870269,1117530.0,0.0,0.0,0.9482377879509007,206.33333333333334,0.06316627604711608,0.7940469031870114,3996,3521.6470588235293,228.92054876541528,1.1346963319302465,18.382424,78.628082,Rajanna Siricilla,Active,-0.9126401374657392,1.3703943252661677,1.5805944559367437,0,0,Active Urban Shops
3302197,930,202968,663.2941176470588,641.0,856,82.49978697263627,161136,0.75998804087604,0.7918950815439363,4751550.0,615726.0,7.852840964489066,0.75998804087604,872.7777777777778,0.12437889132093088,0.7938985455835402,15408,11939.29411764706,1528.1958220687018,1.290528556225612,17.46221,78.558697,Medchal,Active,4.255247670009666,1.662537168007606,-0.048526986861809396,0,0,Active Urban Shops
3722022,934,266616,871.2941176470588,895.0,944,58.87278670544486,211644,1.5662975945149467,0.7931128834055055,5566374.0,0.0,0.0,1.5662975945149467,556.2777777777778,0.06756936092307336,0.7938158250067513,16992,15683.29411764706,1090.5379271663298,1.0834458547123953,17.505129,78.308563,Sangareddy,Active,4.301680767673829,-0.48162793949241184,1.7873615323211112,0,0,Active Urban Shops
3302006,930,304920,996.4705882352941,988.0,1188,81.87531975248022,242046,0.980730527415584,0.792625547698315,6468210.0,723582.0,7.83428840249329,0.980730527415584,1016.0555555555555,0.08216531498182784,0.793801652892562,21384,17936.470588235294,1516.6284201167668,1.1922077922077923,17.402537,78.567329,Medchal,Active,6.527303683048189,0.3185722559899695,-0.25198538046116364,3,0,High-Volume Urban Hubs
2901003,926,226422,739.9411764705883,745.0,792,30.909754477997154,179730,1.2225329406428749,0.794107096542954,5047128.0,0.0,0.0,1.2225329406428749,605.3333333333334,0.04177325909261083,0.7937832896096669,14256,13318.941176470587,572.5609651587588,1.0703553541616981,18.37761,77.87922,Kamareddy,Active,3.223329871456433,-0.2713638474672493,1.0090163258804346,0,0,Active Urban Shops
1678853,536,286812,937.2941176470588,830.0,1314,180.58029892191206,227664,0.7384281055645784,0.7915851643523795,7009506.0,1184400.0,6.121702474725011,0.7384281055645784,1269.3333333333333,0.19266129544825564,0.7937743190661478,23652,16871.29411764706,3345.003284092294,1.4019078699635998,17.419461,78.497156,Hyderabad,Active,8.042472113081436,2.4283369308944676,-0.6883402218958387,3,0,High-Volume Urban Hubs
1677780,536,320400,1047.0588235294117,1145.0,1215,171.67828224333218,254268,0.9775446288813708,0.7930634360716223,7522812.0,1302876.0,5.8173644864833545,0.9775446288813708,1071.111111111111,0.16396240438969928,0.7935955056179775,21870,18847.058823529413,3180.105589256987,1.1603932584269663,17.454171,78.430528,Hyderabad,Active,8.51668635984532,1.2354745850608047,-0.33093519977059876,3,0,High-Volume Urban Hubs
3302038,930,331722,1084.0588235294117,1048.0,1341,109.01786499974762,263250,1.360114938066045,0.79280953646036,7023258.0,582588.0,10.553783767398576,1.360114938066045,797.0555555555555,0.10056452900296867,0.7935861956698681,24138,19513.058823529413,2019.4069819686001,1.2370177437734005,17.40552,78.572728,Medchal,Active,7.046044967603963,0.20788171756742022,0.8319179506011103,3,0,High-Volume Urban Hubs
3302097,930,240444,834.875,816.5,1078,148.88233433605183,190800,1.0785131549369116,0.7935633536530873,4908168.0,516582.0,11.077799035933877,1.0785131549369116,774.1111111111111,0.1783288927516716,0.7935319658631532,19404,15027.75,2762.9609117756263,1.2912112591705345,17.483683,78.58185,Medchal,Active,5.579857244815608,1.8867401879213792,0.7764052944369337,3,0,High-Volume Urban Hubs
3003016,927,103896,339.52941176470586,341.0,376,20.926431266570123,82440,0.8482378745110627,0.7933993695155075,1983384.0,0.0,0.0,0.8482378745110627,400.27777777777777,0.06163363332149898,0.7934857934857935,6768,6111.529411764706,387.6335443506952,1.1074151074151073,17.666503,80.890099,Bhadrdri Kothagudem,Active,0.24048109846222188,1.1336564468721044,0.9426740313905417,0,0,Active Urban Shops
1741030,535,180378,589.4705882352941,584.0,756,75.72348825229508,143118,1.0342707934202489,0.7924426626293612,4010850.0,0.0,0.0,1.0342707934202489,570.2222222222222,0.1284601636851628,0.7934337890430097,13608,10610.470588235294,1402.6741477285025,1.282506735854705,17.737137,78.281554,Medak,Active,2.758349720103383,1.5071049626105857,1.0919654632219848,0,0,Active Urban Shops
1725036,535,56178,183.58823529411765,181.0,226,19.49242119616539,44568,0.7429405377855525,0.7931161223997507,1219032.0,0.0,0.0,0.7429405377855525,247.11111111111111,0.10617467489100021,0.7933354694008331,4068,3304.5882352941176,361.07046729543134,1.231015700096123,17.900185,78.208614,Medak,Active,-0.8502265277827755,2.0893744415510915,1.1739714750431198,0,0,Active Urban Shops
1673342,536,216324,706.9411764705883,719.0,772,40.709162024165224,171594,1.1198411270726436,0.7931590142515788,5371182.0,937764.0,5.747626117735494,1.1198411270726436,631.3333333333334,0.05758493546437084,0.7932268264270261,13896,12724.941176470587,754.0815995789377,1.0920286237310701,17.362544,78.468464,Hyderabad,Active,4.218603499154662,0.1611719112136943,0.6554422095428363,0,0,Active Urban Shops
4402004,941,102168,333.88235294117646,367.0,384,81.5465222686881,81036,0.8627450980392157,0.7917476874383055,1946502.0,0.0,0.0,0.8627450980392157,387.0,0.24423729361657814,0.7931642001409444,6912,6009.882352941177,1510.5378960139058,1.150105708245243,17.467252,79.13726,Yadadri Bhuvanagiri,Active,0.8511336278130408,2.6998270051843036,1.3733805548915194,0,0,Active Urban Shops
3724025,934,260388,850.9411764705883,875.0,937,100.0821456240309,206514,1.6141463282881754,0.7947144404199378,5710824.0,0.0,0.0,1.6141463282881754,527.3333333333334,0.11761347128498031,0.7931010645651874,16866,15316.941176470587,1853.8849907217893,1.101133692796903,17.61314,78.07609,Sangareddy,Active,4.593030890764056,0.1272728891894972,2.080562094938428,0,0,Active Urban Shops
1677769,536,337284,1102.235294117647,997.0,1512,268.35796413405683,267444,1.2592186879931864,0.7876635086487666,7486434.0,1187694.0,6.299254702877429,1.2592186879931864,875.3333333333334,0.24346703972029918,0.7929341445191589,27216,19840.235294117647,4970.964588606165,1.3717579250720462,17.434842,78.44057,Hyderabad,Active,9.391510370753377,2.610047008120613,0.8592909776899107,3,-1,High-Volume Urban Hubs
2111115,540,204030,666.7647058823529,653.0,832,52.21365498252852,161766,0.967031840395253,0.792684560907335,4032468.0,0.0,0.0,0.967031840395253,689.5,0.07830896644931494,0.7928539920599912,14976,12001.764705882353,967.186611350918,1.2478164975738861,18.021608,79.544162,Hanumakonda,Active,3.024803442229551,0.8962810977851363,0.6132213357099376,0,0,Active Urban Shops
2807005,925,76626,250.41176470588235,251.0,258,3.6042405111878955,60750,0.9662257516994831,0.7928468098556957,1669752.0,0.0,0.0,0.9662257516994831,259.1666666666667,0.014393255506270665,0.7928118393234672,4644,4507.411764705882,66.76363046555528,1.0303030303030305,17.731038,79.152091,Janagaon,Active,-0.6022575717866644,0.6416084274236675,1.3364014228802432,0,0,Active Urban Shops
3384129,930,409554,1338.4117647058824,1377.0,1443,135.32738830359617,324684,1.1618833782452147,0.7928903867302748,9200196.0,1022976.0,10.61796499668825,1.1618833782452147,1151.9444444444443,0.10111042944495824,0.7927745791763724,25974,24091.41176470588,2506.75495059907,1.0781435415110097,17.514948,78.431052,Medchal,Active,9.625517403013184,-0.3220743517137135,-0.4824362518636965,3,0,High-Volume Urban Hubs
4015024,937,165708,541.5294117647059,543.0,680,63.324100902126375,131364,1.279216650096917,0.7924163505331301,3034908.0,0.0,0.0,1.279216650096917,423.3333333333333,0.11693566319097853,0.7927438626982403,12240,9747.529411764706,1172.9924401742248,1.2557028025200956,16.884018,79.690574,Suryapet,Active,2.10486834879679,1.2218691847364525,1.89134731888246,0,0,Active Urban Shops
1784013,535,157626,515.1176470588235,516.0,559,20.076555506433163,124938,1.072557789586282,0.7926539869712846,3490632.0,0.0,0.0,1.072557789586282,480.27777777777777,0.038974699510033545,0.7926230444216056,10062,9272.117647058823,371.890757204475,1.0851889916638118,18.04455,78.259139,Medak,Active,1.5309041535207148,0.30892523609825023,1.0856210078204933,0,0,Active Urban Shops
4501012,981,30888,100.94117647058823,106.0,116,14.464081139206282,24480,0.8283593381702926,0.7939395885080545,590706.0,0.0,0.0,0.8283593381702926,121.94444444444444,0.14329217911801095,0.7925407925407926,2088,1816.9411764705883,267.9273387012408,1.1491841491841492,18.389196,80.433229,Mulugu,Active,-1.551589372242358,2.201233101486679,1.6325303786383647,1,0,Stable Rural Shops
2060034,534,144702,472.88235294117646,482.0,568,52.7515601418226,114660,1.2870082705383517,0.7917930573684046,2765988.0,0.0,0.0,1.2870082705383517,367.5,0.11155324324057522,0.7923871128249782,10224,8511.882352941177,977.1505694078664,1.201144420947879,18.462961,79.120949,Karimnagar,Active,1.515446640409799,1.1257479911323474,2.00742553771581,0,0,Active Urban Shops
1673405,536,217962,712.2941176470588,706.0,937,72.49319989390904,172674,0.5694846570695788,0.7916158371889733,5658066.0,1040904.0,5.435243635192239,0.5694846570695788,1250.7777777777778,0.10177425040849399,0.7922206623172847,16866,12821.29411764706,1342.8374699077451,1.3154678338425962,17.335263,78.465893,Hyderabad,Active,5.472046325931517,1.4727373971869837,-1.054918916267224,3,0,High-Volume Urban Hubs
3302023,930,288126,941.5882352941177,942.0,1046,52.250409603761504,228240,1.4445372842163104,0.79187328490482,5987304.0,464868.0,11.331495797894991,1.4445372842163104,651.8333333333334,0.05549178254913135,0.792153432873118,18828,16948.58823529412,967.8674404860099,1.1108889860685949,17.408369,78.557421,Medchal,Active,5.24478519093925,-0.5110819718578048,1.220257130915676,3,0,High-Volume Urban Hubs
3810038,935,183132,598.4705882352941,607.0,637,29.903683379357357,145062,1.365854814782331,0.7919390438557484,3916782.0,0.0,0.0,1.365854814782331,438.1666666666667,0.04996683875064626,0.792117161391783,11466,10772.470588235294,553.9248727994454,1.0643797916257127,17.849857,78.687909,Siddipet,Active,2.1447019950566792,-0.0580090042472173,1.7409872219164988,0,0,Active Urban Shops
4210021,939,92574,302.52941176470586,302.0,328,16.501985503401787,73278,0.6004821723858594,0.7914967245180727,2121750.0,0.0,0.0,0.6004821723858594,503.94444444444446,0.05454671467194836,0.79156134551818,5904,5445.529411764706,305.676732359338,1.0841921057748396,16.451899,78.096513,Wanaparthy,Active,0.07052345147234881,1.2834559358621709,0.24845047012468766,0,0,Active Urban Shops
1672297,536,351252,1147.8823529411766,1159.0,1404,187.8915606747845,278028,0.9124267290211804,0.7926532767994529,9229824.0,1626228.0,5.676845459405415,0.9124267290211804,1258.0555555555557,0.16368538134013202,0.7915342830788152,25272,20661.882352941175,3480.434417611416,1.2231218612278365,17.354561,78.486639,Hyderabad,Active,10.001083362222856,1.2820839258402006,-0.8496975254947665,3,-1,High-Volume Urban Hubs
1504035,537,166968,545.6470588235294,547.0,573,16.837690191746773,132156,0.9159820509178824,0.7913786472493162,3877218.0,0.0,0.0,0.9159820509178824,595.7222222222222,0.03085820755279163,0.7915049590340664,10314,9821.64705882353,311.8952029882134,1.0501293661060802,17.458353,78.128557,Ranga Reddy,Active,1.7847956417574358,0.22075957792174297,0.5103042527112215,0,0,Active Urban Shops
3384200,930,358128,1170.3529411764705,1150.0,1431,133.83064760070005,283446,1.0885366864339452,0.7911734390692654,8061120.0,804438.0,10.892218201596332,1.0885366864339452,1075.1666666666667,0.11435067396521416,0.7914656212303981,25758,21066.352941176472,2479.029874294994,1.222708082026538,17.516789,78.462656,Medchal,Active,8.370744880607663,0.4516315199692059,-0.2303644145965718,3,0,High-Volume Urban Hubs
3384118,930,308898,1009.4705882352941,1001.0,1092,63.41164591011572,244458,1.0425126622842191,0.7904954024672296,6606918.0,689004.0,10.480517185904958,1.0425126622842191,968.3333333333334,0.06281673448353635,0.7913874482838995,19656,18170.470588235294,1174.6140918216001,1.081755142474215,17.503963,78.406733,Medchal,Active,6.232521434354799,-0.22889429417914373,-0.16444943908326384,3,0,High-Volume Urban Hubs
1677825,536,435888,1424.4705882352941,1427.0,1516,55.37070999684287,344952,1.2538741077711202,0.7912013526637521,9897228.0,1455570.0,6.810177731106736,1.2538741077711202,1136.0555555555557,0.03887107986233601,0.7913776015857285,27288,25640.470588235294,1025.666741542243,1.0642550379914106,17.450654,78.405897,Hyderabad,Active,9.871105439691704,-1.5223398800247363,-0.6328261802284398,3,0,High-Volume Urban Hubs
2111109,540,201042,657.0,658.0,677,9.963211017061344,159084,1.0002548419979613,0.7912505484725272,4040766.0,0.0,0.0,1.0002548419979613,656.8333333333334,0.015164704744385606,0.7912973408541499,12186,11826.0,184.55486988968883,1.030441400304414,18.008796,79.544589,Hanumakonda,Active,2.3812041739883405,-0.2414337044237353,0.49040348226444525,0,0,Active Urban Shops
1677750,536,420678,1374.764705882353,1381.0,1524,101.05864323842829,332856,1.106895898456001,0.7903953897378947,9683550.0,1684062.0,5.7544294348745435,1.106895898456001,1242.0,0.07350977429520691,0.7912370031235292,27432,24745.764705882353,1871.973274696108,1.10855333533011,17.425753,78.452235,Hyderabad,Active,10.378872394061037,-0.6638740500697198,-0.9308501595353578,3,0,High-Volume Urban Hubs
1675577,536,220626,721.0,713.0,786,28.946757229409286,174528,0.999812253211376,0.791319153049378,5026158.0,947304.0,5.308340282157644,0.999812253211376,721.1666666666666,0.04014806827934714,0.791058170841152,14148,12978.0,536.1991234606784,1.0901525658807212,17.381577,78.456107,Hyderabad,Active,4.165755087569583,0.08602886554577213,0.2521214936910117,0,0,Active Urban Shops
3201016,929,110142,359.94117647058823,352.0,400,20.4654800263698,87120,0.8927912843840793,0.7900440582884153,2116116.0,0.0,0.0,0.8927912843840793,403.1666666666667,0.056857846126538096,0.7909789181238764,7200,6478.941176470588,379.0950524914949,1.111292694884785,19.076046,79.486382,Manchiryala,Active,0.3624633388920401,1.0219045021873936,1.012356503720569,0,0,Active Urban Shops
1804005,533,169452,553.7647058823529,553.0,563,5.502624954385062,134028,1.0048156826193915,0.7909669425287723,3704868.0,0.0,0.0,1.0048156826193915,551.1111111111111,0.009936756344226264,0.7909496494582536,10134,9967.764705882353,101.92860823375644,1.0166772891438283,18.794235,78.293191,Nizamabad,Active,1.63127659827947,-0.13042278906107674,0.7074937442594639,0,0,Active Urban Shops
2084142,534,340056,1111.2941176470588,1186.0,1252,189.50783131369226,268938,1.2719759523319387,0.7899838713401592,6920856.0,0.0,0.0,1.2719759523319387,873.7222222222222,0.17052896105932505,0.7908638577175524,22536,20003.29411764706,3510.373622648768,1.1266144399745923,18.445618,79.12751,Karimnagar,Active,7.278865451820315,0.9109220701053476,0.7413426936897599,3,-1,High-Volume Urban Hubs
3307004,930,322434,1053.7058823529412,1053.0,1299,98.9907683957427,254988,1.290348216985978,0.7900235818865775,6516468.0,0.0,0.0,1.290348216985978,816.6111111111111,0.09394535045651906,0.7908223078211355,23382,18966.70588235294,1833.668718877059,1.232791827164629,17.516858,78.39421,Medchal,Active,6.1202570609744535,0.14113563818784133,0.7529152566015537,3,0,High-Volume Urban Hubs
1677821,536,393894,1287.235294117647,1318.0,1450,101.54393475076358,311472,1.2644747486420893,0.7900357398921896,8513550.0,1308978.0,6.508234739556994,1.2644747486420893,1018.0,0.07888529409875158,0.7907508111319289,26100,23170.235294117647,1880.9626368369122,1.1264451857606361,17.441471,78.42464,Hyderabad,Active,9.175389749320864,-0.5290648956942497,-0.12694691524188645,3,0,High-Volume Urban Hubs
2382027,539,97452,318.47058823529414,319.0,412,72.20472341150226,77040,0.7125817350469588,0.7858448419536408,1894662.0,0.0,0.0,0.7125817350469588,447.0,0.2267233649788582,0.7905430365718508,7416,5732.470588235294,1337.493837259029,1.2936830439601035,16.870063,79.566803,Nalgonda,Active,0.7284577638826458,3.009352035576896,1.0125819528057416,0,0,Active Urban Shops
2111026,540,260802,852.2941176470588,845.0,1023,114.23105043427226,206172,0.7940634538789376,0.7887786602410709,5365062.0,0.0,0.0,0.7940634538789376,1073.3333333333333,0.13402773534285517,0.7905307474635931,18414,15341.29411764706,2115.974118600753,1.200289875077645,18.018429,79.555174,Hanumakonda,Active,5.12972242639669,1.2639587933769356,-0.29356493152309915,0,0,Active Urban Shops
1678812,536,417672,1364.9411764705883,1363.0,1505,54.5258230649154,330174,1.0710095195783567,0.7904880193163283,9556866.0,1063530.0,9.192147189659385,1.0710095195783567,1274.4444444444443,0.039947379421804936,0.7905102568522668,27090,24568.941176470587,1010.0163656216315,1.1026116186864334,17.446532,78.476232,Hyderabad,Active,9.274585860590188,-1.2318601318406512,-1.0444190109612341,3,0,High-Volume Urban Hubs
1673366,536,250344,818.1176470588235,781.0,1033,101.2397214326322,197892,0.8851439652744028,0.7891432155450211,5652000.0,923940.0,6.363228485042881,0.8851439652744028,924.2777777777778,0.12374714296482221,0.7904802991084268,18594,14726.117647058823,1875.3275008099565,1.2626545872878918,17.357314,78.464183,Hyderabad,Active,5.742992034170312,1.3298390867456735,-0.057332059194749915,3,0,High-Volume Urban Hubs
2111122,540,272736,891.2941176470588,884.0,1054,43.902706493058204,215586,0.988010039371222,0.7903333778923173,5444640.0,0.0,0.0,0.988010039371222,902.1111111111111,0.04925726045287682,0.7904567053854277,18972,16043.29411764706,813.237647055419,1.1825501583949314,18.016557,79.569952,Hanumakonda,Active,4.552273908234687,-0.004028438064693881,0.04783429142584696,0,0,Active Urban Shops
3727030,934,58068,189.76470588235293,162.0,535,116.01592681537845,45882,0.4046636088631992,0.7763277852600019,1430334.0,0.0,0.0,0.4046636088631992,468.94444444444446,0.6113672522819076,0.7901425914445134,9630,3415.764705882353,2149.036514621487,2.8192808431494107,17.683045,77.608837,Sangareddy,Active,1.0042344524305085,9.325491116744358,1.9105315271283307,4,-1,Volatile Portability Hubs
3384124,930,192222,628.1764705882352,631.0,745,41.025081116521534,151866,1.0110185375287601,0.7894505041922716,4031208.0,462474.0,8.904261830806218,1.0110185375287601,621.3333333333334,0.06530821041116829,0.7900552486187845,13410,11307.176470588236,759.9335690780902,1.1859724693323344,17.518588,78.422749,Medchal,Active,3.10910766054429,0.6866224609684864,0.6874426970810217,0,0,Active Urban Shops
4501019,981,33678,110.05882352941177,111.0,134,15.3239276282434,26604,0.8112842660283928,0.7825796803870699,693954.0,0.0,0.0,0.8112842660283928,135.66666666666666,0.1392339763122062,0.7899518973810796,2412,1981.0588235294117,283.85481997586265,1.2175307322287547,18.405502,80.371701,Mulugu,Active,-1.469169733318781,2.313296165696801,1.5866375507763124,1,0,Stable Rural Shops
4206001,939,168426,550.4117647058823,581.0,641,73.19827368848233,133038,1.0642367166963829,0.7897697683195776,3840822.0,0.0,0.0,1.0642367166963829,517.2777777777778,0.13298820697918132,0.7898899219835417,11538,9907.411764705883,1355.897998506134,1.1645826653842042,16.380296,77.941273,Wanaparthy,Active,2.393488143752078,1.3036948727035236,1.2035952909257475,0,0,Active Urban Shops
1585182,537,609588,1992.1176470588234,1964.0,2279,164.3246263805317,481410,1.4570549812683418,0.7895140332188728,12865338.0,1460142.0,8.936736218908058,1.4570549812683418,1367.2222222222222,0.0824874106321691,0.789730112797496,41022,35858.117647058825,3043.8891627807534,1.144008740329534,17.322278,78.576635,Ranga Reddy,Active,14.644366633982075,-1.632951936654905,-0.9541678025032492,3,-1,High-Volume Urban Hubs
3384089,930,425574,1390.764705882353,1395.0,1500,53.43146548934848,336042,1.2769923001616892,0.7894559056849442,8785404.0,752040.0,10.652301550685634,1.2769923001616892,1089.111111111111,0.0384187672173127,0.7896206065220149,27000,25033.764705882353,989.744886916053,1.0785433320644588,17.485044,78.414445,Medchal,Active,8.725941087510595,-1.464563628113392,-0.3304113085573746,3,0,High-Volume Urban Hubs
1678899,536,183384,599.2941176470588,650.0,873,164.06939285010617,144756,0.9215191031162472,0.7975296651292855,3954294.0,259794.0,17.610785346624784,0.9215191031162472,650.3333333333334,0.2737710716972718,0.7893600314095014,15714,10787.29411764706,3039.1613103927593,1.4567137809187278,17.441472,78.461114,Hyderabad,Active,4.175345299991822,3.4515386435576527,1.0867347701295493,0,-1,Active Urban Shops
4111050,938,274842,898.1764705882352,895.0,991,40.30085507729856,216936,1.3964926017303965,0.7890553534788709,5855022.0,0.0,0.0,1.3964926017303965,643.1666666666666,0.04486964020656726,0.7893116772545681,17838,16167.176470588236,746.5182713181001,1.103346650075316,17.336752,77.906689,Vikarabad,Active,4.352136373577422,-0.6135219605075022,1.1985664730408656,0,0,Active Urban Shops
2706045,924,205578,671.8235294117648,677.0,699,19.694758442930045,162234,1.028527099735877,0.7890563122821644,4279248.0,0.0,0.0,1.028527099735877,653.3888888888889,0.029315374619543887,0.7891603187111461,12582,12092.823529411764,364.81848830859,1.0404517993170477,18.794637,78.909779,Jagityal,Active,2.5992170729334876,-0.14348304566143746,0.5646812784437322,0,0,Active Urban Shops
3302123,930,317808,1038.5882352941176,969.0,1400,127.71389795159475,250758,1.2283139438825275,0.7870739995127121,6555978.0,724842.0,11.35047552662446,1.2283139438825275,845.5555555555555,0.12296875085960075,0.7890235613955596,25200,18694.58823529412,2365.725445260488,1.3479836882646126,17.493898,78.505385,Medchal,Active,7.148374393514708,0.9443195017267171,0.623347923343898,3,0,High-Volume Urban Hubs
2357013,539,89100,291.1764705882353,294.0,344,32.98029568648504,70272,0.8646508511674239,0.788466146211591,1872270.0,0.0,0.0,0.8646508511674239,337.1666666666667,0.11326566195358499,0.7886868686868687,6192,5241.176470588235,610.9149117608481,1.1814141414141415,16.694699,78.916192,Nalgonda,Active,0.060721536154592234,1.7441338818147685,1.2259417643283117,0,0,Active Urban Shops
4504043,981,25452,83.17647058823529,83.0,89,3.4907233447559114,20070,1.0663650075414781,0.7860027174104476,455022.0,0.0,0.0,1.0663650075414781,78.0,0.04196767811941336,0.7885431400282885,1602,1497.1764705882354,64.66088007261195,1.07001414427157,18.199742,80.523866,Mulugu,Active,-1.8253511234145183,1.15762486151051,2.0600117547337264,1,0,Stable Rural Shops
3384204,930,336780,1100.5882352941176,1101.0,1223,80.57982739153378,265554,1.0566271845129769,0.7880737611784874,7240878.0,748800.0,10.068021367521368,1.0566271845129769,1041.611111111111,0.07321523600513492,0.7885088188134687,22014,19810.58823529412,1492.631194352088,1.1112239444147514,17.487925,78.456226,Medchal,Active,7.148419682258465,-0.2084560375169323,-0.30727614474309267,3,0,High-Volume Urban Hubs
1671113,536,294858,963.5882352941177,940.0,1150,58.4394353056462,232398,0.858770557882705,0.7877944137677617,6563790.0,816300.0,8.338783664705863,0.858770557882705,1122.0555555555557,0.060647726036016446,0.7881692204383127,20700,17344.58823529412,1082.5106846368496,1.1934558329772296,17.363081,78.519785,Hyderabad,Active,6.328981958813923,0.16413086561118875,-0.6840366808441263,3,0,High-Volume Urban Hubs
2110002,540,143226,468.05882352941177,469.0,487,9.628669822244657,112878,0.9152787241022534,0.7879627824482148,2925738.0,0.0,0.0,0.9152787241022534,511.3888888888889,0.020571495158748166,0.788111097147166,8766,8425.058823529413,178.35795138857534,1.0404675128817393,18.072484,79.524484,Hanumakonda,Active,1.0403786380232323,0.29738502225437774,0.6923056550574331,0,0,Active Urban Shops
4206028,939,151236,494.2352941176471,501.0,590,56.66279488351748,119178,1.0242785996870163,0.7873948412678344,3350196.0,0.0,0.0,1.0242785996870163,482.55555555555554,0.1146474069292784,0.7880266603189717,10620,8896.235294117647,1049.6008485021678,1.1937633896691264,16.38237,77.940446,Wanaparthy,Active,1.803197974531576,1.3186409563809092,1.2010261740568386,0,0,Active Urban Shops
1585667,537,351414,1148.4117647058824,1140.0,1386,84.13693206046767,276894,1.2811538814475996,0.7872963157374416,7411824.0,778086.0,9.967837939356674,1.2811538814475996,896.3888888888889,0.07326373226594018,0.7879424268811146,24948,20671.41176470588,1558.521697748525,1.206884187880961,17.343478,78.5403,Ranga Reddy,Active,7.499819107357224,-0.27355783529437266,0.3233820253019533,3,0,High-Volume Urban Hubs
1672202,536,250110,817.3529411764706,813.0,966,62.29316943722035,197046,0.8878076916921244,0.78777066189171,5746446.0,1094292.0,5.254307721747962,0.8878076916921244,920.7777777777778,0.07621330553672155,0.7878373515653113,17388,14712.35294117647,1153.8958435002091,1.1818639798488666,17.371046,78.488057,Hyderabad,Active,5.529400684163655,0.5905748652892714,-0.2450826020238324,3,0,High-Volume Urban Hubs
1539003,537,298152,974.3529411764706,990.0,1065,53.94635715539566,234846,1.5271989673612392,0.7871814724243007,6480630.0,0.0,0.0,1.5271989673612392,638.0,0.05536634095880984,0.7876720598889158,19170,17538.352941176472,999.2825514573243,1.0930330837961844,17.06848,78.211011,Ranga Reddy,Active,5.006376199518881,-0.7833942086898327,1.4180697037720682,0,0,Active Urban Shops
4603005,982,69462,227.0,244.0,296,65.39183284844287,54702,0.908443887351362,0.7754870814612461,1468476.0,0.0,0.0,0.908443887351362,249.94444444444446,0.2880697482310259,0.787509717543405,5328,4086.0,1211.2943490332975,1.303964757709251,16.988707,77.717523,Narayanpet,Active,-0.015385345242639415,3.3261665314687754,1.8785959550010434,0,0,Active Urban Shops
1784015,535,174330,569.7058823529412,582.0,616,50.2615953316691,137286,1.1057215124348656,0.7870193575492007,3737826.0,0.0,0.0,1.1057215124348656,515.2777777777778,0.08822376052022453,0.7875064532782654,11088,10254.70588235294,931.0273737051104,1.0812596799173981,18.062709,78.2763,Medak,Active,2.172397884197011,0.6488614276217973,1.1626315740120565,0,0,Active Urban Shops
1887015,533,74772,244.35294117647058,245.0,254,6.792928423516625,58878,0.9590851893224996,0.7874530529435101,1502046.0,0.0,0.0,0.9590851893224996,254.77777777777777,0.02779965893109837,0.7874337987481945,4572,4398.35294117647,125.82971686791167,1.039480019258546,18.969816,78.354473,Nizamabad,Active,-0.6454104192128297,0.7823734492890682,1.3628211012948013,0,0,Active Urban Shops
3727031,934,217602,711.1176470588235,728.0,774,52.072577494344635,171342,1.4662219526986051,0.7874480728480379,4851324.0,0.0,0.0,1.4662219526986051,485.0,0.07322638906475794,0.7874100421871123,13932,12800.117647058823,964.5733436572452,1.0884274960708082,17.681409,77.610318,Sangareddy,Active,3.1802869628134705,-0.08287551063516613,1.8253736328952992,0,0,Active Urban Shops
1585243,537,215928,705.6470588235294,705.0,784,45.636406316504036,170010,0.7554209881840418,0.7865624605498793,4440654.0,367020.0,12.662644367053332,0.7554209881840418,934.1111111111111,0.06467313332615611,0.7873457819273091,14112,12701.64705882353,845.3520672755569,1.1110370123374458,17.362196,78.536085,Ranga Reddy,Active,3.7406037723150005,0.5856695039612798,-0.3291043626820746,0,0,Active Urban Shops
3384138,930,274698,897.7058823529412,892.0,1003,54.119828474755344,216270,0.8082994024615545,0.787087481779921,6034194.0,724338.0,7.608570745423065,0.8082994024615545,1110.611111111111,0.060286815023317,0.7873009632396304,18054,16158.70588235294,1002.4958706090692,1.1172924447939192,17.50922,78.429706,Medchal,Active,5.662068124634807,0.15680654118800633,-0.711180827952831,3,0,High-Volume Urban Hubs
3302205,930,194382,635.2352941176471,623.0,797,51.987106182759135,153018,0.7491045234367049,0.7865722208080023,3857058.0,497124.0,7.035101121618914,0.7491045234367049,848.0,0.08183913372598438,0.7872025187517363,14346,11434.235294117647,962.9901044021535,1.2546532086304287,17.478173,78.543053,Medchal,Active,3.4737952784966812,1.2193571232601008,-0.07935118554888923,0,0,Active Urban Shops
1673320,536,247158,807.7058823529412,867.0,1047,205.92594187973256,194562,0.8913446173358963,0.7940889598657548,5720328.0,1090530.0,5.189773102380522,0.8913446173358963,906.1666666666666,0.25495164314000823,0.7871968538343893,18846,14538.70588235294,3814.4966864041494,1.296263928337339,17.368638,78.456689,Hyderabad,Active,6.936628747859257,2.9114733109038187,0.26399251488513936,3,0,High-Volume Urban Hubs
3003018,927,108180,353.52941176470586,358.0,378,16.573357574498612,85158,0.8656749156758474,0.7873527926986227,2084040.0,0.0,0.0,0.8656749156758474,408.3888888888889,0.046879713605070955,0.7871880199667222,6804,6363.529411764706,306.9988024502413,1.0692179700499167,17.668493,80.892134,Bhadrdri Kothagudem,Active,0.26855228760688865,0.8737487022248979,0.8994778045015862,0,0,Active Urban Shops
1676650,536,240336,785.4117647058823,798.0,854,30.377413829586644,189144,1.3784284977229238,0.7867792433507824,5178186.0,861174.0,6.082155706190665,1.3784284977229238,569.8888888888889,0.038677054756064484,0.7869982025164769,15372,14137.411764705883,562.7000820623194,1.0873277411623727,17.406311,78.509613,Hyderabad,Active,4.383347077211316,-0.4103823943126645,1.2250580936057536,0,0,Active Urban Shops
1881069,533,251820,822.9411764705883,825.0,839,11.251075165595164,198180,0.9838566952374558,0.7869029649881747,5194782.0,0.0,0.0,0.9838566952374558,836.4444444444445,0.013671785404940514,0.7869907076483202,15102,14812.941176470587,208.41079344297268,1.0195139385275198,18.66272,78.096946,Nizamabad,Active,3.6108422529324664,-0.63982625499264,0.03038794790640735,0,0,Active Urban Shops
1981024,532,213894,699.0,712.0,732,29.496095879474392,168318,0.9533277430286248,0.7864433151108373,4385304.0,0.0,0.0,0.9533277430286248,733.2222222222222,0.04219756205933389,0.7869224943196163,13176,12582.0,546.3748713108974,1.0472103004291846,19.66962,78.52416,Adilabad,Active,2.923117944361307,0.01653154161804382,0.3037821233363438,0,0,Active Urban Shops
1672292,536,391194,1278.4117647058824,1290.0,1512,114.73021980519229,307818,1.0634282784119993,0.7859822168458588,9378846.0,1533222.0,6.128877599817303,1.0634282784119993,1202.1666666666667,0.08974433979148157,0.7868678967468826,27216,23011.41176470588,2125.2205491084787,1.1827175263424285,17.338252,78.473406,Hyderabad,Active,9.85584986354974,-0.13956944105506291,-0.8065206746899499,3,0,High-Volume Urban Hubs
1678810,536,196236,641.2941176470588,630.0,899,114.74704224070176,154404,0.5003379606455091,0.7871919779024757,4489560.0,773712.0,5.81233993885735,0.5003379606455091,1281.7222222222222,0.17893044561474317,0.7868281049348743,16182,11543.29411764706,2125.532161739322,1.401852871032838,17.446746,78.477744,Hyderabad,Active,5.067226337766728,2.6356862849624965,-0.8463396628742212,3,0,High-Volume Urban Hubs
2357053,539,78084,255.1764705882353,271.0,334,66.9104728647005,61434,0.6873280860011516,0.7872995317835468,1507536.0,0.0,0.0,0.6873280860011516,371.3888888888889,0.26221254926231174,0.7867680958967266,6012,4593.176470588235,1239.4250801931373,1.3088981097279853,16.649971,78.860678,Nalgonda,Active,0.2244445148851896,3.367808359238924,1.1642686045809594,0,0,Active Urban Shops
3810035,935,77958,254.76470588235293,250.0,360,35.80361090057495,61326,0.5242072137496975,0.7876669018457605,1643598.0,0.0,0.0,0.5242072137496975,486.0,0.14053599291382457,0.7866543523435696,6480,4585.764705882353,663.2129681908146,1.4130685753867467,17.849745,78.681237,Siddipet,Active,0.036627749198060826,2.800587296401263,0.48535537671385304,0,0,Active Urban Shops
3384084,930,103410,337.94117647058823,338.0,456,48.926071402409534,81342,0.6973603622631162,0.7869483923569348,2161260.0,237600.0,10.65922703314623,0.6973603622631162,484.6111111111111,0.14477688665639027,0.7865970409051349,8208,6082.941176470588,906.2886178384507,1.3493472584856396,17.465645,78.462469,Medchal,Active,0.9736807525863741,2.4677517775912046,0.7323543130266352,0,0,Active Urban Shops
3612061,933,86148,281.52941176470586,282.0,311,21.41703284879319,67752,0.9132453349235908,0.7865670804074444,1613556.0,0.0,0.0,0.9132453349235908,308.27777777777777,0.07607387347043132,0.7864605098203092,5598,5067.529411764706,396.7212682802401,1.1046803175929794,18.755521,79.506043,Peddapalli,Active,-0.21626060198715713,1.2735368539942649,1.283484555611926,0,0,Active Urban Shops
1674443,536,88002,287.5882352941176,236.0,624,144.07008901802794,69210,0.2633591898297781,0.7762441884361866,1931130.0,383400.0,5.068091576221742,0.2633591898297781,1092.0,0.5009596059125537,0.7864593986500307,11232,5176.588235294118,2668.701534895377,2.169768868889343,17.382638,78.477615,Hyderabad,Active,2.7261224410819627,7.32544761318169,0.33818344551812013,4,-1,Volatile Portability Hubs
3513027,932,256698,838.8823529411765,847.0,949,77.72477219104879,201852,1.1571982362352278,0.7861107412709513,5289426.0,22734.0,9.792618481794621,1.1571982362352278,728.0,0.0926527681963277,0.7863403688380899,17082,15099.882352941177,1439.7451980451672,1.1312670920692798,19.08373,78.339533,Nirmal,Active,4.38502296830479,0.35714611884457614,0.7598653268607137,0,0,Active Urban Shops
1481047,538,143622,469.3529411764706,471.0,519,28.286698626562536,112932,0.5818408394786408,0.7859123601155227,2934450.0,84870.0,33.2873850660241,0.5818408394786408,807.2777777777778,0.06026743660252702,0.7863140744454192,9342,8448.35294117647,523.9724397781421,1.1057776663742325,16.756889,77.992859,Mahbubnagar,Active,1.6601017525144257,1.0877834581654504,-0.2764826862652568,0,0,Active Urban Shops
1677829,536,376578,1230.6470588235295,1246.0,1350,82.72565527393209,296082,0.9849555607885,0.7865712429004849,8053524.0,1456812.0,5.5293717945906025,0.9849555607885,1249.4444444444443,0.0672212676094281,0.7862434874049997,24300,22151.647058823528,1532.379723713107,1.0969838917833756,17.425908,78.452311,Hyderabad,Active,8.912950131720644,-0.4331624977310043,-0.9792293693284672,3,0,High-Volume Urban Hubs
2281034,541,35514,116.05882352941177,111.0,153,21.50325489479198,27918,1.0255935605856625,0.7832959807542802,704502.0,0.0,0.0,1.0255935605856625,113.16666666666667,0.1852789321903009,0.786112519006589,2754,2089.0588235294117,398.3184138644978,1.318297009630005,17.242764,80.144319,Khammam,Active,-1.2985393482245222,2.6030736255766627,2.267718748014016,1,0,Stable Rural Shops
2155003,540,153072,500.2352941176471,498.0,530,8.856424698364519,120276,0.976984380380911,0.7856789066714418,2932146.0,0.0,0.0,0.976984380380911,512.0555555555555,0.01770451785891308,0.7857478833490122,9540,9004.235294117647,164.05316570084992,1.0595014111006584,17.969844,79.494471,Hanumakonda,Active,1.2161900179894802,0.19862538152291642,0.8082835319993468,0,0,Active Urban Shops
3727018,934,15858,440.5,440.5,487,47.15960741385123,12456,0.7607944732297064,0.784386433045998,376002.0,0.0,0.0,0.7607944732297064,579.0,0.10705926768184161,0.7854710556186152,8766,7929.0,1183.6967517062806,1.1055618615209988,17.68072,77.65282,Sangareddy,Active,0.4055544568856397,1.5545277164101663,0.6186495129801017,0,-1,Active Urban Shops
1675576,536,200052,653.7647058823529,657.0,676,14.464321149181341,157122,1.2193331199508297,0.7854178152970006,4886280.0,884142.0,5.562021037658862,1.2193331199508297,536.1666666666666,0.02212465894692125,0.7854057944934317,12168,11767.764705882353,267.9317845580673,1.0340111570991541,17.383363,78.454815,Hyderabad,Active,3.4030771449457897,-0.33374481173065823,0.9620232621148332,0,0,Active Urban Shops
1677770,536,247824,809.8823529411765,1117.0,1284,425.8762529598256,194634,0.9234690455429606,0.8350863559950616,5077980.0,839376.0,5.8096276738722405,0.9234690455429606,877.0,0.5258495279137881,0.7853718768158048,23112,14577.882352941177,7888.77564868555,1.5854154561301568,17.43246,78.441802,Hyderabad,Active,9.151833942831722,6.5814784536253645,1.15330585086031,3,-1,High-Volume Urban Hubs
4107017,938,194040,634.1176470588235,623.0,818,69.5415376451519,152388,1.3273192049926692,0.7843650036175878,4413312.0,0.0,0.0,1.3273192049926692,538.6666666666666,0.10966661780775347,0.7853432282003711,14724,11414.117647058823,1288.161960040009,1.2899814471243043,17.177928,77.878661,Vikarabad,Active,3.039518831473339,0.9489875132407724,1.7205310123682336,0,0,Active Urban Shops
3302064,930,387702,1267.0,1272.0,1317,39.10691524106874,304434,1.6711959403661825,0.785125540357002,7714746.0,627768.0,11.046339918017734,1.6711959403661825,758.1666666666666,0.030865757885610686,0.7852267979014811,23706,22806.0,724.4021673076356,1.0394632991318074,17.481328,78.575313,Medchal,Active,7.305842751166016,-1.7651799110195405,1.1023745177244881,3,-1,High-Volume Urban Hubs
3307009,930,157158,513.5882352941177,523.0,623,73.16440318846853,123390,1.096708597097372,0.7847433945624743,3281562.0,0.0,0.0,1.096708597097372,468.44444444444446,0.14245731923078284,0.7851334325964953,11214,9244.588235294117,1355.270593775627,1.213034016722025,17.514734,78.37693,Medchal,Active,2.0555100582990082,1.5386807140638068,1.4414575002687793,0,0,Active Urban Shops
2111036,540,199494,651.9411764705883,668.0,691,63.998384743358336,156618,0.9054050534549789,0.7856294050487539,4052592.0,0.0,0.0,0.9054050534549789,720.0555555555555,0.09816588835487608,0.7850762428945232,12438,11734.941176470587,1185.4826269598088,1.0599115762880087,18.011843,79.568012,Hanumakonda,Active,2.9222868105049637,0.7687088381580357,0.40462429706220465,0,0,Active Urban Shops
1804002,533,133884,437.52941176470586,437.0,457,6.768353383334609,105102,0.9309136420525657,0.7849899508953048,2958858.0,0.0,0.0,0.9309136420525657,470.0,0.015469482053870443,0.7850228556063458,8226,7875.529411764706,125.37449782903337,1.044501210002689,18.795141,78.284615,Nizamabad,Active,0.8182829044270062,0.2866243177471242,0.7840268358612982,0,0,Active Urban Shops
3717046,934,235494,769.5882352941177,770.0,840,37.877374086587345,184860,1.3819426030619164,0.7847540260840359,5508162.0,0.0,0.0,1.3819426030619164,556.8888888888889,0.049217714551095686,0.7849881525643966,15120,13852.588235294117,701.6265975238832,1.0914927768860354,18.033496,77.77577,Sangareddy,Active,3.4993876306836524,-0.38630810817973615,1.396973609288396,0,0,Active Urban Shops
3384058,930,127890,417.94117647058823,417.0,541,42.556228616046475,100386,0.7422751062681843,0.7836436172904422,2732472.0,414864.0,6.754547516717032,0.7422751062681843,563.0555555555555,0.10182348859574808,0.7849401829697397,9738,7522.941176470588,788.2959842746435,1.2944405348346235,17.457725,78.45249,Medchal,Active,1.672841384135347,1.8341141573949695,0.5129633766722146,0,0,Active Urban Shops
3702010,934,537462,1756.4117647058824,1795.0,1900,122.76505774087956,421848,1.5871219354577524,0.7845749115925267,11449548.0,0.0,0.0,1.5871219354577524,1106.6666666666667,0.06989537431243352,0.7848889781975283,34200,31615.41176470588,2274.0549426856305,1.08175089587729,17.517439,78.299541,Sangareddy,Active,10.969268464332893,-1.9475587017594884,0.05202864614907889,3,-1,High-Volume Urban Hubs
1481006,538,103338,337.70588235294116,341.0,364,13.646536750563277,81108,1.1725898692810457,0.7843435665816199,2237814.0,44100.0,33.09537254901961,1.1725898692810457,288.0,0.040409532269565535,0.7848806828078732,6552,6078.705882352941,252.78344603283543,1.0778609998258142,16.743738,77.985642,Mahbubnagar,Active,0.2367906242806804,0.5738540954416282,1.7476182807829481,0,0,Active Urban Shops
3302177,930,28782,94.05882352941177,94.0,125,11.489830311131316,22590,0.1440044815782362,0.7835935636545546,615672.0,87876.0,6.235542197819854,0.1440044815782362,653.1666666666666,0.12215579442728729,0.7848655409631019,2250,1693.0588235294117,212.83340626774134,1.3289555972482803,17.44749,78.528198,Medchal,Active,-1.0583363834018475,3.017492377540436,-0.4485012903951481,0,0,Active Urban Shops
1673349,536,140148,458.0,451.0,550,41.33715829296567,109980,0.6979278790269701,0.78442457605731,3337524.0,645912.0,5.190543500160026,0.6979278790269701,656.3888888888889,0.09025580413311281,0.7847418443359877,9900,8244.0,765.71437233475,1.2008733624454149,17.362038,78.464608,Hyderabad,Active,2.244542389510356,1.5041738980389923,0.14782272147807973,0,0,Active Urban Shops
3810042,935,133776,437.1764705882353,425.0,516,46.7975223734045,104976,0.6959587546194805,0.7839246288860889,2777562.0,0.0,0.0,0.6959587546194805,628.1666666666666,0.10704492469696938,0.7847147470398278,9288,7869.176470588235,866.8601556259028,1.1803013993541442,17.848341,78.686458,Siddipet,Active,1.3531547551784529,1.613899382317824,0.34687766060303216,0,0,Active Urban Shops
1676646,536,213894,699.0,714.0,780,75.03048560746366,167832,0.9004549562444264,0.7831835105643316,4455558.0,766800.0,5.837524359989222,0.9004549562444264,776.2777777777778,0.10733975051139294,0.7846503408230245,14040,12582.0,1389.8372206844945,1.1158798283261802,17.410886,78.509228,Hyderabad,Active,4.246451402316034,0.9905233492830405,0.20227100420145958,0,0,Active Urban Shops
2084156,534,252468,825.0588235294117,828.0,1030,99.36785344838263,198090,0.913834645309692,0.7837691088087275,5214240.0,0.0,0.0,0.913834645309692,902.8888888888889,0.12043729563827926,0.784614287751319,18540,14851.058823529413,1840.6537042104173,1.2483958363040069,18.431795,79.109029,Karimnagar,Active,4.7110428616671465,1.128370318695726,0.14650563809649714,0,0,Active Urban Shops
3614001,933,151650,495.5882352941176,497.0,505,5.6249204430246635,118890,0.955424376800725,0.7839948293957301,3043008.0,0.0,0.0,0.955424376800725,518.7222222222222,0.011349987837557186,0.7839762611275964,9090,8920.588235294117,104.19396505048255,1.0189910979228487,18.527122,79.316926,Peddapalli,Active,1.1558933384773047,0.06826094938245733,0.7121733048407818,0,0,Active Urban Shops
3384034,930,272214,889.5882352941177,936.0,998,108.00112503432028,213408,1.118718965090904,0.7860446290641743,5960322.0,458460.0,12.108813878150317,1.118718965090904,795.2222222222222,0.12140574790606656,0.7839714342392382,17964,16012.588235294117,2000.573263430495,1.1218673543609072,17.46886,78.418804,Medchal,Active,5.585364880644394,0.6503331656496265,0.5055049190843396,3,0,High-Volume Urban Hubs
3302232,930,463356,1514.235294117647,1570.0,1648,181.6629833981771,363204,1.5858810627878674,0.784780377918768,9334962.0,813924.0,12.02285722974032,1.5858810627878674,954.8333333333334,0.1199701156774536,0.7838551783078238,29664,27256.235294117647,3365.0585345839786,1.0883381244658534,,,Medchal,Active,10.592969044540867,-0.5441178364112712,0.6132356151323317,3,-1,High-Volume Urban Hubs
1882567,533,219960,718.8235294117648,725.0,792,41.699961496551616,172404,1.3239359292087125,0.7839091831094623,5027904.0,0.0,0.0,1.3239359292087125,542.9444444444445,0.05801140306394251,0.7837970540098199,14256,12938.823529411764,772.434805929772,1.1018003273322423,18.654222,77.89137,Nizamabad,Active,3.1724136253486446,-0.11337077391846065,1.3723974841387867,0,0,Active Urban Shops
1881012,533,364158,1190.0588235294117,1188.0,1282,30.195045797986808,285372,0.9810872411619223,0.7836319401539396,7557930.0,0.0,0.0,0.9810872411619223,1213.0,0.02537273385229478,0.7836488557164747,23076,21421.058823529413,559.3219634732114,1.077257673866838,18.664355,78.097957,Nizamabad,Active,6.5381501044067685,-1.1561340073282602,-0.7999099732606839,3,0,High-Volume Urban Hubs
2918005,926,101790,332.6470588235294,332.0,342,5.880192467280829,79758,1.0354006767166088,0.7828385239848117,2144952.0,0.0,0.0,1.0354006767166088,321.27777777777777,0.017676971166007797,0.7835543766578249,6156,5987.64705882353,108.92253048409613,1.0281167108753315,18.259081,78.333563,Kamareddy,Active,-0.016141170751106305,0.40520896148109625,1.3281035166430326,0,0,Active Urban Shops
3302228,930,303372,991.4117647058823,939.0,1254,113.7616449473981,237708,1.041830465371134,0.7821716214120888,6291108.0,670284.0,10.965597703152737,1.041830465371134,951.6111111111111,0.11474712021512802,0.7835528657885369,22572,17845.41176470588,2107.279023374205,1.264862940548238,17.370669,78.569333,Medchal,Active,6.641683187642214,0.8645333266574717,0.09156272519377291,3,0,High-Volume Urban Hubs
1673400,536,303588,992.1176470588235,997.0,1106,44.01965897283707,237852,0.7944718677003422,0.7833707146965103,7920612.0,1456974.0,5.435792507126935,0.7944718677003422,1248.7777777777778,0.04436939419768945,0.7834697023597771,19908,17858.117647058825,815.4040319339351,1.1147871457369856,17.35398,78.457568,Hyderabad,Active,7.316558268169648,-0.27141427265430335,-1.2430960993818485,3,0,High-Volume Urban Hubs
3302026,930,436932,1427.8823529411766,1404.0,1675,103.44314609700128,342288,0.975913657296425,0.7828471192327959,9015192.0,997830.0,11.876779784149836,0.975913657296425,1463.1666666666667,0.07244514639733961,0.7833896350004119,30150,25701.882352941175,1916.1429318540195,1.1730658317541403,17.41739,78.56418,Medchal,Active,10.113239087430454,-0.5599852057772298,-1.3443164242799768,3,0,High-Volume Urban Hubs
4213002,939,148374,484.88235294117646,474.0,565,40.121281900392496,116226,0.8080652763472594,0.7830557869842731,3378276.0,0.0,0.0,0.8080652763472594,610.9444444444445,0.08274436398236958,0.7833313114157467,10170,8727.882352941177,743.1919235931709,1.165231105180153,16.367801,78.068148,Wanaparthy,Active,1.6419217326896791,1.1572610971075274,0.48766456609039344,0,0,Active Urban Shops
1674419,536,143766,469.8235294117647,466.0,597,59.16225177184791,112608,0.4838276789032622,0.7830098932564022,3118320.0,443376.0,7.083125918271301,0.4838276789032622,971.0555555555555,0.1259244121849774,0.7832728183297859,10746,8456.823529411764,1095.8998719827305,1.2706898710404408,17.386997,78.492456,Hyderabad,Active,2.59182840494502,2.0866319589962363,-0.5022456226279141,0,0,Active Urban Shops
1673374,536,329868,1078.0,1074.0,1169,31.780600330658274,258354,0.8621855937214428,0.7831121130029903,8434836.0,1521990.0,5.542712604207683,0.8621855937214428,1250.3333333333333,0.029481076373523447,0.7832041907672159,21042,19404.0,588.6921946144689,1.0844155844155845,17.350984,78.456325,Hyderabad,Active,7.768142488075123,-0.7325049776208972,-1.2614848986462357,3,0,High-Volume Urban Hubs
3302144,930,412182,1347.0,1333.0,1597,121.27827370197483,322812,1.2066901618605168,0.7822152820958347,8529030.0,728460.0,10.703007653376542,1.2066901618605168,1116.2777777777778,0.0900358379376205,0.7831783047294641,28746,24246.0,2246.514299976744,1.1855976243504083,17.519329,78.502129,Medchal,Active,9.166405093911727,-0.3155905985305249,-0.2780979082890669,3,0,High-Volume Urban Hubs
2111107,540,187668,613.2941176470588,613.0,634,9.268230490876642,146970,0.9257358271289929,0.7832607900281716,3750966.0,0.0,0.0,0.9257358271289929,662.5,0.015112211619499608,0.783138308075964,11412,11039.29411764706,171.68130529628243,1.0337617494724727,18.007199,79.574476,Hanumakonda,Active,2.06936450216588,-0.09186881282698116,0.35886874255818696,0,0,Active Urban Shops
2084158,534,385488,1259.764705882353,1261.0,1411,60.99844284020382,301878,1.3895835687118294,0.782959494486102,7733250.0,0.0,0.0,1.3895835687118294,906.7777777777778,0.04842050468264218,0.7831060889054913,25398,22675.764705882353,1129.912802465956,1.1200504295853568,18.440536,79.106881,Karimnagar,Active,7.0034653268234255,-1.1671411899615363,0.44860880471785464,3,0,High-Volume Urban Hubs
1678825,536,171522,560.5294117647059,463.0,907,229.4557797699086,134316,0.5604053459365154,0.8026614189184519,3747816.0,745866.0,5.078427763372532,0.5604053459365154,1000.2222222222222,0.40935546815914015,0.7830832196452933,16326,10089.529411764706,4250.354781039564,1.6181131283450518,17.426343,78.49709,Hyderabad,Active,5.276831772805182,5.528593694752933,0.3300627960696236,4,-1,Volatile Portability Hubs
1981020,532,180144,588.7058823529412,621.0,683,89.43347247016277,141066,1.07482714392055,0.7815273425276177,3869640.0,0.0,0.0,1.07482714392055,547.7222222222222,0.15191537090255466,0.7830735411670664,12294,10596.70588235294,1656.632871395541,1.1601718625099922,19.675992,78.537814,Adilabad,Active,2.7546435956935067,1.431779137635279,1.1951476006272836,0,0,Active Urban Shops
3310002,930,363240,1187.0588235294117,1170.0,1385,94.84995815093616,284436,1.4179082357251613,0.7824761366728538,7853616.0,0.0,0.0,1.4179082357251613,839.1666666666666,0.07990333441852898,0.7830525272547076,24930,21367.058823529413,1756.9658672904072,1.166749256689792,17.469689,78.642125,Medchal,Active,6.93196117076267,-0.5474662268333618,0.7600377775491224,3,0,High-Volume Urban Hubs
1890018,533,135036,441.29411764705884,448.0,467,26.40662667774111,105732,0.9174513880396234,0.783541017677233,2906820.0,0.0,0.0,0.9174513880396234,481.0,0.059839063385976915,0.782991202346041,8406,7943.294117647059,489.1466759451967,1.0582511330311917,18.683951,78.097024,Nizamabad,Active,1.0348631267839628,0.7188311145450664,0.8369153453782917,0,0,Active Urban Shops
3384203,930,463320,1514.1176470588234,1537.0,1792,118.77599476940574,362772,1.6040565731978385,0.7829004073057593,9404172.0,925074.0,13.345503766131301,1.6040565731978385,944.0,0.07844568419113822,0.782983682983683,32256,27254.117647058825,2200.1630019828344,1.1835275835275834,17.5479,78.44123,Medchal,Active,10.314503985058519,-1.0878833538618604,0.5248063606739164,3,0,High-Volume Urban Hubs
1676660,536,262404,857.5294117647059,865.0,975,58.015832641011755,205416,1.1696732125748943,0.7830952135888197,5517144.0,949104.0,5.8226910359195285,1.1696732125748943,733.1666666666666,0.06765462717088763,0.7828234325696255,17550,15435.529411764706,1074.6640241051534,1.1369872410481547,17.40047,78.501246,Hyderabad,Active,5.307512102734487,0.10856940356677175,0.5487108230754586,3,0,High-Volume Urban Hubs
4018043,937,135756,443.6470588235294,399.0,634,105.27207345890702,106272,0.6428125677723664,0.7738517553882108,2653146.0,0.0,0.0,0.6428125677723664,690.1666666666666,0.2372878876692415,0.7828162291169452,11412,7985.64705882353,1950.0213121007316,1.4290639087775125,17.132504,79.614602,Suryapet,Active,2.085710773711233,3.3559543609282323,0.56409246530061,0,0,Active Urban Shops
1672223,536,291816,953.6470588235294,951.0,1063,69.30781618810207,228420,0.9602822736897896,0.7824300578302495,7358238.0,1259100.0,5.854058506934669,0.9602822736897896,993.1111111111111,0.07267658988389682,0.7827535159141377,19134,17165.647058823528,1283.8325894161817,1.114668147051567,17.361873,78.478287,Hyderabad,Active,6.761698471074013,0.07154509326686741,-0.43692346929138454,3,0,High-Volume Urban Hubs
3724048,934,245358,801.8235294117648,817.0,869,66.10117606622802,192042,1.3442377700143726,0.7825003221515024,5215014.0,0.0,0.0,1.3442377700143726,596.5555555555555,0.08243855866230476,0.7827011958036828,15642,14432.823529411764,1224.4339628627442,1.0837796199838603,17.611444,78.086294,Sangareddy,Active,3.892564934681121,-0.0036393182880554375,1.3278580328153013,0,0,Active Urban Shops
3727009,934,162792,532.0,524.0,641,45.57566218505818,127404,0.9204152249134947,0.7815820885396287,4003416.0,0.0,0.0,0.9204152249134947,578.0,0.08566853794183868,0.7826183104820875,11538,9576.0,844.2268652441711,1.2048872180451127,17.6769,77.617754,Sangareddy,Active,2.070048185598696,1.0621270119585564,0.722254220242047,0,0,Active Urban Shops
1882520,533,99612,325.52941176470586,331.0,370,23.79283783225239,77958,1.00783099617556,0.7828665175876202,2456478.0,0.0,0.0,1.00783099617556,323.0,0.07308967169286061,0.7826165522226238,6660,5859.529411764706,440.729809186856,1.1366100469822913,18.662422,77.905518,Nizamabad,Active,0.24226256184386083,1.0914459671627308,1.4073672008088438,0,0,Active Urban Shops
3302108,930,197010,643.8235294117648,632.0,851,129.04619163578255,154170,0.7738411404554014,0.7835882783137248,4183452.0,179460.0,18.350586057084808,0.7738411404554014,832.0,0.20043720948454116,0.782549109182275,15318,11588.823529411764,2390.4043652511523,1.3217907720420283,17.500508,78.584757,Medchal,Active,3.9991966370350234,2.5201583093488127,0.314824286790355,0,0,Active Urban Shops
1673395,536,311886,1019.2352941176471,994.0,1166,82.0815080475245,244062,0.8167391617436245,0.7825432115052864,8121510.0,1430784.0,5.677551085822645,0.8167391617436245,1247.9444444444443,0.08053244282379618,0.7825359265885612,20988,18346.235294117647,1520.4477765370532,1.1439949212212155,17.347476,78.453052,Hyderabad,Active,7.7971993476860755,0.21535647326141566,-1.1039724206829016,3,0,High-Volume Urban Hubs
3302032,930,239814,783.7058823529412,759.0,1166,118.68845469025152,187650,0.6601503891837754,0.7801197900509141,4829076.0,466200.0,17.35171791533936,0.6601503891837754,1187.1666666666667,0.15144514972110454,0.7824814231029048,20988,14106.70588235294,2198.5414416353933,1.4878030473617054,17.392193,78.542081,Medchal,Active,5.594462494966193,2.266366859815511,-0.5447874620512029,3,-1,High-Volume Urban Hubs
3903029,936,51948,169.76470588235293,171.0,180,7.593582023393056,40644,1.0165551250440297,0.7820369567403886,986076.0,0.0,0.0,1.0165551250440297,167.0,0.04473003963883644,0.7823977823977823,3240,3055.764705882353,140.66073075478664,1.0602910602910602,18.387936,78.570915,Rajanna Siricilla,Active,-1.1832315440957428,1.0320989886530376,1.7271914095089516,1,0,Stable Rural Shops
2084102,534,218340,713.5294117647059,688.0,914,144.24655844738587,170820,1.2083156082306512,0.779582279176566,4591440.0,0.0,0.0,1.2083156082306512,591.0555555555555,0.20215923277869413,0.7823577906018137,16452,12843.529411764706,2671.970389938085,1.2809563066776586,18.431745,79.138398,Karimnagar,Active,4.13245760759953,2.009880044844776,1.5114384882562855,0,0,Active Urban Shops
4005035,937,82116,268.3529411764706,255.0,413,62.445514148117624,64224,0.622598138687971,0.7773110683487254,1462014.0,0.0,0.0,0.622598138687971,431.05555555555554,0.2326991978338447,0.7821131082858396,7434,4830.35294117647,1156.7178210985853,1.539017974572556,16.895772,79.86649,Suryapet,Active,0.3403822111350484,3.6884308723897257,1.0073657264292737,0,0,Active Urban Shops
1673377,536,464868,1519.1764705882354,1541.0,1630,118.09549443229119,363510,1.2664540315254937,0.781899896620122,11172420.0,1839744.0,6.120747943543062,1.2664540315254937,1199.5555555555557,0.0777365215422036,0.7819639123364052,29340,27345.176470588234,2187.5576631055387,1.0729497405715172,17.362546,78.438652,Hyderabad,Active,11.593566458365807,-1.0678172917444382,-0.7831348857774176,3,0,High-Volume Urban Hubs
2706048,924,141804,463.4117647058824,463.0,475,5.99073537374384,110862,0.9158754052802223,0.7817585931674179,2927934.0,0.0,0.0,0.9158754052802223,506.0,0.012927456378985184,0.7817974105102818,8550,8341.411764705883,110.97018677528284,1.0250063467885249,18.798053,78.91569,Jagityal,Active,0.9493720939209821,0.1905547454764047,0.6717087715657436,0,0,Active Urban Shops
4317045,940,112482,367.5882352941176,367.0,436,43.29805650607744,87912,0.914398595258999,0.7835328517746332,2474982.0,0.0,0.0,0.914398595258999,402.0,0.11778956002613482,0.7815650504080653,7848,6616.588235294118,802.0373322688546,1.1861097775644103,17.983489,79.60104,Warangal,Active,0.7270588952949761,1.6134359028971983,1.1825608550163298,0,0,Active Urban Shops
3384109,930,339768,1110.3529411764705,1114.0,1206,53.99119182422064,265536,1.1840393129017552,0.7810503962720975,7255206.0,117000.0,21.34439775910364,1.1840393129017552,937.7777777777778,0.04862525222567022,0.7815215087942361,21708,19986.352941176472,1000.1130524331031,1.086141131595677,17.50466,78.39952,Medchal,Active,6.186401616980447,-0.7950767606452116,0.0831041707951659,3,0,High-Volume Urban Hubs
1679992,536,255006,833.3529411764706,828.0,936,51.971678364055684,199278,0.8076878503414369,0.7816177958935973,5684742.0,784800.0,7.263167820124324,0.8076878503414369,1031.7777777777778,0.062364546635769506,0.7814639655537516,16848,15000.35294117647,962.7043251419713,1.1231735723865321,17.424164,78.511984,Hyderabad,Active,5.21360100292138,0.3057310996718585,-0.5656857210797919,3,0,High-Volume Urban Hubs
4213006,939,132372,432.5882352941176,404.0,650,111.57686636144406,103428,0.8581343379651005,0.776829949815251,2824362.0,0.0,0.0,0.8581343379651005,539.8333333333334,0.2579285733131016,0.7813434865379385,11700,7786.588235294118,2066.8089854538907,1.502583627957574,16.364929,78.065176,Wanaparthy,Active,2.0755337392420152,3.483293700308009,1.2910496380452063,0,0,Active Urban Shops
3722031,934,304452,994.9411764705883,1003.0,1034,27.650567905499326,237870,1.6307549849469414,0.7810988653907541,6429420.0,0.0,0.0,1.6307549849469414,610.1111111111111,0.027791158471886516,0.7813054274565449,18612,17908.941176470587,512.1889874094605,1.0392574198888496,17.51183,78.299431,Sangareddy,Active,4.767553610854494,-1.3791985271427514,1.580984464012511,0,0,Active Urban Shops
3302222,930,282474,923.1176470588235,913.0,1061,48.61315226156576,220698,0.9429826623093326,0.7809967779296665,5906430.0,748314.0,9.706628739239003,0.9429826623093326,978.9444444444445,0.052661924963143945,0.781303766010323,19098,16616.117647058825,900.4922183417891,1.1493659593449308,17.469785,78.544347,Medchal,Active,5.638318225790695,0.00020297000023900127,-0.3124149376477262,3,0,High-Volume Urban Hubs
1677797,536,492210,1608.5294117647059,1578.0,2029,200.27577900660387,384426,1.3488999324030093,0.7813076108135131,10518444.0,1574460.0,6.685290971452048,1.3488999324030093,1192.5,0.12450862106828546,0.7810202962150302,36522,28953.529411764706,3709.8351398284385,1.2614006216858658,17.423862,78.427928,Hyderabad,Active,12.661267572390749,-0.006499668579494394,-0.3895711892623356,3,-1,High-Volume Urban Hubs
2401003,921,162990,532.6470588235294,525.0,561,15.68353865566512,127296,1.0056534695055146,0.7808843946956628,3334878.0,0.0,0.0,1.0056534695055146,529.6666666666666,0.029444523152546333,0.7810049696300386,10098,9587.64705882353,290.51612286938354,1.0532302595251242,19.359602,79.287449,Kumarambheem Asifabad,Active,1.520187205970022,0.18280598344593893,0.8226908928251747,0,0,Active Urban Shops
2909034,926,144666,472.7647058823529,459.0,625,89.53751954336681,112968,0.7260279962828576,0.781628683256621,3218598.0,0.0,0.0,0.7260279962828576,651.1666666666666,0.18939129429354684,0.7808883911907428,11250,8509.764705882353,1658.560201251818,1.3220107005101405,18.335081,78.327177,Kamareddy,Active,2.138367673383307,2.564412421326223,0.5755562159521924,0,0,Active Urban Shops
1676681,536,335592,1096.7058823529412,1097.0,1200,79.27713435069568,262044,1.3609839702181104,0.7803481886648126,7400142.0,1162710.0,6.404938942327301,1.3609839702181104,805.8333333333334,0.07228659536375383,0.7808410212400773,21600,19740.70588235294,1468.5005858317643,1.0941857970392619,17.39572,78.515376,Hyderabad,Active,7.328619854221079,-0.4863668719851057,0.5548574375339221,3,0,High-Volume Urban Hubs
1706005,535,154620,505.29411764705884,516.0,599,43.26629435923015,120726,0.9683068431597103,0.7804840307319897,3428694.0,0.0,0.0,0.9683068431597103,521.8333333333334,0.08562596089719587,0.7807916181606519,10782,9095.29411764706,801.4489818998057,1.1854481955762515,18.050951,77.91413,Medak,Active,1.759114305221301,1.043465097103724,0.9336615660601872,0,0,Active Urban Shops
1581264,537,186048,608.0,609.0,795,116.79944980782153,145260,0.9544740973312402,0.7838072606431942,4035780.0,557190.0,7.242371647452813,0.9544740973312402,637.0,0.19210435823654856,0.780766253869969,14310,10944.0,2163.550207413731,1.3075657894736843,17.491346,78.325859,Ranga Reddy,Active,3.874136052263064,2.3098423502461305,0.8791373330253924,0,0,Active Urban Shops
1585217,537,158868,519.1764705882352,494.0,733,76.37775984309805,124038,0.8105806826876337,0.7787237155746216,3333780.0,455040.0,7.304896811133134,0.8105806826876337,640.5,0.147113292242541,0.7807613868116927,13194,9345.176470588236,1414.793634920572,1.4118513482891455,17.350636,78.548249,Ranga Reddy,Active,2.819326062478257,2.300118696136095,0.6189689792513607,0,0,Active Urban Shops
1581234,537,279828,914.4705882352941,929.0,1016,50.82945561720449,218448,1.0296165892571123,0.7808065793267844,6455160.0,160470.0,61.95998805169329,1.0296165892571123,888.1666666666666,0.05558347777514964,0.7806509713109482,18288,16460.470588235294,941.5462095435797,1.1110253441399718,17.420646,78.351186,Ranga Reddy,Active,5.083750475249507,-0.17903126765995456,0.02117005567211237,3,0,High-Volume Urban Hubs
1807022,533,86562,282.88235294117646,284.0,327,26.894070569970715,67572,0.6258459135866736,0.7813727049822652,1588230.0,0.0,0.0,0.6258459135866736,452.0,0.09507157406727015,0.7806196714493657,5886,5091.882352941177,498.17590798242907,1.1559575795383656,18.87026,78.510615,Nizamabad,Active,-0.0625928862073474,1.7834327790674838,0.5091703992180497,0,0,Active Urban Shops
3302221,930,14760,48.23529411764706,35.0,202,48.455863264080946,11520,0.1366438926845526,0.6982257813150042,304848.0,0.0,0.0,0.1366438926845526,353.0,1.0045727749870441,0.7804878048780488,3636,868.2352941176471,897.578654590488,4.18780487804878,17.459987,78.541935,Medchal,Active,-0.5253466707853115,14.596140352033972,2.9409142772573498,4,-1,Volatile Portability Hubs
3213048,929,109602,358.1764705882353,394.0,406,69.31487836377107,85482,0.8285880889259918,0.7798831082702751,2163168.0,0.0,0.0,0.8285880889259918,432.27777777777777,0.19352158518379178,0.7799310231565117,7308,6447.176470588235,1283.9634065703603,1.1335194613236985,18.978801,79.486281,Manchiryala,Active,0.8945884273149766,2.2277058113949666,1.0859140700933199,0,0,Active Urban Shops
1585136,537,247446,808.6470588235294,787.0,994,81.04712012061688,192960,1.1483750991832091,0.7788063514488436,5197950.0,587934.0,9.024313974470465,1.1483750991832091,704.1666666666666,0.1002255795483005,0.7798065032370699,17892,14555.64705882353,1501.2871536275327,1.2292136466138066,17.359219,78.533041,Ranga Reddy,Active,4.8505512006902,0.7505793271804182,0.7678858267836808,3,0,High-Volume Urban Hubs
1672208,536,433836,1417.764705882353,1537.0,1600,241.10537155539268,338238,1.1767404426333556,0.7798682587847131,10397358.0,1620792.0,6.463267604407881,1.1767404426333556,1204.8333333333333,0.17006021560209425,0.7796448427516389,28800,25519.764705882353,4466.14755031408,1.128537050867148,17.339164,78.487612,Hyderabad,Active,11.970024157646845,0.7128275299800626,-0.5546148896812575,3,-1,High-Volume Urban Hubs
1678828,536,191124,624.5882352941177,611.0,754,67.35952274000195,148986,0.6249717603100573,0.7783319769352343,4248198.0,695934.0,6.294594757464209,0.6249717603100573,999.3888888888889,0.1078462880561342,0.7795253343379167,13572,11242.588235294117,1247.7431155301724,1.207195328687135,17.424047,78.498428,Hyderabad,Active,3.920125877776616,1.4629287213884474,-0.5184566037730743,0,0,Active Urban Shops
1673301,536,373050,1219.1176470588234,1228.0,1289,69.5491750715565,290700,1.2409441003467006,0.7791004384388563,8927190.0,1340640.0,6.675019484043734,1.2409441003467006,982.7777777777778,0.05704878051707892,0.7792521109770808,23202,21944.117647058825,1288.303432928019,1.0573220747889023,17.388246,78.42932,Hyderabad,Active,8.444403042996427,-0.9312647154788896,-0.20101659299735797,3,0,High-Volume Urban Hubs
2111077,540,248022,810.5294117647059,809.0,824,6.923524946559512,193266,0.9393308247407137,0.7792158511696473,4992642.0,0.0,0.0,0.9393308247407137,862.8888888888889,0.008541978669824495,0.7792292619203135,14832,14589.529411764706,128.24883900403287,1.0166194934320343,18.020291,79.539797,Hanumakonda,Active,3.461485530780504,-0.6477548197080701,-0.09838848629627142,0,0,Active Urban Shops
4317086,940,161244,526.9411764705883,478.0,659,74.77557550685835,125586,1.0952597857968702,0.7769507442896109,3610890.0,0.0,0.0,1.0952597857968702,481.1111111111111,0.14190497696099483,0.7788568876981469,11862,9484.941176470587,1385.1153593919637,1.2506139763340032,17.986662,79.604075,Warangal,Active,2.1507064338440705,1.5962280459442957,1.4237172326925134,0,0,Active Urban Shops
1676647,536,264546,864.5294117647059,875.0,948,67.382350057897,206010,1.4747504925496548,0.7779302869073055,5971824.0,894222.0,6.783356247758214,1.4747504925496548,586.2222222222222,0.07794107307506627,0.7787303531332925,17064,15561.529411764706,1248.1659604018541,1.0965503163911001,17.409,78.51609,Hyderabad,Active,5.316224356742195,-0.18519596372813527,1.403314933298847,3,0,High-Volume Urban Hubs
1677815,536,514008,1679.764705882353,1685.0,1751,49.00568915863961,400266,1.3998727113824547,0.7785747061701805,10980486.0,1510560.0,7.280061970881504,1.3998727113824547,1200.0,0.029174139084496196,0.7787155063734417,31518,30235.764705882353,907.7634279791574,1.0424079002661437,17.411139,78.409838,Hyderabad,Active,11.360615301868881,-2.312621123022994,-0.7387475293772067,3,0,High-Volume Urban Hubs
3384104,930,228798,747.7058823529412,680.0,1110,222.46228289205956,178164,0.7038709374130148,0.7754722363496234,5040378.0,590904.0,9.044263526231584,0.7038709374130148,1062.2777777777778,0.2975264581201331,0.7786956179686886,19980,13458.70588235294,4120.809807621342,1.4845409487845174,17.499338,78.424287,Medchal,Active,6.27472515803091,3.941200355245002,0.0541342478531723,3,-1,High-Volume Urban Hubs
1673340,536,253890,829.7058823529412,837.0,893,53.33333252973323,197676,1.0860116703599283,0.7785676748645041,6659226.0,1133802.0,5.8980525570710425,1.0860116703599283,764.0,0.06427980524675397,0.7785891527827011,16074,14934.70588235294,987.9271079326833,1.0762850053172635,17.380934,78.440076,Hyderabad,Active,5.464164837095739,-0.02678324228908747,0.2132360396144905,3,0,High-Volume Urban Hubs
3108042,928,89316,291.88235294117646,295.0,313,17.591704891877143,69534,0.9342210281548516,0.7783176912011779,1731780.0,0.0,0.0,0.9342210281548516,312.44444444444446,0.06026984747317844,0.7785167271261588,5634,5253.882352941177,325.8622949868819,1.0723498589278517,17.389794,80.047031,Mahabubabad,Active,-0.20164058684913272,1.0210863561100048,1.2540372847000907,0,0,Active Urban Shops
3501032,932,256194,837.2352941176471,856.0,926,51.0766399020501,199440,1.683567137467314,0.777983903308406,5698260.0,0.0,0.0,1.683567137467314,497.8888888888889,0.06100631478499625,0.7784725637602754,16668,15070.235294117647,946.1249606560814,1.1060212182955105,19.110074,77.962644,Nirmal,Active,4.029741388038099,-0.6334683328103926,2.124229710321951,0,0,Active Urban Shops
4202005,939,106146,346.88235294117646,374.0,393,70.9138420834443,82620,0.8442288760930023,0.7777989035250109,2267136.0,0.0,0.0,0.8442288760930023,411.8333333333333,0.20443196802078226,0.7783618789214855,7074,6243.882352941177,1313.5820245778782,1.132948957096829,16.336175,77.807395,Wanaparthy,Active,0.8412435503436554,2.2995881069341397,1.1688235166435508,0,0,Active Urban Shops
1581322,537,367956,1202.4705882352941,1196.0,1434,162.38392308468883,286380,0.9283099540465108,0.7763581341046922,8277732.0,1194120.0,7.020372529573379,0.9283099540465108,1295.3333333333333,0.13504190844534342,0.7782995792975247,25812,21644.470588235294,3007.9402860937716,1.1925447607866158,17.493683,78.320628,Ranga Reddy,Active,9.361647200320771,0.7712272734808739,-0.8797973118431314,3,0,High-Volume Urban Hubs
3410008,931,251784,822.8235294117648,816.0,897,33.2014452869412,195948,1.1716948515257941,0.7781427847411015,5243778.0,0.0,0.0,1.1716948515257941,702.2777777777778,0.0403506269572491,0.7782384901344009,16146,14810.823529411764,615.0114059200565,1.0901486988847584,16.488948,78.31407,Nagarkarnool,Active,3.749430644424671,-0.3579673150902889,0.6855687451043517,0,0,Active Urban Shops
4317037,940,209808,685.6470588235294,627.0,884,87.39302373690069,163278,1.0463477627435003,0.7771408396120077,4696776.0,0.0,0.0,1.0463477627435003,655.2777777777778,0.12746065575903498,0.7782258064516129,15912,12341.64705882353,1618.8363467772335,1.289293067947838,17.987074,79.604098,Warangal,Active,3.4849907074048496,1.366759736043259,0.9086074346417858,0,0,Active Urban Shops
1675596,536,258084,843.4117647058823,839.0,976,59.20694790993738,200790,1.1678917963211648,0.7774930582076789,6220818.0,1165338.0,5.379460080757002,1.1678917963211648,722.1666666666666,0.07019933843415647,0.7780025108104338,17568,15181.411764705883,1096.727806865925,1.1572046310503556,17.378357,78.458438,Hyderabad,Active,5.58226786889411,0.15918471596883763,0.5034669667560736,3,0,High-Volume Urban Hubs
2236107,541,108702,355.2352941176471,366.0,376,30.134510406744514,84564,0.9563794443184725,0.7787509243542943,2025270.0,0.0,0.0,0.9563794443184725,371.44444444444446,0.0848297196414401,0.7779433681073026,6768,6394.235294117647,558.2006280688606,1.0584533863222387,17.253467,80.147281,Khammam,Active,0.3624030849243888,1.0653737177258744,1.2141374455979888,0,0,Active Urban Shops
3384069,930,215298,703.5882352941177,695.0,932,71.19721208501693,167472,0.828687007925505,0.7768149665994688,4553316.0,513504.0,9.795574338831704,0.828687007925505,849.0555555555555,0.10119158978724921,0.7778613828275228,16776,12664.588235294117,1318.8310666468776,1.324638408159853,17.472414,78.49196,Medchal,Active,4.21697737439425,1.353339856322119,0.05161149062811224,0,0,Active Urban Shops
2357012,539,90306,295.11764705882354,282.0,440,115.15269641149948,70236,0.8464812612071996,0.7723330101211134,1845972.0,0.0,0.0,0.8464812612071996,348.72222222222223,0.3901925132540345,0.7777556308550927,7920,5312.117647058823,2133.0463509483607,1.4909308351604544,16.693627,78.919446,Nalgonda,Active,1.0135784825992415,4.5857030921243,1.8595308826347585,4,0,Volatile Portability Hubs
1677768,536,323514,1057.235294117647,1080.0,1144,76.54856079690283,251604,0.959671750374607,0.7780704250973728,7037640.0,990216.0,7.119679452047408,0.959671750374607,1101.6666666666667,0.07240446967937174,0.7777221387637011,20592,19030.235294117647,1417.9574891993307,1.082067545763089,17.413074,78.409299,Hyderabad,Active,7.102727097740506,-0.14568659900725836,-0.6061691842976283,3,0,High-Volume Urban Hubs
4202006,939,65736,214.8235294117647,222.0,297,49.73452376757677,51120,0.5150277269877673,0.7809795808877202,1399374.0,0.0,0.0,0.5150277269877673,417.1111111111111,0.23151339103198387,0.7776560788608982,5346,3866.823529411765,921.2640931957376,1.3825301204819276,16.338021,77.804377,Wanaparthy,Active,-0.16092019270952584,3.448592991993277,0.717608351529566,0,0,Active Urban Shops
1671161,536,391284,1278.7058823529412,1324.0,1403,118.22511909470244,304272,1.4643077294291613,0.7785008864700129,9008316.0,1494594.0,6.031361243526241,1.4643077294291613,873.2777777777778,0.0924568508883035,0.7776244364706965,25254,23016.70588235294,2189.958782851457,1.0972030545588372,17.357061,78.501259,Hyderabad,Active,9.370922115403616,-0.588230814778758,0.4498232864577155,3,0,High-Volume Urban Hubs
2084103,534,282978,924.7647058823529,902.0,1189,116.02966069103694,220050,1.017083221838422,0.776734070255931,5614614.0,0.0,0.0,1.017083221838422,909.5555555555555,0.1254693869186202,0.7776222886584823,21402,16645.764705882353,2149.2909159014444,1.2857324597671904,18.423832,79.1121,Karimnagar,Active,5.468906049681676,1.0649246008588127,0.29057354331338575,3,0,High-Volume Urban Hubs
3401001,931,131634,430.1764705882353,434.0,480,30.93030084117128,102330,1.1424421629578922,0.7778665954633814,2891124.0,0.0,0.0,1.1424421629578922,376.6666666666667,0.0719014240803927,0.7773827430603035,8640,7743.176470588235,572.9415584610394,1.1158211404348422,16.399032,78.641133,Nagarkarnool,Active,0.9864396460246065,0.7384442859662096,1.5379300988574136,0,0,Active Urban Shops
4318008,940,173322,566.4117647058823,581.0,591,41.8720188132666,134712,0.8906624521083958,0.7781966889519882,3469086.0,0.0,0.0,0.8906624521083958,635.9444444444445,0.0739250513890884,0.7772354346245716,10638,10195.411764705883,775.6219326146866,1.043410530688545,17.970024,79.604626,Warangal,Active,2.0539742861837955,0.6266088166090705,0.4892083212205033,0,0,Active Urban Shops
3803057,935,281250,919.1176470588235,911.0,985,39.1580138441163,218556,1.2744085374858967,0.776649533548078,5846076.0,0.0,0.0,1.2744085374858967,721.2777777777778,0.04260391906239853,0.777088,17730,16544.117647058825,725.3486991055518,1.07168,18.098039,78.848752,Siddipet,Active,4.416259306583099,-0.6403011533727013,0.7788675551721398,0,0,Active Urban Shops
3912019,936,63036,206.0,232.0,338,95.13917329408515,48978,0.5940659909849486,0.7233209055065677,1131300.0,0.0,0.0,0.5940659909849486,346.77777777777777,0.4618406470586658,0.7769845802398629,6084,3708.0,1762.3231826200324,1.6407766990291262,18.556942,78.84638,Rajanna Siricilla,Active,0.25165719281235255,5.553992423917696,1.5164675345535243,4,0,Volatile Portability Hubs
3384126,930,424350,1386.764705882353,1409.0,1500,90.44580043216381,329544,1.1431474748385893,0.7769185790549865,9480762.0,1055826.0,9.882804043785544,1.1431474748385893,1213.111111111111,0.06522072565627932,0.7765853658536586,27000,24961.764705882353,1675.3848635989493,1.0816542948038177,17.514137,78.430846,Medchal,Active,9.556456185181526,-0.9759571009097726,-0.7855761800078277,3,0,High-Volume Urban Hubs
1804007,533,130986,428.05882352941177,428.0,440,6.683706926811658,101682,0.9449422152967147,0.7762717228225416,2888856.0,0.0,0.0,0.9449422152967147,453.0,0.015613991721285993,0.776281434657139,7920,7705.058823529412,123.8065378868556,1.027896111034767,18.792965,78.282649,Nizamabad,Active,0.7099438793733827,0.24477010329266907,0.8283380850203752,0,0,Active Urban Shops
3612046,933,136962,447.5882352941176,464.0,478,37.50314162346532,106308,0.9425123726282917,0.7753935424178107,2502828.0,0.0,0.0,0.9425123726282917,474.8888888888889,0.08378938199486272,0.7761860954133263,8604,8056.588235294118,694.694452513435,1.0679458535944275,18.769122,79.483411,Peddapalli,Active,1.0950176342102789,0.9383737298295995,0.9643834395108787,0,0,Active Urban Shops
2281054,541,86850,283.8235294117647,277.0,368,29.283715084356302,67410,0.8950305067555404,0.7756073490782589,1674972.0,0.0,0.0,0.8950305067555404,317.1111111111111,0.10317578371690304,0.7761658031088083,6624,5108.823529411765,542.4408072884676,1.296580310880829,17.24394,80.1432,Khammam,Active,-0.04859076291876071,1.8821337123074997,1.362334574432198,0,0,Active Urban Shops
3003022,927,210312,687.2941176470588,678.0,815,47.60587955876009,163224,0.96229804588429,0.775220903369628,3878604.0,18.0,787.1764705882352,0.96229804588429,714.2222222222222,0.0692656583788875,0.7761040739472783,14670,12371.29411764706,881.8338679072351,1.185809654228004,17.672673,80.896135,Bhadrdri Kothagudem,Active,4.155214297913943,1.2042914139786665,0.4932772079649467,0,-1,Active Urban Shops
3513020,932,279648,913.8823529411765,929.0,1011,87.56029800041205,217026,1.1635109183232477,0.7748224556031309,6133158.0,27000.0,3.1224313725490194,1.1635109183232477,785.5,0.09581134564926654,0.7760684860968075,18198,16449.882352941175,1621.9348739373345,1.1062693099897014,19.104591,78.346886,Nirmal,Active,5.01239356003131,0.1696450503484639,0.5775700267258661,0,0,Active Urban Shops
1890038,533,320274,1046.6470588235295,1051.0,1078,17.20178053621786,248526,0.9949116528740773,0.7759481212770847,6480486.0,0.0,0.0,0.9949116528740773,1052.0,0.016435130057646467,0.7759793177092115,19404,18839.647058823528,318.63947910932006,1.0299556005170574,18.666322,78.1092,Nizamabad,Active,5.241015604565319,-1.084675352326376,-0.45621690507044255,3,0,High-Volume Urban Hubs
2155021,540,209574,684.8823529411765,685.0,695,8.092855522687277,162612,0.9566781950543692,0.7758982439411725,4208616.0,0.0,0.0,0.9566781950543692,716.1111111111111,0.011816417064818664,0.7759168599158293,12510,12327.882352941177,149.90909009835815,1.0147728248733143,17.964055,79.481945,Hanumakonda,Active,2.531148197693728,-0.36132835768049304,0.25706841554716486,0,0,Active Urban Shops
3513017,932,233280,762.3529411764706,760.0,865,57.546841429693046,180990,1.150359267497194,0.7754833567748601,4584546.0,11862.0,49.13509900936735,1.150359267497194,662.8888888888889,0.07548582594944303,0.7758487654320988,15570,13722.35294117647,1065.97660276718,1.1346450617283952,19.108281,78.347971,Nirmal,Active,3.6199280324221466,0.32074621497756145,0.8705805668186896,0,0,Active Urban Shops
1677792,536,453240,1481.1764705882354,1536.0,1716,205.68003537715643,351576,1.2357441891870113,0.7754352048974622,10066014.0,1406016.0,7.12816697827657,1.2357441891870113,1198.611111111111,0.13886261324113022,0.7756949960285942,30888,26661.176470588234,3809.941604462167,1.1585385226370135,17.409341,78.43183,Hyderabad,Active,11.6649049772176,0.19863474828621466,-0.49326715977472896,3,-1,High-Volume Urban Hubs
1678874,536,203058,663.5882352941177,592.0,948,175.06381148211662,157500,0.785259950824278,0.7721772024587462,4561578.0,777510.0,6.119657218991271,0.785259950824278,845.0555555555555,0.2638139167800711,0.7756404574062583,17064,11944.588235294117,3242.817892258668,1.4285967556067725,17.447693,78.501889,Hyderabad,Active,5.206444244517771,3.4427569614959044,0.4091302374818096,3,0,High-Volume Urban Hubs
1672282,536,347310,1135.0,1146.0,1223,58.44947376672057,269370,1.1364526157008146,0.7753763500475827,9324180.0,1350882.0,6.965056277232727,1.1364526157008146,998.7222222222222,0.05149733371517231,0.7755895309665717,22014,20430.0,1082.6966334112242,1.077533039647577,17.317062,78.482821,Hyderabad,Active,8.029814997855839,-0.8250354414871887,-0.4272422169790679,3,0,High-Volume Urban Hubs
3301021,930,310626,1015.1176470588235,1025.0,1128,85.42460513792331,240912,1.2448863468926108,0.7742799247167202,6859476.0,0.0,0.0,1.2448863468926108,816.1666666666666,0.08415241857476365,0.77556933418323,20304,18272.117647058825,1582.3740819711743,1.1112012516659906,17.629463,78.483312,Medchal,Active,5.655823257336556,-0.20869946442023357,0.5752525786987,3,0,High-Volume Urban Hubs
2084150,534,338976,1107.764705882353,1098.0,1257,86.20971492217376,262890,1.2147132875125375,0.7753016266569144,6938910.0,0.0,0.0,1.2147132875125375,913.1666666666666,0.07782312838131658,0.7755416312659303,22626,19939.764705882353,1596.9171679133738,1.134717502124044,18.43004,79.116221,Karimnagar,Active,6.252505514867878,-0.3197986695288143,0.3135458664574537,3,0,High-Volume Urban Hubs
3384187,930,273942,895.2352941176471,915.0,1003,82.58398723095412,212400,1.0952420875778623,0.7748363754514022,5526594.0,615006.0,9.49378042309737,1.0952420875778623,817.3888888888889,0.09224835948000658,0.7753466062159143,18054,16114.235294117647,1529.755516798835,1.1203758459819961,17.517176,78.44182,Medchal,Active,5.421749358879836,0.3447344932176251,0.34703350094940744,3,0,High-Volume Urban Hubs
1671198,536,335394,1096.0588235294117,1083.0,1350,75.71363090947771,260010,0.9450609422987378,0.7744562107427274,7148880.0,833058.0,8.59444761635309,0.9450609422987378,1159.7777777777778,0.06907807253051688,0.7752374818869747,24300,19729.058823529413,1402.4915539223507,1.2316857188858477,17.366487,78.533062,Hyderabad,Active,7.37101171016263,0.03905910124811526,-0.6798164831558926,3,0,High-Volume Urban Hubs
3384209,930,490194,1601.9411764705883,1591.0,1832,111.28950492070958,379962,1.2935135451383968,0.774667596592558,10520118.0,1078722.0,10.929784839396266,1.2935135451383968,1238.4444444444443,0.06947165511152141,0.77512576653325,32976,28834.941176470587,2061.486007428508,1.1436125289171226,17.503628,78.461459,Medchal,Active,11.163762454281342,-1.2267154511321094,-0.7051048081323646,3,0,High-Volume Urban Hubs
3301018,930,219582,717.5882352941177,738.0,852,88.23586345042926,170118,0.9304278148378983,0.7730905405487442,5040000.0,0.0,0.0,0.9304278148378983,771.3333333333334,0.12296169183189584,0.7747356340683662,15336,12916.588235294117,1634.4488007744205,1.1873104352815804,17.629565,78.479545,Medchal,Active,3.812812534018296,1.1028818431391092,0.38286632534772547,0,0,Active Urban Shops
3302003,930,297486,972.1764705882352,974.0,1198,97.1429312090996,230472,1.1976887732866728,0.7744531303596094,6367788.0,572814.0,10.095537630192887,1.1976887732866728,811.9444444444445,0.09992314579504406,0.7747322563078599,21564,17499.176470588234,1799.4400599663675,1.2322865613844014,17.392615,78.531594,Medchal,Active,6.187657104175327,0.4297561174353692,0.5349430690346976,3,0,High-Volume Urban Hubs
3302131,930,475902,1555.235294117647,1569.0,1684,71.39047690598531,368658,1.544000404130707,0.7742853785685768,10177092.0,966960.0,9.71136634978405,1.544000404130707,1007.2777777777778,0.045903328696310385,0.774651083626461,30312,27994.235294117647,1322.4110333691533,1.0827943568213625,17.516666,78.513021,Medchal,Active,10.115564468923116,-1.899842650768623,0.0945834148435888,3,0,High-Volume Urban Hubs
4213020,939,389844,1274.0,1314.0,1450,111.26326776658301,301860,1.3892292360382206,0.7787764057413201,8111646.0,0.0,0.0,1.3892292360382206,972.2222222222222,0.08733380515430378,0.7743097238895558,26100,22932.0,2061.0,1.1381475667189953,16.353836,78.058339,Wanaparthy,Active,7.7090088337459886,-0.6385933800435447,0.45307746052688935,3,0,High-Volume Urban Hubs
2084147,534,485262,1585.8235294117646,1585.0,1685,47.65230872181116,375660,1.5861274813707422,0.7739313188228417,9664794.0,0.0,0.0,1.5861274813707422,1000.1111111111111,0.030048935356311056,0.7741385066211655,30330,28544.823529411766,882.6939047097612,1.062539411699247,18.455834,79.125701,Karimnagar,Active,8.893158564149049,-2.35755414095965,0.29283729723934115,3,0,High-Volume Urban Hubs
1675509,536,269190,879.7058823529412,867.0,1054,103.5223509470894,208368,0.790273588978433,0.7711550924191583,6705090.0,1222236.0,5.485868416862789,0.790273588978433,1113.1666666666667,0.11767836617188362,0.7740554998328318,18972,15834.70588235294,1917.610093472663,1.1981277164827817,17.381343,78.419,Hyderabad,Active,6.687040275487982,1.034025915987807,-0.6929025151991429,3,0,High-Volume Urban Hubs
1532027,537,73044,238.7058823529412,230.0,338,45.370298994587266,56538,1.0544480707882526,0.7649328597659203,1565316.0,0.0,0.0,1.0544480707882526,226.44444444444446,0.19006778780384018,0.7740266140956136,6084,4296.705882352941,840.422792758642,1.4159684573681615,17.186922,78.301525,Ranga Reddy,Active,-0.14519192330400185,2.670792054089902,2.1083374043976293,0,0,Active Urban Shops
4213011,939,273672,894.3529411764706,911.0,1038,119.28967199125047,211770,1.0959361557412344,0.7779770752247148,5846688.0,0.0,0.0,1.0959361557412344,830.2777777777778,0.13338098025856734,0.7738095238095238,18684,16098.35294117647,2209.6781706047277,1.1606156274664563,16.355873,78.063968,Wanaparthy,Active,5.207432036314313,0.8342925450953618,0.5333678768582234,3,0,High-Volume Urban Hubs
1677702,536,172494,563.7058823529412,560.0,873,144.6109028088342,133470,0.4970465139339223,0.7876839739618949,3652218.0,656604.0,5.592643433151183,0.4970465139339223,1134.111111111111,0.25653608971618297,0.7737660440363143,15714,10146.70588235294,2678.719371376598,1.5486799540853595,17.41248,78.46186,Hyderabad,Active,4.585176728989136,3.8087110231726604,-0.3579244513318341,0,0,Active Urban Shops
1679989,536,231588,756.8235294117648,807.0,963,189.3556327159901,179190,0.7004068730090464,0.7888545073716551,5300298.0,381600.0,26.485254512919802,0.7004068730090464,1080.5555555555557,0.25019786694946616,0.7737447536141769,17334,13622.823529411764,3507.554351597672,1.2724234416291,17.44289,78.512033,Hyderabad,Active,5.838020976292227,2.891294042171596,-0.20368140263321408,3,-1,High-Volume Urban Hubs
1671106,536,422784,1381.6470588235295,1398.0,1463,52.248017684663154,327114,1.1146840309352772,0.7735223237913513,10839366.0,1428300.0,16.776018225472008,1.1146840309352772,1239.5,0.03781574849451948,0.7737142370572208,26334,24869.647058823528,967.8231334531425,1.0588811307901909,17.36493,78.495047,Hyderabad,Active,9.820576473875468,-1.504779482008559,-1.1073105529459528,3,0,High-Volume Urban Hubs
2357009,539,54864,179.2941176470588,177.0,239,28.993132562320277,42444,0.6164144265969824,0.7751941884239792,1213146.0,0.0,0.0,0.6164144265969824,290.8888888888889,0.16170710418616954,0.7736220472440944,4302,3227.294117647059,537.0581631334127,1.333005249343832,16.692356,78.922128,Nalgonda,Active,-0.7546854146472659,2.7864613531651914,0.9607099403233742,0,0,Active Urban Shops
2706035,924,200898,656.5294117647059,663.0,743,66.19653389207781,155394,1.0643423939469059,0.7739598847362597,3866886.0,0.0,0.0,1.0643423939469059,617.5,0.10082797922814468,0.773496998476839,13374,11817.529411764706,1226.2003362851774,1.1317086282591164,18.791621,78.921257,Jagityal,Active,2.8757854200804314,0.7971024451353637,0.9101117183994042,0,0,Active Urban Shops
1673376,536,263268,860.3529411764706,876.0,1002,98.6989109570517,203580,0.8345750036304552,0.7722606261139039,6658344.0,1199790.0,5.543033774243491,0.8345750036304552,1030.888888888889,0.11471909519143161,0.7732804594557637,18036,15486.35294117647,1828.2624586330755,1.1646383153288664,17.356689,78.448125,Hyderabad,Active,6.425025529352874,0.9077854298843061,-0.5203627778635422,3,0,High-Volume Urban Hubs
2710036,924,99090,323.8235294117647,331.0,358,30.17112236691667,76608,0.9153648581975846,0.7736927727751644,2081772.0,0.0,0.0,0.9153648581975846,354.0,0.09317149504769907,0.7731153496821072,6444,5828.823529411765,558.8788146027408,1.105540417801998,18.821072,78.708417,Jagityal,Active,0.19820307237113707,1.2934401260810582,1.1903902104121324,0,0,Active Urban Shops
4018049,937,199926,653.3529411764706,660.0,725,58.06547695724143,154512,0.9542064546622097,0.7727703357330766,3998376.0,0.0,0.0,0.9542064546622097,684.7222222222222,0.08887306277780717,0.7728459530026109,13050,11760.35294117647,1075.5836172269724,1.1096605744125327,17.144496,79.627883,Suryapet,Active,2.836498887360658,0.7117614161194373,0.5390277391038752,0,0,Active Urban Shops
3384183,930,227106,742.1764705882352,740.0,819,37.142899530531984,175500,0.9566425579706473,0.7724066175706619,4606452.0,534366.0,11.648376967004166,0.9566425579706473,775.8333333333334,0.05004591361013266,0.7727669017991599,14742,13359.176470588236,688.021459993629,1.1035111357692002,17.516404,78.441385,Medchal,Active,3.865461580829142,0.18248935557566173,0.1642387571725958,0,0,Active Urban Shops
3513026,932,266202,869.9411764705883,870.0,962,59.98669090577088,205704,1.1446663878562229,0.7725580438305004,5819706.0,25830.0,11.844993887609053,1.1446663878562229,760.3333333333334,0.06895488169572689,0.7727364933396443,17316,15658.941176470587,1111.1714803861414,1.1058218946514302,19.080122,78.338469,Nirmal,Active,4.441645549816667,-0.06832661631265892,0.5484925380726045,0,0,Active Urban Shops
4317033,940,184428,602.7058823529412,604.0,668,23.595187715236822,142506,1.0285083316603092,0.7727085664272934,3633822.0,0.0,0.0,1.0285083316603092,586.0,0.039148759629028494,0.7726917821588912,12024,10848.70588235294,437.0686108475821,1.1083349599843841,0.0,0.0,Warangal,Active,2.102382075200699,0.22058730171357893,0.765313887667674,0,0,Active Urban Shops
3511003,932,181692,593.7647058823529,595.0,613,10.915931930587089,140346,0.9649710238383531,0.7725842336629896,3448980.0,0.0,0.0,0.9649710238383531,615.3888888888889,0.01838427212403215,0.7724390727164653,11034,10687.764705882353,202.20272296997032,1.0323954824648305,18.97763,77.91159,Nirmal,Active,1.859048460511777,-0.06006361925136556,0.5269825012226311,0,0,Active Urban Shops
3302045,930,415746,1358.6470588235295,1337.0,1749,105.01781086024643,321120,1.0554204855428349,0.7716163744946829,9043434.0,912024.0,8.648300105682432,1.0554204855428349,1287.388888888889,0.07729587325731434,0.7723946832922024,31482,24455.647058823528,1945.311444896949,1.2873100402649695,17.388733,78.533559,Medchal,Active,9.657623047307313,-0.282756863469578,-0.9039374164143125,3,0,High-Volume Urban Hubs
3302141,930,240714,786.6470588235294,803.0,836,51.645890203651994,185886,0.8508918589200445,0.7739620892909428,4890042.0,639990.0,20.0096097491277,0.8508918589200445,924.5,0.06565319176415793,0.7722276228221042,15048,14159.64705882353,956.6695446427982,1.062738353398639,17.498062,78.503396,Medchal,Active,4.5174282051371035,0.28835566366218984,-0.2821775524065531,0,0,Active Urban Shops
2281004,541,192168,628.0,640.0,764,85.03067913078573,148374,1.0683731062930082,0.7709069664259339,3718440.0,0.0,0.0,1.0683731062930082,587.8333333333334,0.13539917059042314,0.7721056575496441,13752,11304.0,1575.0771409680226,1.21656050955414,17.247271,80.130092,Khammam,Active,2.9203366839335145,1.357741782385568,1.0928949437446809,0,0,Active Urban Shops
1585683,537,453240,1481.1764705882354,1501.0,1550,58.54353768954632,349902,1.7163110899052554,0.7717006935733277,9453168.0,781830.0,31.82400315777637,1.7163110899052554,863.0,0.03952502544568258,0.7720015885623511,27900,26661.176470588234,1084.4390390481915,1.0464654487688643,17.3154,78.61247,Ranga Reddy,Active,9.155028575489245,-2.086123753834258,0.7619205065251115,3,0,High-Volume Urban Hubs
2111030,540,112392,367.29411764705884,366.0,444,21.183316154872,86760,0.9762725356667333,0.7716403902564555,2229948.0,0.0,0.0,0.9762725356667333,376.22222222222223,0.057673986968741826,0.7719410634208841,7992,6611.294117647059,392.391985886862,1.2088404868673928,18.012421,79.560862,Hanumakonda,Active,0.44163316491947985,1.0923284215572933,1.2447706218036187,0,0,Active Urban Shops
1481029,538,78840,257.6470588235294,260.0,287,22.38133607352055,60858,0.34741567766277154,0.7716834277681229,1774350.0,0.0,0.0,0.34741567766277154,741.6111111111111,0.08686819937211174,0.7719178082191781,5166,4637.64705882353,414.5836678489143,1.1139269406392693,16.751428,78.002852,Mahbubnagar,Active,0.03528922210979407,1.8202746246030646,-0.45075493302098485,0,0,Active Urban Shops
4018038,937,145710,476.1764705882353,507.0,682,144.83823051363922,112464,0.6235006513207582,0.7608672474323952,2906982.0,0.0,0.0,0.6235006513207582,763.7222222222222,0.3041692302324727,0.77183446571958,12276,8571.176470588236,2682.9303064768123,1.4322421247683754,17.132579,79.61932,Suryapet,Active,2.8197311443904645,3.901718524241381,0.5061930275506439,0,0,Active Urban Shops
1585672,537,411282,1344.0588235294117,1354.0,1503,108.42455927066331,317412,1.2517762403041588,0.7713910608960682,8331678.0,420714.0,19.497481007073695,1.2517762403041588,1073.7222222222222,0.08066950446852275,0.7717624403693816,27054,24193.058823529413,2008.4168040582435,1.1182546282113002,17.35642,78.566045,Ranga Reddy,Active,8.531970369144977,-0.6674318754574036,-0.13878342619679995,3,0,High-Volume Urban Hubs
3719033,934,231354,756.0588235294117,746.0,874,50.45812875994951,178470,1.25443679330937,0.770351849003441,5044590.0,0.0,0.0,1.25443679330937,602.7222222222222,0.06673836372202145,0.7714152337975569,15732,13609.058823529413,934.667886911458,1.1559947094063643,17.532982,78.263554,Sangareddy,Active,3.4853215653796705,0.09472442554882131,1.1389309572228972,0,0,Active Urban Shops
1804041,533,147600,482.3529411764706,483.0,498,9.364369575717705,113814,0.9589521693369197,0.7711007957337226,3147948.0,0.0,0.0,0.9589521693369197,503.0,0.01941393692526841,0.7710975609756098,8964,8682.35294117647,173.46215047398334,1.032439024390244,18.796416,78.28662,Nizamabad,Active,1.1038280778562233,0.15632792319543015,0.7479314579461762,0,0,Active Urban Shops
4018045,937,144972,473.7647058823529,529.0,563,141.07376350775175,111744,0.7874320044201645,0.7749670682553665,2848806.0,0.0,0.0,0.7874320044201645,601.6666666666666,0.2977717878857437,0.7707971194437546,10134,8527.764705882353,2613.1986991379868,1.1883536131114973,17.131462,79.616886,Suryapet,Active,2.4837972701439353,3.221295345795639,0.9277545750957611,0,0,Active Urban Shops
1671202,536,398052,1300.8235294117646,1312.0,1390,75.02988411376731,306774,1.0830669494632765,0.7703058162877602,10092420.0,1797048.0,5.616977344312274,1.0830669494632765,1201.0555555555557,0.057678756893101396,0.7706882517861988,25020,23414.823529411766,1389.8260788356813,1.0685538572849778,17.352179,78.498086,Hyderabad,Active,9.788701066922497,-0.9480172802399229,-1.0085583955984418,3,0,High-Volume Urban Hubs
2111105,540,156834,512.5294117647059,540.0,563,57.059883277595695,120870,0.9319659576586609,0.7689606277312276,3095226.0,0.0,0.0,0.9319659576586609,549.9444444444445,0.11132996852050119,0.7706874784804315,10134,9225.529411764706,1056.9563684021598,1.098473545277172,18.013784,79.573988,Hanumakonda,Active,1.8109647664918125,1.1339029294344776,0.8325270982177883,0,0,Active Urban Shops
3003020,927,39294,128.41176470588235,100.0,362,81.89833997491091,30276,0.3361089671923196,0.7102808068038486,750150.0,0.0,0.0,0.3361089671923196,382.05555555555554,0.6377791019576204,0.7704993128721942,6516,2311.4117647058824,1517.054838281379,2.819056344480073,17.67054,80.897167,Bhadrdri Kothagudem,Active,-0.028279451178216328,9.408147294182822,1.9060760214007422,4,-1,Volatile Portability Hubs
1678830,536,238554,779.5882352941177,776.0,907,75.36486370192698,183798,0.7804990128575403,0.7695653734419233,5230026.0,1107486.0,4.71507521311284,0.7804990128575403,998.8333333333334,0.09667265396006629,0.7704670640609673,16326,14032.588235294117,1396.0311179744315,1.16343469403154,17.426245,78.495507,Hyderabad,Active,5.363448786434803,0.9226617795002523,-0.48126103107380835,3,0,High-Volume Urban Hubs
1676698,536,359964,1176.3529411764705,1164.0,1322,91.29684752701127,277218,1.0471763386146058,0.7702840215521195,8009460.0,1233396.0,6.513905499357854,1.0471763386146058,1123.4444444444443,0.07761008140610019,0.7701270127012702,23796,21174.352941176472,1691.1493481201057,1.1238123812381238,17.391958,78.526483,Hyderabad,Active,8.293473222623456,-0.2447166765943962,-0.6034091798199631,3,0,High-Volume Urban Hubs
3302014,930,385020,1258.235294117647,1240.0,1393,53.94809462970408,296514,1.2346704028397633,0.7698503258228812,8064324.0,723258.0,9.839581906793597,1.2346704028397633,1019.1111111111111,0.04287599853693171,0.7701262272089762,25074,22648.235294117647,999.3147357947199,1.1071061243571763,17.394671,78.534276,Medchal,Active,7.757857458530472,-1.0988766414384858,-0.1813468426870966,3,0,High-Volume Urban Hubs
1583636,537,234252,765.5294117647059,755.0,936,52.50624429045474,180396,0.8600917747646102,0.7694085384303123,4952088.0,0.0,0.0,0.8600917747646102,890.0555555555555,0.06858814760548107,0.7700937451974796,16848,13779.529411764706,972.6064284724229,1.22268326417704,17.314917,78.446824,Ranga Reddy,Active,3.8252956053707234,0.5748047441194072,-0.05099872686073019,0,0,Active Urban Shops
1881068,533,318780,1041.764705882353,1051.0,1069,25.433878195767743,245484,0.9729048217336331,0.7700804370662435,6563592.0,0.0,0.0,0.9729048217336331,1070.7777777777778,0.02441422525850094,0.7700734048560135,19242,18751.764705882353,471.1278395260362,1.0261434217955956,18.66681,78.098103,Nizamabad,Active,5.301819371136907,-0.9809679518537157,-0.5145834961853142,3,0,High-Volume Urban Hubs
1679945,536,257724,842.2352941176471,938.0,1183,346.93531810261464,198432,0.7010205472492592,0.789493167938193,5569542.0,708660.0,7.598321076221384,0.7010205472492592,1201.4444444444443,0.41192208463084573,0.7699399357452158,21294,15160.235294117647,6426.502699071749,1.4045956139125577,17.414747,78.516115,Hyderabad,Active,8.365142780211437,5.075540689598379,0.0006207033979546099,3,-1,High-Volume Urban Hubs
3302188,930,179334,586.0588235294117,571.0,746,52.5527039492915,138060,0.8384223447899527,0.768646666630679,3593790.0,0.0,0.0,0.8384223447899527,699.0555555555555,0.08967138082284007,0.769848439225133,13428,10549.058823529413,973.4670301677038,1.2729097661346982,17.45492,78.540061,Medchal,Active,2.4630860759037887,1.2578930313187953,0.40885329473218235,0,0,Active Urban Shops
1881042,533,287766,940.4117647058823,943.0,973,21.311900596604143,221526,0.9051123818150937,0.7702127216218319,6231888.0,0.0,0.0,0.9051123818150937,1039.0,0.022662307508742756,0.7698129730405955,17514,16927.41176470588,394.77383696610536,1.0346531556889973,18.666223,78.08748,Nizamabad,Active,4.654140505857263,-0.7494989316444923,-0.5225479197566923,0,0,Active Urban Shops
1673369,536,401238,1311.235294117647,1348.0,1442,105.58811189329931,308826,1.0479802976117072,0.7695141999313588,10156518.0,1852956.0,5.48554605418423,1.0479802976117072,1251.2222222222222,0.08052567862303568,0.7696828316360863,25956,23602.235294117647,1955.87549224803,1.0997263469561707,17.349708,78.461075,Hyderabad,Active,10.30349947392059,-0.5378574644819333,-1.094797935593607,3,0,High-Volume Urban Hubs
2706020,924,124200,405.88235294117646,413.0,479,69.94601582780264,95580,0.8572455198445508,0.7691986345896027,2368512.0,0.0,0.0,0.8572455198445508,473.8888888888889,0.17233076363371666,0.7695652173913043,8622,7305.882352941177,1295.6543656755525,1.180144927536232,18.786973,78.910921,Jagityal,Active,1.1929854300982985,2.0755274355751547,1.0399862941542763,0,0,Active Urban Shops
4407033,941,194184,634.5882352941177,620.0,778,71.4066194673914,149436,1.0358845722251917,0.7746789575180077,3851676.0,0.0,0.0,1.0358845722251917,612.6111111111111,0.11252433546029418,0.7695587690025955,14004,11422.588235294117,1322.7100522612436,1.2259918427882834,17.258413,78.898913,Yadadri Bhuvanagiri,Active,2.8484797675176954,1.1658409194995984,0.938375712771734,0,0,Active Urban Shops
1481049,538,96786,316.29411764705884,281.0,504,77.250954249754,74466,0.31503181036373,0.7689409544955161,2195694.0,0.0,0.0,0.31503181036373,1004.5,0.24423772033584118,0.7693881346475729,9072,5693.294117647059,1430.9683681298602,1.5934535986609635,16.730212,77.985058,Mahbubnagar,Active,1.4552862526957207,3.9788253438405663,-0.2705109309691313,0,0,Active Urban Shops
1679987,536,355194,1160.764705882353,1200.0,1286,130.4794068146392,273222,1.4709780155019188,0.768831148177488,7784514.0,969642.0,8.021971222125238,1.4709780155019188,789.1111111111111,0.11240814452180947,0.7692190746465312,23148,20893.764705882353,2416.952718026662,1.107890335985405,17.431492,78.540043,Hyderabad,Active,8.003655670702514,-0.14433598544420825,0.8649891673862811,3,0,High-Volume Urban Hubs
4114001,938,88704,289.88235294117646,260.0,752,116.2742344167426,68202,0.9790313350494199,0.767095522809847,2011644.0,0.0,0.0,0.9790313350494199,355.0,0.40110835736295136,0.7688717532467533,13536,5217.882352941177,2153.821309973071,2.594155844155844,17.106037,77.629649,Vikarabad,Active,1.592371660606888,6.813004622856491,2.742997683339056,4,-1,Volatile Portability Hubs
3908011,936,304668,995.6470588235294,989.0,1178,82.10912136293537,234198,1.571367692577881,0.7724308480971793,6678774.0,0.0,0.0,1.571367692577881,633.7222222222222,0.08246810015183158,0.7686990428925913,21204,17921.647058823528,1520.9592754729033,1.1831501831501832,18.394422,78.816278,Rajanna Siricilla,Active,5.434540779200979,-0.3574411948293127,1.5800907891614018,3,0,High-Volume Urban Hubs
1671171,536,307296,1004.2352941176471,1017.0,1189,83.1430735820326,236196,0.8370180424908603,0.7680712274846385,7615458.0,1416690.0,5.3776225137025655,0.8370180424908603,1199.7777777777778,0.08279242331856573,0.7686269915651359,21402,18076.235294117647,1540.1118274906112,1.183985473289597,17.36161,78.486363,Hyderabad,Active,7.6230897052700675,0.3157560718342073,-0.9853053442031892,3,0,High-Volume Urban Hubs
4008005,937,290574,949.5882352941177,959.0,1073,59.81485416826398,223308,1.1853391722036368,0.7683108351737067,5614038.0,0.0,0.0,1.1853391722036368,801.1111111111111,0.06299030668775864,0.7685064733940408,19314,17092.58823529412,1107.9884396296472,1.1299634516508703,16.996571,79.973351,Suryapet,Active,4.839773271628117,-0.2368665076640329,0.5264014727433112,0,0,Active Urban Shops
3310009,930,270540,884.1176470588235,869.0,958,37.36886425126029,207828,1.3225473937502032,0.7681866664727907,6012648.0,0.0,0.0,1.3225473937502032,668.5,0.042266845793175314,0.7681969394544245,17244,15914.117647058823,692.2071476762701,1.0835662009314704,17.524207,78.666254,Medchal,Active,4.1892341902199615,-0.6455337335181153,0.9624722245520867,0,0,Active Urban Shops
1713038,535,136998,447.70588235294116,459.0,471,28.923841740373604,105210,0.9332628276850947,0.7682236992003963,2898522.0,0.0,0.0,0.9332628276850947,479.8333333333333,0.06460456045018412,0.7679674155827092,8478,8058.705882352941,535.7746453390971,1.0520299566417028,18.117816,78.435207,Medak,Active,1.0554764748702736,0.6947479789384472,0.855219133190859,0,0,Active Urban Shops
1671160,536,281178,918.8823529411765,908.0,1180,85.82849396374655,215892,1.020854624678154,0.7666542528726306,6705396.0,1176264.0,5.703079838469928,1.020854624678154,900.1111111111111,0.0934053131927336,0.7678125600153639,21240,16539.882352941175,1589.8555705768113,1.284168747199283,17.358868,78.50089,Hyderabad,Active,6.579528214833309,0.6735860474415475,-0.033847583574022115,3,0,High-Volume Urban Hubs
2059016,534,51318,167.7058823529412,171.0,175,7.0556405552671295,39402,1.054753977062523,0.7636064267461521,987876.0,0.0,0.0,1.054753977062523,159.0,0.042071515061221046,0.767800771659067,3150,3018.705882352941,130.69610012634382,1.0434935110487549,18.381134,79.046562,Karimnagar,Active,-1.2334515948732498,0.9080581046167601,1.7936533889016906,1,0,Stable Rural Shops
3722025,934,91296,298.3529411764706,293.0,390,34.91300111790489,70092,1.01826942381048,0.7664775227940523,1933326.0,0.0,0.0,1.01826942381048,293.0,0.11701912835259919,0.7677444794952681,7020,5370.35294117647,646.7156389380563,1.3071766561514195,17.504381,78.288455,Sangareddy,Active,0.1269584514656221,1.839393942157077,1.6752821100126778,0,0,Active Urban Shops
1676610,536,284364,929.2941176470588,913.0,1177,75.65381746106422,218304,0.8448557728830323,0.7670306008855212,6092676.0,905400.0,6.772780777441571,0.8448557728830323,1099.9444444444443,0.08140998207609139,0.7676921129256868,21186,16727.29411764706,1401.3835915224051,1.2665527281934421,17.409349,78.483924,Hyderabad,Active,6.310778934425029,0.6269293502699239,-0.6007358504983494,3,0,High-Volume Urban Hubs
1911011,532,21384,69.88235294117646,65.0,200,58.349308920455066,16416,0.3205612520237453,0.8664201894147748,477522.0,0.0,0.0,0.3205612520237453,218.0,0.8349648582893402,0.7676767676767676,3600,1257.8823529411766,1080.8412165041254,2.8619528619528616,19.359756,78.263328,Adilabad,Active,-0.595655705977076,10.773556612753003,2.5281803587449736,4,-1,Volatile Portability Hubs
3003015,927,70398,230.05882352941177,219.0,365,51.5252267094851,54036,0.438162055830988,0.7682296137150585,1357290.0,0.0,0.0,0.438162055830988,525.0555555555555,0.22396544465897386,0.7675786243927384,6570,4141.058823529412,954.4344182936454,1.5865507542827921,17.671307,80.898534,Bhadrdri Kothagudem,Active,0.07029910813497377,3.867492822232516,0.5107526474065109,0,0,Active Urban Shops
3513025,932,181206,592.1764705882352,619.0,751,123.96208397822184,139086,0.8601642212485845,0.7631145591901761,3869910.0,0.0,0.0,0.8601642212485845,688.5,0.20933301158535528,0.767557365650144,13518,10659.176470588236,2296.228218059295,1.268203039634449,19.084101,78.339386,Nirmal,Active,3.2294113447726187,2.3892006405859956,0.7005820757190682,0,0,Active Urban Shops
3302202,930,472590,1544.4117647058824,1536.0,1770,92.98147387565294,362718,1.1518862118875877,0.7669626903137803,10465362.0,1096992.0,8.528185171352865,1.1518862118875877,1340.7777777777778,0.06020510591834317,0.7675109502951819,31860,27799.41176470588,1722.3547492758098,1.1460674157303372,17.48025,78.54035,Medchal,Active,10.784908020836038,-1.2273234601677798,-1.1199339709376006,3,0,High-Volume Urban Hubs
4107020,938,71496,233.64705882352942,233.0,280,29.47396085310386,54864,0.7103885527346322,0.7635483953163656,1696842.0,0.0,0.0,0.7103885527346322,328.94444444444446,0.12614736518196515,0.7673716012084593,5040,4205.64705882353,545.964850193727,1.1983887210473312,17.174223,77.875835,Vikarabad,Active,-0.3927392790644852,2.050902156511967,0.925350362472546,0,0,Active Urban Shops
3384110,930,282276,922.4705882352941,912.0,1130,78.28255328299721,216558,1.1282597887205184,0.7659876686834547,5958360.0,499014.0,9.643839873412551,1.1282597887205184,817.6111111111111,0.08486184197238571,0.767185307996429,20340,16604.470588235294,1450.0773305951243,1.2249713046805255,17.504657,78.393321,Medchal,Active,5.553045566021541,0.3478630983400687,0.39996945427024433,3,0,High-Volume Urban Hubs
1585674,537,380358,1243.0,1258.0,1343,82.51211535482457,291780,1.1701886936424553,0.767060893339249,7598358.0,945000.0,8.347605123163447,1.1701886936424553,1062.2222222222222,0.06638142828224021,0.7671193980407931,24174,22374.0,1528.424188502655,1.080450522928399,17.35142,78.552102,Ranga Reddy,Active,8.090384075318513,-0.6818501121764627,-0.31248485345422045,3,0,High-Volume Urban Hubs
2357018,539,124200,405.88235294117646,401.0,486,33.98262645345444,95274,0.8648353293761116,0.7664075753514905,2523798.0,0.0,0.0,0.8648353293761116,469.55555555555554,0.08372531155198921,0.7671014492753623,8748,7305.882352941177,629.4817195869293,1.1973913043478261,16.689755,78.917719,Nalgonda,Active,0.8659589649684379,1.316145630830623,0.8747277531008929,0,0,Active Urban Shops
3909021,936,148374,484.88235294117646,473.0,575,39.81563103161264,113814,0.9636654059183983,0.766222446330015,3013722.0,0.0,0.0,0.9636654059183983,503.1666666666667,0.0821140030980729,0.7670750940191677,10350,8727.882352941177,737.5301589047853,1.1858546645638723,18.369129,78.817235,Rajanna Siricilla,Active,1.459704330810194,1.0590456077571886,0.969111115541514,0,0,Active Urban Shops
1676634,536,232272,759.0588235294117,756.0,949,82.591091115968,178128,1.0528441600373386,0.7669808206734874,4804668.0,835290.0,5.7870769509614615,1.0528441600373386,721.0555555555555,0.10880723411124117,0.7668939863608184,17082,13663.058823529413,1529.8871065616345,1.250232486050837,17.410087,78.504251,Hyderabad,Active,4.791166251839732,1.043750494279167,0.563215973023014,3,0,High-Volume Urban Hubs
1675511,536,395334,1291.9411764705883,1292.0,1409,79.54816957382361,303138,1.0144192480167176,0.7666364737770865,8901828.0,1152936.0,7.800408221889111,1.0144192480167176,1273.611111111111,0.061572594033374374,0.766789600692073,25362,23254.941176470587,1473.5211429849012,1.0906069298365433,17.374874,78.419971,Hyderabad,Active,8.971243544991676,-0.7617211010984795,-1.0434706834822685,3,0,High-Volume Urban Hubs
2111031,540,110646,361.5882352941176,362.0,375,9.814361782789076,84834,0.9243855744011745,0.7665386065331959,2253132.0,0.0,0.0,0.9243855744011745,391.1666666666667,0.027142370311926844,0.7667154709614447,6750,6508.588235294118,181.7976412194097,1.0370912640312346,18.011888,79.561933,Hanumakonda,Active,0.19931140462459454,0.5224185007696633,0.957195528484503,0,0,Active Urban Shops
3909004,936,156816,512.4705882352941,520.0,608,76.99487390418723,120222,0.8132549194174681,0.7652057662287289,3041334.0,0.0,0.0,0.8132549194174681,630.1666666666666,0.15024252254031023,0.766643709825528,10944,9224.470588235294,1426.224829648496,1.1864095500459138,18.367602,78.814571,Rajanna Siricilla,Active,2.076107574620926,1.796500294362923,0.6042849083492705,0,0,Active Urban Shops
4202004,939,144072,470.8235294117647,472.0,481,6.012138156041419,110448,0.9497740191740034,0.7666052908721075,3159522.0,0.0,0.0,0.9497740191740034,495.8333333333333,0.012769408877149441,0.7666166916541729,8658,8474.823529411764,111.36664407157421,1.0216141929035483,16.339114,77.804466,Wanaparthy,Active,0.9887572521117608,0.0892449667044869,0.7174345945521556,0,0,Active Urban Shops
1677720,536,123012,402.0,383.0,555,68.81136009910377,94302,0.4596331953278168,0.7651319933427141,2546964.0,198000.0,212.59518785384182,0.4596331953278168,874.6111111111111,0.17117253755995962,0.7666081357916301,9990,7236.0,1274.6364187484996,1.3805970149253732,17.441034,78.436489,Hyderabad,Active,2.1698295260656293,2.9469925690749896,-0.21179408986471654,0,-1,Active Urban Shops
2807008,925,79956,261.29411764705884,258.0,333,47.301181124537266,61290,0.6980318154167384,0.7613280749510134,1634112.0,0.0,0.0,0.6980318154167384,374.3333333333333,0.18102658242168695,0.7665466006303467,5994,4703.294117647059,876.189745767568,1.274425934263845,17.727235,79.160548,Janagaon,Active,-0.008257065711365764,2.6202623202921593,0.9769951320106176,0,0,Active Urban Shops
3384192,930,93780,306.47058823529414,252.0,768,156.23366522137695,71874,0.24284520786650135,0.7491523049675881,1903788.0,45000.0,312.2883348868498,0.24284520786650135,1262.0,0.5097835525457597,0.7664107485604607,13824,5516.470588235294,2894.0151631782933,2.50595009596929,17.541248,78.434472,Medchal,Active,3.369282169928716,8.248892194225261,0.33321458973040746,4,-1,Volatile Portability Hubs
3384108,930,323892,1058.4705882352941,1056.0,1135,37.46702310881456,248220,1.5007677390922394,0.7661888859202454,6863832.0,628992.0,11.583829832080959,1.5007677390922394,705.3888888888889,0.03539732093196885,0.7663665666333223,20430,19052.470588235294,694.025406383572,1.0723018784039124,17.501125,78.382056,Medchal,Active,5.970141844473769,-1.1601740828958083,1.0042011124752155,3,0,High-Volume Urban Hubs
1678857,536,322362,1053.4705882352941,1054.0,1139,65.58389034736695,247032,0.8296748978949835,0.7658303437861038,8031546.0,1156050.0,7.021747445756819,0.8296748978949835,1269.7777777777778,0.06225507487326138,0.7663186107543694,20502,18962.470588235294,1214.851951764445,1.081188229381875,17.414459,78.496592,Hyderabad,Active,7.445502437401916,-0.2741016766194632,-1.184558759717804,3,0,High-Volume Urban Hubs
1583402,537,591282,1932.2941176470588,1924.0,2349,159.3568583185339,453078,1.1414558057868414,0.7651358095577547,13453956.0,921600.0,10.288144323582769,1.1414558057868414,1692.8333333333333,0.08247029107172445,0.7662638132058814,42282,34781.294117647056,2951.868047624798,1.2156534445493015,17.316016,78.448949,Ranga Reddy,Active,14.245483576218621,-1.4089405651647509,-1.9453956705230917,3,-1,High-Volume Urban Hubs
1674424,536,203220,664.1176470588235,653.0,821,54.40816490998155,155718,1.062119721962859,0.7649483810576888,4304250.0,678888.0,6.347633024515496,1.062119721962859,625.2777777777778,0.08192549189279773,0.7662533215234721,14778,11954.117647058823,1007.8369090751327,1.2362267493356953,17.394691,78.501391,Hyderabad,Active,3.6646417406238223,0.8347433522539013,0.753191065636124,0,0,Active Urban Shops
3724046,934,277866,908.0588235294117,921.0,968,50.99446904037482,212904,1.497016980628544,0.7653313841019854,6239862.0,0.0,0.0,1.497016980628544,606.6111111111111,0.056157671418434404,0.7662110513700848,17424,16345.058823529413,944.6028577256844,1.0660102351493166,17.603307,78.083447,Sangareddy,Active,4.456362882541983,-0.7388952750383343,1.4210434491336756,0,0,Active Urban Shops
4206027,939,144432,472.0,478.0,498,23.051759294192227,110646,0.9111022388297987,0.7661200877976913,3081834.0,0.0,0.0,0.9111022388297987,518.3333333333334,0.04883847308091573,0.7660767696909272,8964,8496.0,427.0023419139526,1.055084745762712,16.374426,77.936435,Wanaparthy,Active,1.1825018814316248,0.5278382664082834,0.6976447547890289,0,0,Active Urban Shops
2909004,926,135198,441.8235294117647,445.0,457,19.855912988758906,103572,0.9437323569388527,0.7662477631851267,2970378.0,0.0,0.0,0.9437323569388527,468.1666666666667,0.044940822900932154,0.766076421248835,8226,7952.823529411765,367.8036560608999,1.034349620556517,18.323516,78.340648,Kamareddy,Active,0.9174714642664981,0.4735490313049169,0.8430998864219983,0,0,Active Urban Shops
2714016,924,137070,447.94117647058823,455.0,521,42.89326979866673,104994,0.8280897551369569,0.7653336882962989,2906208.0,0.0,0.0,0.8280897551369569,541.0,0.09575647886767359,0.7659881812212738,9378,8062.941176470588,794.5392116337175,1.1630991464215363,18.853598,78.631812,Jagityal,Active,1.294717329427114,1.2964206308782444,0.6591060634251992,0,0,Active Urban Shops
2909032,926,306882,1002.8823529411765,1011.0,1076,38.00309584912327,235062,1.6228513128935973,0.7658203382541816,6690600.0,0.0,0.0,1.6228513128935973,618.0,0.03789387233474665,0.7659686785148689,19368,18051.882352941175,703.9554213827162,1.0729075019062702,18.322999,78.331535,Kamareddy,Active,4.946407315601287,-1.2369650346968912,1.544408910699461,0,0,Active Urban Shops
1675514,536,338310,1105.5882352941176,1112.0,1259,71.25686892738558,259110,0.8523480988534781,0.7655339868274786,8387658.0,1475028.0,5.68637123332251,0.8523480988534781,1297.111111111111,0.06445154412160442,0.7658951848895983,22662,19900.58823529412,1319.936128133836,1.1387603085927107,17.408084,78.413301,Hyderabad,Active,8.274655197547098,-0.21761222993885457,-1.260052338053282,3,0,High-Volume Urban Hubs
3301023,930,305478,998.2941176470588,1004.0,1080,56.602598834264334,233964,1.211093895834988,0.7657236132526293,6825996.0,0.0,0.0,1.211093895834988,825.4444444444445,0.05669932120573294,0.7658947616522302,19440,17969.29411764706,1048.4857989444758,1.081845501149019,17.629649,78.483002,Medchal,Active,5.241385647112551,-0.5969515313015833,0.40754493505121236,3,0,High-Volume Urban Hubs
4008004,937,229716,750.7058823529412,796.0,901,99.97316901379851,175932,1.2439222641572656,0.7660326227522756,4659444.0,0.0,0.0,1.2439222641572656,603.5,0.1331722201249471,0.765867418899859,16218,13512.70588235294,1851.8663479280126,1.2002037298229118,17.000558,79.969236,Suryapet,Active,3.9250397897219327,0.9450699314242738,1.2935633689374333,0,0,Active Urban Shops
2901027,926,215838,705.3529411764706,697.0,788,25.739290776588547,165204,0.9490190278372034,0.765397706117296,4442634.0,0.0,0.0,0.9490190278372034,743.2777777777778,0.03649136378967603,0.7654073888749896,14184,12696.35294117647,476.7851902555896,1.11717121174214,18.387955,77.871059,Kamareddy,Active,2.922098283802959,0.05157526315069649,0.2645505643566685,0,0,Active Urban Shops
1585332,537,332910,1087.9411764705883,1106.0,1202,77.44529409607652,254772,1.0770512153517142,0.7644096573846526,6884406.0,810918.0,8.567975434317965,1.0770512153517142,1010.1111111111111,0.07118518516535825,0.7652879156528791,21636,19582.941176470587,1434.5682482278519,1.1048391457150581,17.370062,78.544061,Ranga Reddy,Active,6.954989014150309,-0.27299065968385644,-0.2534836959922904,3,0,High-Volume Urban Hubs
3719034,934,270270,883.2352941176471,896.0,944,40.701998131300954,206820,1.5351801066157211,0.7648362942725488,5659632.0,0.0,0.0,1.5351801066157211,575.3333333333334,0.046082848367107306,0.7652347652347652,16992,15898.235294117647,753.9488982527067,1.0687978687978688,17.533282,78.262726,Sangareddy,Active,4.110924892228192,-0.8190610668647401,1.5778091724143153,0,0,Active Urban Shops
1677730,536,391158,1278.2941176470588,1281.0,1400,70.85463135855403,299304,1.193551930576152,0.7650794286663197,9732006.0,1079388.0,9.13690174853818,1.193551930576152,1071.0,0.05542905218790753,0.7651741751415029,25200,23009.29411764706,1312.4852268076145,1.0952096083935392,17.454116,78.409903,Hyderabad,Active,8.723270331902782,-1.0424009057327952,-0.48452684062203405,3,0,High-Volume Urban Hubs
3302060,930,301464,985.1764705882352,992.0,1068,53.73732318945548,230670,1.2101683925808238,0.7648281665275931,6097248.0,616050.0,8.788620794014948,1.2101683925808238,814.1666666666666,0.05454588573087791,0.7651659899689515,19224,17733.176470588234,995.4104828721464,1.0840697396704084,17.44694,78.56427,Medchal,Active,5.6556511867295916,-0.4707626224248321,0.3783998777989363,3,0,High-Volume Urban Hubs
1926028,532,19692,68.375,88.5,116,45.14349942206172,15066,0.6837500000000001,0.7960129521668408,471222.0,0.0,0.0,0.6837500000000001,100.0,0.6602339952038278,0.7650822669104205,2088,1230.75,837.7738358292171,1.696526508226691,19.336079,78.857646,Adilabad,Active,-1.157222653483103,6.729643267056268,2.5040987462528848,4,-1,Volatile Portability Hubs
1677783,536,259488,848.0,823.0,1087,152.0957851778031,198522,0.9002123142250532,0.7650252012995568,5533470.0,396000.0,14.729439993086975,0.9002123142250532,942.0,0.17935823723797534,0.7650527192008879,19566,15264.0,2817.3665895655113,1.2818396226415094,17.408964,78.4555,Hyderabad,Active,5.77207383100923,1.9061600255673268,0.12960794919803015,3,0,High-Volume Urban Hubs
1675539,536,285372,932.5882352941177,937.0,976,30.26647323560347,218304,0.713503155969848,0.7650341466097015,7199622.0,1364922.0,5.278563696170548,0.713503155969848,1307.0555555555557,0.03245427305445055,0.7649804465749969,17568,16786.58823529412,560.6450591532409,1.046549766620411,17.389174,78.462344,Hyderabad,Active,6.57292151949452,-0.41016660855832354,-1.443463684401788,3,0,High-Volume Urban Hubs
1671174,536,247644,809.2941176470588,822.0,890,55.46724123778262,189432,0.7155562490248089,0.7644859119856536,6316992.0,1165698.0,5.41943678330045,0.7155562490248089,1131.0,0.0685378035355651,0.7649367640645443,16020,14567.29411764706,1027.454850875811,1.0997237970635265,17.361704,78.490178,Hyderabad,Active,5.677102150463088,0.3663998745036119,-0.9671366483231949,3,0,High-Volume Urban Hubs
4508001,981,208512,681.4117647058823,694.0,740,50.70267292230024,159498,0.9626051478351773,0.7649155976228791,3906756.0,0.0,0.0,0.9626051478351773,708.0,0.07440827345296133,0.7649343922651933,13320,12265.411764705883,939.1977333623315,1.0859806629834254,18.301313,80.55084,Mulugu,Active,2.8842264848065065,0.4579383693701624,0.45916951662711397,0,0,Active Urban Shops
1585377,537,486882,1591.1176470588234,1587.0,1766,95.25812670819074,372402,1.4189525293134768,0.7645423958447995,10172592.0,1146438.0,8.947466962521524,1.4189525293134768,1121.3333333333333,0.059868688455737465,0.7648711597471256,31788,28640.117647058825,1764.5266320727817,1.109911641835188,17.339273,78.562495,Ranga Reddy,Active,10.770195560114946,-1.5342720923753141,-0.3295641257906646,3,0,High-Volume Urban Hubs
2904026,926,195390,638.5294117647059,630.0,811,86.99312645344258,149436,1.1996740598983056,0.7617007872275275,4238478.0,0.0,0.0,1.1996740598983056,532.2777777777778,0.13623981112008512,0.76480884385076,14598,11493.529411764706,1611.4287960396766,1.2701059419622294,18.40271,77.702859,Kamareddy,Active,3.0624491158835823,1.298284549659173,1.4395979393153393,0,0,Active Urban Shops
3384083,930,177732,580.8235294117648,576.0,658,44.5465485255053,135918,0.8988002434442063,0.7640805060283231,3732624.0,385200.0,8.942107843137254,0.8988002434442063,646.2222222222222,0.07669549573967896,0.7647356694348795,11844,10454.823529411764,825.1639409303855,1.132874215110391,17.469379,78.458444,Medchal,Active,2.6403679648369396,0.8233002925806026,0.44521921617808974,0,0,Active Urban Shops
3306010,930,302202,987.5882352941177,1004.0,1094,80.46842609895398,231102,1.2625488460552896,0.7640621658749275,6632856.0,0.0,0.0,1.2625488460552896,782.2777777777778,0.08147973337793898,0.7647269045208172,19692,17776.58823529412,1490.567637631027,1.1077491214485675,17.55693,78.36335,Medchal,Active,5.367594718320809,-0.24387446272481866,0.6637116530442532,3,0,High-Volume Urban Hubs
3302211,930,95616,312.47058823529414,326.0,375,60.02765033085183,73116,0.6377647309505627,0.7637717896949866,1927638.0,18000.0,0.34258823529411764,0.6377647309505627,490.05555555555554,0.19210656167629536,0.764683734939759,6750,5624.470588235294,1111.9301977668754,1.200112951807229,17.459294,78.543413,Medchal,Active,0.5445419603166312,2.5450277848322944,0.6395359540721812,0,0,Active Urban Shops
1677715,536,315324,1030.4705882352941,1045.0,1373,290.86771391985786,241110,1.0789015151068186,0.7725127407951098,7121988.0,1037178.0,8.965094989117581,1.0789015151068186,955.1111111111111,0.2822668761638077,0.764642082429501,24714,18548.470588235294,5387.926945004534,1.3324009590135861,17.408085,78.453628,Hyderabad,Active,9.052839468015206,3.102019112664335,0.4765497275617447,3,-1,High-Volume Urban Hubs
2281052,541,173484,566.9411764705883,568.0,735,54.899041204457866,132642,1.0359339670655285,0.7634850595130032,3398652.0,0.0,0.0,1.0359339670655285,547.2777777777778,0.0968337518650948,0.7645777132185101,13230,10204.941176470587,1016.9297216737889,1.2964307947706994,17.243878,80.130901,Khammam,Active,2.2537934546323397,1.224701344664044,1.0670180773050988,0,0,Active Urban Shops
3313003,930,261594,854.8823529411765,833.0,1134,90.59142225354958,199998,0.9898805069164923,0.7623993314307117,5727708.0,0.0,0.0,0.9898805069164923,864.8888888888889,0.10596946110991144,0.764535883850547,20412,15387.882352941177,1678.0823088555928,1.3264983141815179,17.451161,78.681576,Medchal,Active,4.853364401260146,0.9475773285872883,0.2682900448749554,0,0,Active Urban Shops
2155016,540,288432,942.5882352941177,950.0,959,21.353397828982953,220482,0.9946104159349296,0.7642858224141665,5539140.0,0.0,0.0,0.9946104159349296,947.8333333333334,0.022654004187013865,0.7644158761857214,17262,16966.58823529412,395.54251649214825,1.0174113829256115,17.982642,79.506429,Hanumakonda,Active,4.417769764816724,-0.8085447059369841,-0.2003095541247976,0,0,Active Urban Shops
2084131,534,321894,1051.9411764705883,1064.0,1176,84.8204456711782,246060,1.1574379868463902,0.7649155058412993,6588198.0,0.0,0.0,1.1574379868463902,908.8888888888889,0.08063230869596988,0.7644131297880669,21168,18934.941176470587,1571.182853401707,1.1179332326790807,18.418746,79.137758,Karimnagar,Active,5.842528677506496,-0.20916749813576319,0.2363583448706216,3,0,High-Volume Urban Hubs
1481065,538,99594,325.47058823529414,328.0,397,45.2952512726176,76122,0.9271202842485522,0.7616869470127876,2131902.0,59256.0,74.01849231906876,0.9271202842485522,351.05555555555554,0.13916849297569114,0.7643231519971082,7146,5858.470588235294,839.0326362579005,1.2197722754382796,16.750285,78.003247,Mahbubnagar,Active,0.5684364785855072,1.9330351506333878,1.3440132010243304,0,-1,Active Urban Shops
3302114,930,507528,1658.5882352941176,1736.0,1903,198.9785235766527,387900,1.2795233405070625,0.7649085339334132,10311372.0,1038114.0,9.074985668111252,1.2795233405070625,1296.5,0.11996860905103901,0.7642928074904242,34254,29854.58823529412,3685.805255619583,1.1473613278479216,17.45689,78.566153,Medchal,Active,12.24781564394237,-0.4099633184251556,-0.703198242206429,3,-1,High-Volume Urban Hubs
1674423,536,222642,727.5882352941177,730.0,805,42.56813699667163,170154,1.5511774668584488,0.7637260452818988,4839372.0,881046.0,5.489708261175596,1.5511774668584488,469.05555555555554,0.058505807174663894,0.7642493330099442,14490,13096.588235294117,788.5165707535521,1.1063950198075836,17.388353,78.494453,Hyderabad,Active,4.036649173188844,-0.2491825537194799,1.8469076868473389,0,0,Active Urban Shops
2357005,539,102150,333.8235294117647,327.0,402,38.11993457188387,78066,1.3001124176780796,0.763096347818817,2179224.0,0.0,0.0,1.3001124176780796,256.8888888888889,0.11419187448846269,0.7642290748898678,7236,6008.823529411765,706.1196990679164,1.2042290748898679,16.693715,78.919514,Nalgonda,Active,0.3637803185170506,1.2608793830911296,2.2902463396870223,0,0,Active Urban Shops
3612068,933,87714,286.6470588235294,285.0,367,50.38259790492136,67032,0.7071150161931523,0.7576945832794445,1604736.0,0.0,0.0,0.7071150161931523,405.3888888888889,0.17576527075388124,0.7642109583418838,6606,5159.64705882353,933.268781030984,1.2803201313359327,18.732097,79.519059,Peddapalli,Active,0.1785469579714785,2.5646794928323846,0.9384127784678284,0,0,Active Urban Shops
3384116,930,503676,1646.0,1631.0,1922,102.00867851218976,384894,1.4431339308026079,0.7636151042037386,10814202.0,617112.0,16.997898517365247,1.4431339308026079,1140.611111111111,0.06197368074859645,0.7641698234579373,34596,29628.0,1889.5713799695422,1.1676792223572297,17.511855,78.408153,Medchal,Active,10.81413187270861,-1.583900796910405,-0.2959803964876443,3,-1,High-Volume Urban Hubs
3384082,930,232686,760.4117647058823,784.0,853,87.45115953354109,177804,1.0924302811416562,0.7642268260520843,5060718.0,563724.0,9.263295494210924,1.0924302811416562,696.1666666666666,0.11500500596195548,0.7641370774348263,15354,13687.411764705883,1619.9132329705008,1.121760655991336,17.466409,78.45409,Medchal,Active,4.486732082323642,0.7574020636300962,0.6597315656789229,0,0,Active Urban Shops
1671201,536,382698,1250.6470588235295,1224.0,1384,50.35213321389657,292428,1.0642799959876212,0.76425849955109,9238140.0,1518822.0,6.331998082876398,1.0642799959876212,1175.111111111111,0.040260865652426585,0.7641221015003998,24912,22511.647058823528,932.7044642581366,1.106627157706599,17.346553,78.505083,Hyderabad,Active,8.835349103536267,-1.0173984452144418,-0.9250390865837584,3,0,High-Volume Urban Hubs
4401012,941,116676,381.29411764705884,378.0,441,32.97408467822032,89154,0.8546022042202481,0.7642800913129549,2327832.0,0.0,0.0,0.8546022042202481,446.1666666666667,0.08647939517583238,0.7641160135760567,7938,6863.294117647059,610.7998613197577,1.15658747300216,17.694711,79.034327,Yadadri Bhuvanagiri,Active,0.6372650055671655,1.3042725832258717,0.8903391485882446,0,0,Active Urban Shops
2033257,534,62334,203.7058823529412,235.0,255,52.486736167161304,47628,0.8541458831558967,0.7566802652024316,1138014.0,0.0,0.0,0.8541458831558967,238.5,0.2576594036505175,0.7640773895466358,4590,3666.705882352941,972.2450671452312,1.25180479353162,18.254394,79.484132,Karimnagar,Active,-0.4013611386835744,3.0194776038564424,1.675507901813113,0,0,Active Urban Shops
1585382,537,394974,1290.764705882353,1273.0,1479,84.52077169904278,301752,1.093509417573572,0.7635174035888139,8167860.0,954648.0,8.578650326423759,1.093509417573572,1180.388888888889,0.06548116113948536,0.7639794011757736,26622,23233.764705882353,1565.6318025565497,1.1458323839037505,17.364432,78.535571,Ranga Reddy,Active,8.63379997835981,-0.6104904366688326,-0.6703067829662278,3,0,High-Volume Urban Hubs
1675595,536,585990,1915.0,1937.0,2049,114.8664227786658,447552,1.3963404854673223,0.7635694699165407,15483384.0,2189952.0,7.099679914892593,1.3963404854673223,1371.4444444444443,0.05998246620295864,0.7637536476731684,36882,34470.0,2127.743523077911,1.0699738903394256,17.390204,78.399568,Hyderabad,Active,14.840958898655346,-2.3096323117132953,-1.4449741439277355,3,-1,High-Volume Urban Hubs
1481043,538,183978,601.2352941176471,604.0,675,32.35028866131781,140490,0.7516734241513731,0.7632819844823356,4127022.0,107604.0,33.53781722951474,0.7516734241513731,799.9444444444445,0.05380636994838106,0.7636239115546424,12150,10822.235294117647,599.2448924909336,1.122688582330496,16.749189,78.007037,Mahbubnagar,Active,2.592471258041791,0.6063796488594386,-0.11376673254405821,0,0,Active Urban Shops
1674500,536,408708,1335.6470588235295,1346.0,1406,43.869324670649206,312084,1.5155826426538583,0.763584869690418,9849348.0,1628280.0,6.064200578628885,1.5155826426538583,881.2777777777778,0.03284499777155978,0.7635867171672686,25308,24041.647058823528,812.6192944097867,1.0526733022108694,17.381053,78.464573,Hyderabad,Active,9.161256707300215,-1.779240591192792,0.23290905438041812,3,-1,High-Volume Urban Hubs
2401035,921,82404,269.29411764705884,271.0,281,12.584602797846076,62910,1.0036199981903768,0.7630456976524718,1803510.0,0.0,0.0,1.0036199981903768,268.44444444444446,0.04673181467090067,0.7634338138925295,5058,4847.294117647059,233.11257063538056,1.04346876365225,19.362007,79.289137,Kumarambheem Asifabad,Active,-0.42833034432616496,0.782024739102391,1.420962576727972,0,0,Active Urban Shops
4018060,937,241416,788.9411764705883,785.0,916,63.25356054713492,184302,1.045533659112526,0.7632611824451232,4978368.0,0.0,0.0,1.045533659112526,754.6111111111111,0.08017525568903172,0.763420817178646,16488,14200.941176470587,1171.6857764876765,1.161049806143752,17.151999,79.62662,Suryapet,Active,3.8586358616362686,0.3940655456026273,0.48805096225379246,0,0,Active Urban Shops
1677716,536,203436,664.8235294117648,586.0,1125,174.19906147371202,155304,0.5742790337615357,0.7565630573639924,4553082.0,756738.0,5.965300560706483,0.5742790337615357,1157.6666666666667,0.26202300876421025,0.7634047071314811,20250,11966.823529411764,3226.799579988159,1.6921783755087596,17.445644,78.422202,Hyderabad,Active,5.699379020296349,4.046144801649726,-0.28784333717504024,3,0,High-Volume Urban Hubs
3384088,930,357282,1167.5882352941176,1166.0,1252,70.14668746831349,272646,1.1401216030815002,0.7628888363396398,7732080.0,911052.0,9.658323823568866,1.1401216030815002,1024.111111111111,0.060078275326783684,0.7631114917628092,22536,21016.58823529412,1299.3715336088217,1.0722958335432515,17.467798,78.458368,Medchal,Active,7.503360989985571,-0.6880708290868598,-0.2973657733624528,3,0,High-Volume Urban Hubs
3302167,930,202626,662.1764705882352,658.0,777,55.53048108739463,154620,0.7184101662123041,0.7625894722309946,4120668.0,666000.0,6.908752988510927,0.7184101662123041,921.7777777777778,0.08386054708054622,0.7630807497557076,13986,11919.176470588236,1028.626282675961,1.17340321577685,17.448633,78.525934,Medchal,Active,3.815718743802971,1.0096414502127,-0.3494097673079637,0,0,Active Urban Shops
3722015,934,283176,925.4117647058823,925.0,1031,63.5278206165255,216072,1.566283377910589,0.762050808265523,6494616.0,0.0,0.0,1.566283377910589,590.8333333333334,0.0686481661887194,0.7630307653190949,18558,16657.41176470588,1176.7660695112438,1.114098652428172,17.510197,78.287531,Sangareddy,Active,4.73357862659229,-0.5938968699443169,1.6196674488804248,0,0,Active Urban Shops
3513032,932,85770,280.29411764705884,264.0,463,69.72365897614796,65430,0.6675106362456231,0.7591504700339607,1646406.0,0.0,0.0,0.6675106362456231,419.94444444444446,0.24875177389181852,0.7628541448058762,8334,5045.294117647059,1291.5355088375366,1.6518363064008394,19.090163,78.349456,Nirmal,Active,0.5180132978452453,3.9587199283112446,1.1673152266501317,0,0,Active Urban Shops
1677810,536,385092,1258.4705882352941,1294.0,1697,263.43742987658516,293760,1.0499453015965357,0.7651490532628422,8377794.0,1206090.0,6.987616109005537,1.0499453015965357,1198.611111111111,0.2093314157194516,0.7628307001963167,30546,22652.470588235294,4879.818415136559,1.3484621856595307,17.428618,78.426414,Hyderabad,Active,10.713149504611092,2.0107332908804443,-0.3457971285697762,3,-1,High-Volume Urban Hubs
3513033,932,121266,396.29411764705884,395.0,435,17.37866879881484,92484,1.0180372329800702,0.7624171250164319,2434878.0,0.0,0.0,1.0180372329800702,389.3888888888889,0.04385295674333565,0.762654000296868,7830,7133.294117647059,321.9160924654673,1.0976695858690813,19.110015,78.34635,Nirmal,Active,0.5270832752356025,0.6284941625251055,1.198914643625056,0,0,Active Urban Shops
2905003,926,139194,454.88235294117646,467.0,525,68.84555689333708,106146,0.876085775293225,0.7652729546122967,2971350.0,0.0,0.0,0.876085775293225,519.2222222222222,0.1513480495521441,0.7625759731022889,9450,8187.882352941177,1275.26986763356,1.1541445751972068,18.463982,77.798607,Kamareddy,Active,1.5679142573401097,1.7252053575310193,0.8963253789865734,0,0,Active Urban Shops
1675589,536,501534,1639.0,1687.0,1820,148.13170922759437,382158,1.2907299187347132,0.7613811674068333,10980972.0,1347300.0,8.330011450136372,1.2907299187347132,1269.8333333333333,0.09037932228651273,0.7619782507267703,32760,29502.0,2743.937499288203,1.1104331909701037,17.3741,78.416287,Hyderabad,Active,12.010971892456583,-1.0161373345596005,-0.8197331490866911,3,0,High-Volume Urban Hubs
3612016,933,149328,488.0,501.0,555,51.2214094582065,113760,0.9433113348798653,0.7622634819268351,2742300.0,0.0,0.0,0.9433113348798653,517.3333333333334,0.10496190462747233,0.7618129218900676,9990,8784.0,948.8066188639285,1.1372950819672132,18.735928,79.518403,Peddapalli,Active,1.5250507860480251,1.188072719327891,0.9330673849790603,0,0,Active Urban Shops
1585653,537,441090,1441.4705882352941,1406.0,1735,128.55494755919705,335934,1.3369297397530824,0.7611711724128949,9052614.0,1120500.0,8.283370223550937,1.3369297397530824,1079.111111111111,0.08918319153259946,0.7615996735360131,31230,25946.470588235294,2381.304739991479,1.2036319118547236,17.331627,78.530483,Ranga Reddy,Active,10.121478538900186,-0.5307487207380456,-0.14149324907061736,3,0,High-Volume Urban Hubs
3302206,930,382320,1249.4117647058824,1265.0,1383,60.551295627108615,291078,1.3365229756629857,0.7610138280001959,7810848.0,912852.0,7.747160127290596,1.3365229756629857,934.8333333333334,0.048463843016047385,0.761346516007533,24894,22489.41176470588,1121.630011346408,1.1069209039548022,17.470925,78.550321,Medchal,Active,7.856515883390292,-1.0846431086002455,0.12713691019315326,3,0,High-Volume Urban Hubs
1581215,537,247104,807.5294117647059,808.0,821,8.0360326428189,188100,0.8533755235173341,0.7612942125078811,5367762.0,72000.0,2.4051568627450983,0.8533755235173341,946.2777777777778,0.009951380749411518,0.7612179487179487,14778,14535.529411764706,148.85652389425982,1.0166812354312353,17.484515,78.332594,Ranga Reddy,Active,3.629198935885983,-0.6204867926650786,-0.43293982322751706,0,0,Active Urban Shops
1881007,533,249696,816.0,749.0,1060,111.00943690500932,190062,1.0935897297859893,0.762154727459154,5151780.0,0.0,0.0,1.0935897297859893,746.1666666666666,0.13604097659927614,0.7611735870818915,19080,14688.0,2056.298130135803,1.2990196078431373,18.670497,78.098366,Nizamabad,Active,4.519277498330462,1.2772722736692321,0.7888692756283348,0,0,Active Urban Shops
3384132,930,430254,1406.0588235294117,1377.0,1638,112.13318985096411,327438,1.1297178120683669,0.7601734431717412,9053964.0,1053324.0,10.678607221557847,1.1297178120683669,1244.611111111111,0.07974999905728947,0.7610341798100657,29484,25309.058823529413,2077.1141179106007,1.1649583734259297,17.501885,78.426986,Medchal,Active,9.811949644256334,-0.5699356652858698,-0.7808393274087392,3,0,High-Volume Urban Hubs
2902022,926,45918,150.05882352941177,157.0,185,28.162347912112285,34938,0.815537084398977,0.7587435818493962,1008864.0,0.0,0.0,0.815537084398977,184.0,0.18767538788941937,0.7608780870246962,3330,2701.0588235294117,521.6690127116325,1.2328498627989024,18.198275,78.454266,Kamareddy,Active,-1.0557109568715846,2.55924382218406,1.5541651731525368,0,0,Active Urban Shops
2501025,922,249786,816.2941176470588,825.0,886,60.88439810409238,190026,1.1957766006151545,0.7608149472780057,4643082.0,0.0,0.0,1.1957766006151545,682.8333333333334,0.0745863491943194,0.760755206456727,15948,14693.29411764706,1127.800279565595,1.085393096490596,18.443907,79.855616,Jayashankar Bhupalpalli,Active,3.794783653359015,0.034024300293429934,0.862280030297451,0,0,Active Urban Shops
3213031,929,107046,349.8235294117647,357.0,372,16.800123983562337,81432,0.8881926057766485,0.7611263797128097,2073708.0,0.0,0.0,0.8881926057766485,393.8888888888889,0.048024568306803385,0.7607196906003026,6696,6296.823529411765,311.1993403138327,1.0633933075500253,18.99719,79.471851,Manchiryala,Active,0.17832940417327853,0.8033453992266149,0.9340817192883146,0,0,Active Urban Shops
3201028,929,127278,415.94117647058823,415.0,435,12.713867628962802,96822,0.9879844114551031,0.7605332604124069,2440692.0,0.0,0.0,0.9879844114551031,421.0,0.030566503987041103,0.7607127704709377,7830,7486.941176470588,235.50702499825655,1.0458209588459906,19.076014,79.486428,Manchiryala,Active,0.5710813266729909,0.4004566726202318,1.0219014021770714,0,0,Active Urban Shops
3384044,930,130716,427.1764705882353,372.0,771,130.13642867199948,99432,0.5470522198721116,0.7487254676644526,2837988.0,401454.0,5.948055642281595,0.5470522198721116,780.8888888888889,0.304643250815752,0.7606719911870008,13878,7689.176470588235,2410.599516595771,1.8048746901679977,17.457638,78.453576,Medchal,Active,2.9549186237830627,4.792621239741844,0.4845606746593289,4,0,Volatile Portability Hubs
1599013,537,550728,1799.764705882353,1803.0,1846,24.11903940285546,418842,1.6336439503877793,0.7604380082700665,11329686.0,0.0,0.0,1.6336439503877793,1102.0,0.013401218128139065,0.7605242515361486,33228,32395.764705882353,446.7722475450665,1.0256896326317166,17.30695,78.535529,Ranga Reddy,Active,10.054281329724754,-3.24912406506236,-0.10276881831177853,3,-1,High-Volume Urban Hubs
3302094,930,366048,1196.235294117647,1163.0,1470,107.16481957022921,278388,0.9329901599469894,0.7597763119120199,7552548.0,606600.0,10.9501865595084,0.9329901599469894,1282.1666666666667,0.08958506750068335,0.7605232100708104,26460,21532.235294117647,1985.0818474754296,1.228855232100708,17.480991,78.570957,Medchal,Active,8.058661079007033,0.14272969605913313,-0.8652579638735598,3,0,High-Volume Urban Hubs
1481023,538,20736,67.76470588235294,66.0,88,8.141184274331415,15768,0.2984501938962462,0.7588214868453741,414792.0,0.0,0.0,0.2984501938962462,227.05555555555554,0.12013900404829346,0.7604166666666666,1584,1219.764705882353,150.80431418388065,1.2986111111111112,16.75333,77.989601,Mahbubnagar,Active,-1.8996266955990484,2.8868967640685765,0.2805965104543082,1,0,Stable Rural Shops
1674497,536,236538,773.0,765.0,847,54.63992415327282,179838,0.7714570858283433,0.7603526418442729,5453370.0,1087200.0,5.013191564232841,0.7714570858283433,1002.0,0.07068554224226756,0.7602922152043223,15246,13914.0,1012.1299323703453,1.0957309184993531,17.382779,78.468254,Hyderabad,Active,5.062926682803965,0.4647996822460888,-0.6112213752512191,3,0,High-Volume Urban Hubs
1981012,532,227790,744.4117647058823,752.0,820,48.31868652700816,173178,1.5047077774115958,0.7570548024136438,4754610.0,0.0,0.0,1.5047077774115958,494.72222222222223,0.06490854768543175,0.7602528644804425,14760,13399.411764705883,895.037642980976,1.1015408929276964,19.676413,78.537276,Adilabad,Active,3.235248865258046,-0.2689241951370608,1.8303095871218436,0,0,Active Urban Shops
2714011,924,169110,552.6470588235294,572.0,640,47.16395825770175,128556,1.042472916792497,0.7579733979124327,3670308.0,0.0,0.0,1.042472916792497,530.2222222222222,0.0853419148888696,0.7601915912719531,11520,9947.64705882353,873.6478796672369,1.1580627993613624,18.844159,78.627069,Jagityal,Active,2.0425752426997157,0.7972269591898924,0.9980512326179198,0,0,Active Urban Shops
3302242,930,351378,1148.2941176470588,1138.0,1247,60.8688870270143,267012,1.2086715136245454,0.7589464328591882,7555914.0,744012.0,9.15565075117794,1.2086715136245454,950.0555555555555,0.05300809791810067,0.7598995953076174,22446,20669.29411764706,1127.5129580577932,1.0859587111316018,17.376882,78.565732,Medchal,Active,7.050153500286661,-0.8028084981646524,-0.030586750505135925,3,0,High-Volume Urban Hubs
2049137,534,28710,93.82352941176471,90.0,132,22.6572805646304,21816,0.6775292735993573,0.7613555288915262,510606.0,0.0,0.0,0.6775292735993573,138.5,0.24148825680170333,0.7598746081504703,2376,1688.8235294117646,419.69516248315836,1.406896551724138,18.236406,79.369429,Karimnagar,Active,-1.5175625034027214,3.4924351034703096,1.5329723274252527,1,0,Stable Rural Shops
1675512,536,548694,1793.1176470588234,1795.0,1923,99.13977158795109,416934,1.4922367347078667,0.7597384645243338,13580730.0,1936872.0,7.079883119553254,1.4922367347078667,1201.6666666666667,0.05528905019175175,0.7598661549060132,34614,32276.117647058825,1836.4287994077306,1.0724338155693336,17.391431,78.416679,Hyderabad,Active,13.278441956633316,-2.195253649504721,-0.7940389771041055,3,-1,High-Volume Urban Hubs
1676619,536,352134,1150.764705882353,1173.0,1210,64.57404083872316,267570,1.0290732877359898,0.7593431241580466,7733286.0,619200.0,12.83217262814912,1.0290732877359898,1118.2777777777778,0.05611402618505821,0.7598527833154424,21780,20713.764705882353,1196.1458695228064,1.051474722690794,17.384407,78.521115,Hyderabad,Active,7.143323482356735,-0.7309458078140211,-0.6203513314702864,3,0,High-Volume Urban Hubs
4317003,940,105264,344.0,337.0,432,49.86460356329509,79974,0.7851897975185645,0.7590007811778389,2149920.0,9000.0,4.180390832316123,0.7851897975185645,438.1111111111111,0.1449552429165555,0.7597469220246238,7776,6192.0,923.6736436642545,1.255813953488372,17.980824,79.600732,Warangal,Active,0.6103214010042964,2.1143658472176905,0.936788193765448,0,0,Active Urban Shops
3384196,930,198090,647.3529411764706,615.0,843,78.51352357883157,150498,0.8214563332424353,0.7585335062130338,4383414.0,476820.0,13.677824635436934,0.8214563332424353,788.0555555555555,0.12128395282509193,0.7597455701953657,15174,11652.35294117647,1454.3557397167513,1.3022262607905497,17.534252,78.440383,Medchal,Active,3.75203256133802,1.5810891110949488,0.18713465862658893,0,0,Active Urban Shops
3384125,930,367038,1199.4705882352941,1232.0,1253,66.43592340742387,278820,1.2113155861291736,0.7592813318182048,8048466.0,805950.0,65.46337821710759,1.2113155861291736,990.2222222222222,0.05538770525850649,0.7596488646952086,22554,21590.470588235294,1230.6346999438474,1.0446275317542053,17.513194,78.428207,Medchal,Active,7.628452716991909,-0.9295183305887931,-0.17336287813091472,3,-1,High-Volume Urban Hubs
3302142,930,297594,972.5294117647059,979.0,1079,58.381903643984295,226062,1.335698147984056,0.7593553790329579,6391188.0,652374.0,8.902049505765822,1.335698147984056,728.2777777777778,0.06003099025873907,0.7596322506502147,19422,17505.529411764706,1081.4449892185373,1.1094780136696305,17.491936,78.505273,Medchal,Active,5.676700342892079,-0.4765195472780718,0.763599003376163,3,0,High-Volume Urban Hubs
3384055,930,185742,607.0,620.0,629,51.75212041272429,141084,0.9597784233676047,0.7590993982048914,3932190.0,257040.0,5.7011666666666665,0.9597784233676047,632.4444444444445,0.08525884746742057,0.759569725748619,11322,10926.0,958.6373141078957,1.0362438220757826,17.466042,78.428123,Medchal,Active,2.661704660214818,0.5806102538828343,0.5525689964846746,0,0,Active Urban Shops
3722017,934,94554,309.0,311.0,345,28.69077649241485,71820,0.8351351351351352,0.7593024430829214,2019672.0,0.0,0.0,0.8351351351351352,370.0,0.09285040936056586,0.759565962307253,6210,5562.0,531.4574300920065,1.116504854368932,17.509544,78.283715,Sangareddy,Active,0.06153755087644946,1.3870673309734953,0.9859544244014032,0,0,Active Urban Shops
3384189,930,478260,1562.9411764705883,1561.0,1665,52.966582139396266,363114,1.3206752355671294,0.7590338725730615,10386054.0,1028664.0,11.235835098618727,1.3206752355671294,1183.4444444444443,0.03388904389799535,0.7592397440722619,29970,28132.941176470587,981.1335580967188,1.0652992096349267,17.513669,78.45926,Medchal,Active,10.129513372182831,-1.9998201101833508,-0.6924852119986447,3,0,High-Volume Urban Hubs
1672273,536,373230,1219.7058823529412,1201.0,1355,60.373361007838966,283320,0.9925639753078538,0.7583993644636243,8684820.0,1514592.0,5.738261232907074,0.9925639753078538,1228.888888888889,0.04949829453259042,0.7591029659995178,24390,21954.70588235294,1118.334015662689,1.1109235591994213,17.34236,78.484491,Hyderabad,Active,8.701889101254922,-0.7479050789773868,-1.0581643408623937,3,0,High-Volume Urban Hubs
3213035,929,133398,435.94117647058823,469.0,483,59.22828691656035,101250,0.8633450098044351,0.75688640518706,2651454.0,0.0,0.0,0.8633450098044351,504.94444444444446,0.13586302490642638,0.7590068816623937,8694,7846.941176470588,1097.123082804992,1.107947645391985,18.982246,79.479997,Manchiryala,Active,1.2869166836683164,1.5168849883797557,0.8442117031729005,0,0,Active Urban Shops
3301019,930,359280,1174.1176470588234,1181.0,1222,35.11012019374594,272646,1.3732724932410254,0.7587035759567713,7769052.0,0.0,0.0,1.3732724932410254,855.0555555555555,0.029903408982649354,0.7588677354709419,21996,21134.117647058825,650.3670004652123,1.0407815631262525,17.630661,78.480596,Medchal,Active,6.094107411399033,-1.5164317303452337,0.43303973753904934,3,0,High-Volume Urban Hubs
3302209,930,105552,344.94117647058823,343.0,399,19.677476612220747,80100,0.6028688130590825,0.7584877467513572,2229804.0,403200.0,9.351060785335708,0.6028688130590825,572.1666666666666,0.05704589058795237,0.7588676671214188,7182,6208.941176470588,364.4983660094093,1.156718963165075,17.472206,78.533278,Medchal,Active,0.8074784551554625,1.367032950194731,0.08259843263755513,0,0,Active Urban Shops
2706009,924,154098,503.5882352941176,500.0,579,27.49128730218611,116928,1.1661177917712318,0.7581698147111069,3157758.0,0.0,0.0,1.1661177917712318,439.55555555555554,0.054590805295778984,0.758789860997547,10422,9064.588235294117,509.2385318816136,1.1497488611143558,18.791641,78.911806,Jagityal,Active,1.415553021225296,0.4767623273730576,1.401520572906929,0,0,Active Urban Shops
1678848,536,229464,749.8823529411765,751.0,853,40.497551624268254,174114,1.0827852184318547,0.7584104415549296,5010552.0,915012.0,5.4969926993771825,1.0827852184318547,692.5555555555555,0.05400520690402889,0.758785691873235,15354,13497.882352941177,750.1618060752743,1.137511766551616,17.421525,78.491437,Hyderabad,Active,4.331076511322482,0.15198942541759888,0.455347099504555,3,0,High-Volume Urban Hubs
2084107,534,253386,828.0588235294117,809.0,1025,98.25275103438315,192240,0.9712270645262281,0.7559654932516949,5137200.0,0.0,0.0,0.9712270645262281,852.6666666666666,0.11865431324746137,0.7586843787738865,18450,14905.058823529413,1819.997955719602,1.2378347659302407,18.433927,79.138668,Karimnagar,Active,4.5379118486442085,1.0050929845421623,0.29469536323760986,0,0,Active Urban Shops
4202003,939,135360,442.3529411764706,438.0,488,33.160013563294015,102654,0.8608637289725035,0.7580781447502187,2837376.0,0.0,0.0,0.8608637289725035,514.0555555555555,0.0749627966191487,0.7583776595744681,8784,7962.35294117647,614.243939853751,1.103191489361702,16.338155,77.803242,Wanaparthy,Active,1.0669984412758928,0.9605966258838766,0.6959855734909944,0,0,Active Urban Shops
1981013,532,67014,219.0,212.0,353,49.65229923852602,50814,0.6358240838618745,0.7620428273873427,1476630.0,0.0,0.0,0.6358240838618745,344.44444444444446,0.22672282757317816,0.75825946817083,6354,3942.0,919.7409961505466,1.6118721461187215,19.675434,78.530961,Adilabad,Active,-0.1427520335182535,3.7585866438187754,1.157486153657671,0,0,Active Urban Shops
3724039,934,147780,482.94117647058823,492.0,546,34.77501181136008,112032,1.1065544767649462,0.7569534107440629,3247362.0,0.0,0.0,1.1065544767649462,436.44444444444446,0.07200672360452148,0.7580998781973204,9828,8692.941176470587,644.1595755894107,1.130572472594397,17.610408,78.074059,Sangareddy,Active,1.3751548256867987,0.6705414775435558,1.296851641238771,0,0,Active Urban Shops
3401003,931,137628,449.7647058823529,455.0,503,34.80225444099141,104328,1.0516048170569081,0.7573317289131775,2970252.0,0.0,0.0,1.0516048170569081,427.72222222222223,0.07737880270688648,0.7580434213968088,9054,8095.764705882353,644.6642080777174,1.1183625425058854,16.399034,78.641128,Nagarkarnool,Active,1.1203037259032733,0.8115747822843546,1.2296405871124687,0,0,Active Urban Shops
3213051,929,116262,379.94117647058823,418.0,429,99.20617612279217,88128,0.8816479454243252,0.7612060620642805,2235474.0,0.0,0.0,0.8816479454243252,430.94444444444446,0.26110930393055687,0.7580120761727822,7722,6838.941176470588,1837.658852677376,1.1291221551323734,18.976823,79.486874,Manchiryala,Active,1.2646070186214509,2.6952699266250093,1.3032765184002475,0,0,Active Urban Shops
4018029,937,153792,502.5882352941176,499.0,594,33.129953642451966,116550,1.3608116222007691,0.7573082133810474,3276864.0,0.0,0.0,1.3608116222007691,369.3333333333333,0.06591868117060902,0.7578417602996255,10692,9046.588235294117,613.6871208954457,1.1818820224719102,17.142214,79.617571,Suryapet,Active,1.484187314377286,0.45144466426921026,1.9727510311067402,0,0,Active Urban Shops
1676692,536,342036,1117.764705882353,1091.0,1438,105.45108506034924,259164,1.0846899118074558,0.7564315775911171,7335810.0,682110.0,10.86713884960407,1.0846899118074558,1030.5,0.09434104020765904,0.7577097147668667,25884,20119.764705882353,1953.3372574075554,1.2864961582991263,17.38902,78.51063,Hyderabad,Active,7.506163537198791,0.3139833697318143,-0.1764558247607989,3,0,High-Volume Urban Hubs
3302240,930,314064,1026.3529411764705,968.0,1307,112.13238490917556,237852,1.0436933844563914,0.7563308173766247,6290190.0,673542.0,53.432942752425426,1.0436933844563914,983.3888888888889,0.10925324068408898,0.7573360843649702,23526,18474.352941176472,2077.099207463873,1.2734410820724438,17.3782,78.549619,Medchal,Active,6.828091631264547,0.7550769236218147,-0.01698493576228424,3,-1,High-Volume Urban Hubs
1881087,533,293814,960.1764705882352,958.0,994,11.45260663124124,222480,0.9587917854913276,0.7570843461622266,7274754.0,0.0,0.0,0.9587917854913276,1001.4444444444445,0.01192760599957735,0.757213747472891,17892,17283.176470588234,212.14388846196934,1.0352263677020157,18.667372,78.081951,Nizamabad,Active,4.783666910778141,-1.0675839811313148,-0.4935398024565641,0,0,Active Urban Shops
1890008,533,174150,569.1176470588235,554.0,676,42.711835220324296,131868,0.8921117277390821,0.7572394603450786,3863466.0,0.0,0.0,0.8921117277390821,637.9444444444445,0.07504921950858016,0.7572093023255814,12168,10244.117647058823,791.1783839906882,1.1878036175710593,18.670898,78.103433,Nizamabad,Active,2.177817142124137,0.8691116015184309,0.5085542031742123,0,0,Active Urban Shops
3302121,930,449676,1469.5294117647059,1453.0,1671,80.21577939071217,340488,1.225752714291213,0.7569036787108072,9270900.0,1079190.0,9.144921023014275,1.225752714291213,1198.888888888889,0.05458603192867292,0.7571851733247938,30078,26451.529411764706,1485.887702589224,1.1370987110719717,17.504674,78.509655,Medchal,Active,9.843250376231188,-1.2175466441543064,-0.6918161512662871,3,0,High-Volume Urban Hubs
2281041,541,60606,210.4375,279.5,343,128.20909091414435,45864,0.5901977225561326,0.8030458906788983,1153116.0,0.0,0.0,0.5901977225561326,356.55555555555554,0.6092502092742232,0.7567567567567568,6174,3787.875,2379.3065061063485,1.62993762993763,17.2502,80.14956,Khammam,Active,0.7281388835442099,6.639616091729288,1.7840323011557517,4,0,Volatile Portability Hubs
3722016,934,232776,760.7058823529412,765.0,861,43.3180963741621,176130,1.2075763026166717,0.7557685931261918,5043744.0,0.0,0.0,1.2075763026166717,629.9444444444445,0.056944605502687574,0.756650170120631,15498,13692.70588235294,802.4085434417026,1.1318434890194866,17.509907,78.287811,Sangareddy,Active,3.4125153321053516,-0.06583328688530576,0.9351430995218153,0,0,Active Urban Shops
3316002,930,281052,918.4705882352941,913.0,1030,68.65948850392105,212652,1.0992937534551175,0.755843497666796,5936976.0,0.0,0.0,1.0992937534551175,836.7222222222222,0.07475415041415767,0.7566286665812733,18540,16532.470588235294,1271.8232049722487,1.1214294863583962,17.5098,78.55578,Medchal,Active,4.773110081138052,-0.03539673505055436,0.3167067252339235,0,0,Active Urban Shops
2714004,924,213192,696.7058823529412,697.0,721,12.803115580325095,161262,0.971454921573297,0.7563601479389374,4389732.0,0.0,0.0,0.971454921573297,717.3333333333334,0.01837664343680569,0.7564167510976022,12978,12540.70588235294,237.16022134463296,1.034869976359338,18.85074,78.623642,Jagityal,Active,2.6346616971278283,-0.33524830603441647,0.26357880324160077,0,0,Active Urban Shops
3724027,934,94068,307.4117647058824,303.0,355,25.536994549987565,71154,0.810455843030163,0.7549098910609542,2071836.0,0.0,0.0,0.810455843030163,379.3888888888889,0.08307097346915204,0.7564102564102564,6390,5533.411764705882,473.0379290849109,1.154802908534252,17.615162,78.085673,Sangareddy,Active,0.03907545466064631,1.4057612688532504,0.912443539305942,0,0,Active Urban Shops
3302090,930,456372,1491.4117647058824,1492.0,1574,49.91553907818453,345168,1.23144615385395,0.7563435262406025,9422046.0,594360.0,14.356349590962212,1.23144615385395,1211.1666666666667,0.033468650482335605,0.7563303620730457,28332,26845.41176470588,924.61715447689,1.0553758775735584,17.442407,78.570912,Medchal,Active,9.106974762815232,-1.8286520906572765,-0.7397141512487848,3,0,High-Volume Urban Hubs
1672219,536,365310,1193.8235294117646,1189.0,1297,55.99509552844902,276282,1.0729281308680987,0.7561275872483978,9517896.0,1442772.0,6.638011618534762,1.0729281308680987,1112.7222222222222,0.04690399723989325,0.7562946538556294,23346,21488.823529411766,1037.2326303254083,1.0864252278886424,17.360344,78.482018,Hyderabad,Active,8.472664668862398,-0.9422739105393967,-0.8011616074070255,3,0,High-Volume Urban Hubs
3702009,934,115974,379.0,381.0,393,8.846227314788953,87696,0.8840232543503571,0.7561581346423943,2479950.0,0.0,0.0,0.8840232543503571,428.72222222222223,0.023340969168308582,0.7561694862641627,7074,6822.0,163.86427310429812,1.036939313984169,17.509275,78.318167,Sangareddy,Active,0.3263895955853553,0.4598447253979201,0.7697134860143738,0,0,Active Urban Shops
1581640,537,376704,1231.0588235294117,1234.0,1338,56.24352614626395,284850,1.1006341423416317,0.7559836532305979,7831116.0,334800.0,6.761576923076922,1.1006341423416317,1118.5,0.045687115084407835,0.7561639908256881,24084,22159.058823529413,1041.8344680531213,1.0868692660550459,17.490527,78.38213,Ranga Reddy,Active,7.215901288199102,-1.0195635032246801,-0.5177265621354957,3,0,High-Volume Urban Hubs
2922002,926,117666,384.52941176470586,383.0,396,5.750049263970765,88974,0.9875282489677778,0.7561375486672105,2628342.0,0.0,0.0,0.9875282489677778,389.3888888888889,0.014953470626817043,0.7561572586813523,7128,6921.529411764706,106.5118054765872,1.0298301973382284,18.193544,78.013772,Kamareddy,Active,0.3277555837852776,0.2568151597826214,1.0235391573262276,0,0,Active Urban Shops
2084153,534,389304,1272.235294117647,1318.0,1394,110.44849046194818,294336,1.4068185269009275,0.7560074114193006,7677108.0,0.0,0.0,1.4068185269009275,904.4444444444445,0.08681451534368037,0.7560569631958572,25092,22900.235294117647,2045.9073637817698,1.0957092657665988,18.427234,79.133819,Karimnagar,Active,7.399415874187123,-0.7279856960637247,0.5394781196477773,3,0,High-Volume Urban Hubs
1532001,537,187398,612.4117647058823,593.0,731,56.15067894855588,141678,0.8893988386358522,0.7547491064624905,4010508.0,0.0,0.0,0.8893988386358522,695.3333333333334,0.09168778619973586,0.7560272788396888,13158,11023.411764705883,1040.1146005863686,1.1936413408894437,17.264169,78.395448,Ranga Reddy,Active,2.606984563014108,0.9861047389968505,0.43894582606539934,0,0,Active Urban Shops
1675510,536,292194,954.8823529411765,957.0,1022,39.44482615643137,220896,0.8574691733494132,0.7557278080261852,7471656.0,1344222.0,5.557658372717699,0.8574691733494132,1113.611111111111,0.04130857171559991,0.7559908827696667,18396,17187.882352941175,730.6615052773177,1.0702889176369126,17.382897,78.417768,Hyderabad,Active,6.595281385185006,-0.40812604540965763,-0.9502445999123524,3,0,High-Volume Urban Hubs
1804001,533,154458,504.7647058823529,502.0,519,7.444451960700567,116748,0.9972307787082526,0.7558489056519305,3323484.0,0.0,0.0,0.9972307787082526,506.1666666666667,0.01474836071925296,0.7558559608437245,9342,9085.764705882353,137.89830012175858,1.0282018412772405,18.797751,78.286569,Nizamabad,Active,1.197065724007855,-0.009870969789506408,0.7721652946565898,0,0,Active Urban Shops
1741011,535,127674,417.2352941176471,415.0,513,47.37319774930948,96498,0.8340115835112922,0.7559969163974178,2660562.0,0.0,0.0,0.8340115835112922,500.27777777777777,0.11354072490318076,0.7558155928380093,9234,7510.235294117647,877.5237553345612,1.2295220640067672,17.73951,78.283964,Medak,Active,1.0997299507723926,1.626351459577021,0.8140002318405251,0,0,Active Urban Shops
2905012,926,120150,392.6470588235294,409.0,426,47.764513968005645,90810,0.9611744908291016,0.7534540834055488,2533842.0,0.0,0.0,0.9611744908291016,408.55555555555554,0.12164745130428405,0.7558052434456929,7668,7067.64705882353,884.7723535729734,1.084943820224719,18.463875,77.798291,Kamareddy,Active,0.8197902387791849,1.3018769166807174,1.178733546056293,0,0,Active Urban Shops
4503008,981,17910,58.529411764705884,61.0,74,10.78314338642443,13536,0.7220957739715378,0.7544374389061003,446634.0,0.0,0.0,0.7220957739715378,81.05555555555556,0.18423461062232693,0.7557788944723618,1332,1053.5294117647059,199.74299663788554,1.264321608040201,18.479322,80.354371,Mulugu,Active,-1.9357956053095335,2.7841010337953813,1.5397519857090687,1,0,Stable Rural Shops
2902018,926,86292,282.0,291.0,300,25.286035801552092,65214,0.9242544376584877,0.7548438709036128,1819422.0,0.0,0.0,0.9242544376584877,305.1111111111111,0.08966679362252515,0.7557363370880267,5400,5076.0,468.3892611920133,1.0638297872340425,18.241383,78.384658,Kamareddy,Active,-0.21580324579147137,1.2001201834719237,1.2598651765519282,0,0,Active Urban Shops
1672272,536,382752,1250.8235294117646,1255.0,1345,57.07655114364605,289170,1.0980166643859102,0.755292197893634,8778114.0,1480374.0,5.934230047735971,1.0980166643859102,1139.1666666666667,0.04563117802116173,0.7555022573363431,24210,22514.823529411766,1057.2651178449828,1.0752915726109857,17.342702,78.485665,Hyderabad,Active,8.69034218562717,-1.0203215189227368,-0.7932190813246784,3,0,High-Volume Urban Hubs
1585178,537,450036,1470.7058823529412,1477.0,1629,129.5576272743393,339786,1.3009374142466041,0.7542418903751525,9378054.0,1004544.0,9.407426252812085,1.3009374142466041,1130.5,0.08809213917541668,0.7550195984321254,29322,26472.70588235294,2399.8780116056396,1.107631389488841,17.340695,78.533435,Ranga Reddy,Active,10.11829438981359,-0.7964471868022883,-0.35059293545892406,3,0,High-Volume Urban Hubs
3723040,934,190188,621.5294117647059,620.0,680,32.890490692805216,143532,0.9223027079712535,0.7541382873618223,4143330.0,0.0,0.0,0.9223027079712535,673.8888888888889,0.052918639199099816,0.7546848381601363,12240,11187.529411764706,609.2513969667057,1.0940753359833428,17.621634,77.950055,Sangareddy,Active,2.382519818780396,0.32359660167369764,0.3798793787160942,0,0,Active Urban Shops
4008002,937,13572,50.266666666666666,49.0,150,41.36988830046033,10242,0.09936313884082575,0.7049695520044279,263286.0,0.0,0.0,0.09936313884082575,505.8888888888889,0.8230083879401923,0.7546419098143236,2700,904.8,769.3655270973052,2.9840848806366047,16.998997,79.966014,Suryapet,Active,-0.7695467939673418,10.869190724902074,1.7073767477368909,4,-1,Volatile Portability Hubs
1675552,536,115074,376.05882352941177,369.0,530,53.11456659133302,86814,0.6407910413947308,0.7513715701381914,2852226.0,529794.0,5.362097744659408,0.6407910413947308,586.8888888888889,0.14124004881161606,0.7544188956671359,9540,6769.058823529412,983.8747678559143,1.4093539809166276,17.381724,78.453661,Hyderabad,Active,1.6858917517152427,2.484129223251653,0.3592583579971673,0,0,Active Urban Shops
1814025,533,108234,353.70588235294116,316.0,580,111.73739015534196,81630,1.0413433574957698,0.7086681389071674,2468646.0,0.0,0.0,1.0413433574957698,339.6666666666667,0.3159048116814923,0.7541992349908532,10440,6366.705882352941,2069.7824693885673,1.6397804756361216,18.64725,77.888074,Nizamabad,Active,1.3918254235035616,4.029690411058557,2.1323618533317723,4,0,Volatile Portability Hubs
3511006,932,188514,616.0588235294117,615.0,640,11.803992263868947,142164,0.9360249715621691,0.7540086395897296,3717612.0,0.0,0.0,0.9360249715621691,658.3888888888889,0.01916049541542749,0.7541296667621503,11520,11089.058823529413,218.6528271564976,1.0388618351952639,18.974535,77.908851,Nirmal,Active,2.021505457312235,-0.10756351474262561,0.3576933844826628,0,0,Active Urban Shops
1677819,536,337806,1103.9411764705883,1109.0,1211,49.77631740445534,254736,1.0328505095232858,0.753786936044374,7971336.0,1475730.0,5.413078445295556,1.0328505095232858,1068.8333333333333,0.04508964650054568,0.7540896254062983,21798,19870.941176470587,922.0382632101157,1.0969787392763894,17.447995,78.430053,Hyderabad,Active,7.675459075484451,-0.6753154822143759,-0.682555307868464,3,0,High-Volume Urban Hubs
3003008,927,117990,385.5882352941176,386.0,438,36.33785533008731,88974,0.879352357998611,0.7534574675730357,2212848.0,0.0,0.0,0.879352357998611,438.5,0.09424005196208761,0.7540808543096873,7884,6940.588235294118,673.1091162307499,1.1359267734553775,17.668223,80.887946,Bhadrdri Kothagudem,Active,0.6347999569513892,1.2877362009274451,0.9512845237575468,0,0,Active Urban Shops
4018037,937,196650,642.6470588235294,645.0,668,13.655945964069215,148284,0.9704427745871721,0.7540176016032939,4037364.0,0.0,0.0,0.9704427745871721,662.2222222222222,0.021249526900611135,0.7540503432494279,12024,11567.64705882353,252.95773885583895,1.0394508009153318,17.141348,79.613552,Suryapet,Active,2.2471762231394075,-0.1848068824923836,0.39334010894756016,0,0,Active Urban Shops
1677744,536,303516,991.8823529411765,977.0,1188,77.7050278919672,228834,1.161908616386035,0.7534452975334864,6680610.0,1262178.0,5.3022688853430795,1.161908616386035,853.6666666666666,0.0783409722549782,0.7539437789111612,21384,17853.882352941175,1439.3794618842237,1.197722690072352,17.453735,78.443011,Hyderabad,Active,6.78957077162775,0.10377237475875879,0.17826754418073987,3,0,High-Volume Urban Hubs
2155012,540,272826,891.5882352941177,886.0,1012,36.95624872946784,205668,0.9598555671751942,0.7539022760153153,5352696.0,0.0,0.0,0.9598555671751942,928.9444444444445,0.04144990620841547,0.7538431087946164,18216,16048.588235294117,684.5640089523704,1.1350531107739,17.971501,79.500258,Hanumakonda,Active,4.330238004946411,-0.23916809808508338,-0.1266228219471231,0,0,Active Urban Shops
4206005,939,84132,274.94117647058823,281.0,415,78.33858712898436,63414,0.5844319281153755,0.7467250030907681,1941480.0,0.0,0.0,0.5844319281153755,470.5,0.28492853684055075,0.7537441163885323,7470,4948.941176470588,1451.1152810247468,1.5094137783483097,16.381411,77.936367,Wanaparthy,Active,0.6059979717282317,3.953202027158154,0.8821594842180549,0,0,Active Urban Shops
1500024,537,480240,1569.4117647058824,1537.0,1801,114.72610458937717,361944,1.4625163807366783,0.7533542545488029,10290366.0,0.0,0.0,1.4625163807366783,1074.388888888889,0.07310134100522533,0.7536731634182908,32418,28249.41176470588,2125.144320358723,1.1475637181409295,17.353877,78.383498,Ranga Reddy,Active,9.596755307519926,-1.3959395794940699,0.04397172350648407,3,0,High-Volume Urban Hubs
3302195,930,159984,522.8235294117648,508.0,634,44.92122323591163,120528,0.8476152475516889,0.75278767912468,3605976.0,403920.0,8.443615807289662,0.8476152475516889,616.8333333333334,0.08592043148182918,0.7533753375337534,11412,9410.823529411764,832.1042779674705,1.2126462646264626,17.465455,78.561595,Medchal,Active,2.321216477134822,1.184225826125929,0.4532558350297841,0,0,Active Urban Shops
4107021,938,180972,591.4117647058823,598.0,665,37.33438259075641,136332,1.2285664586773555,0.7530201224381673,4219992.0,0.0,0.0,1.2285664586773555,481.3888888888889,0.06312756157179819,0.7533320071613289,11970,10645.411764705883,691.568422032803,1.1244280883230555,17.175162,77.875355,Vikarabad,Active,2.186036534676359,0.23767694493597805,1.3545428643774653,0,0,Active Urban Shops
1583748,537,235116,768.3529411764706,706.0,1053,148.50174014935536,177120,0.9647294050371411,0.7609538236724643,4235634.0,457398.0,8.318088157671495,0.9647294050371411,796.4444444444445,0.19327282058942283,0.7533302710151585,18954,13830.35294117647,2750.7918164861294,1.3704639412034911,17.311211,78.424062,Ranga Reddy,Active,5.010729923557814,2.3425469352162813,0.6322397647006553,3,0,High-Volume Urban Hubs
1481036,538,118206,386.29411764705884,387.0,395,6.773993037929543,89046,0.89650565022858,0.7531284448537894,2430180.0,0.0,0.0,0.89650565022858,430.8888888888889,0.017535843101081503,0.7533120146185472,7110,6953.294117647059,125.47896472411344,1.0225369270595401,16.753985,77.995833,Mahbubnagar,Active,0.3216011515274586,0.35595581245198027,0.771652918620452,0,0,Active Urban Shops
1672248,536,272646,891.0,914.0,984,48.501478767383475,205344,0.7420969309773683,0.7532043130493534,6606018.0,1055988.0,6.317727661266744,0.7420969309773683,1200.6666666666667,0.05443488077147416,0.7531524394269492,17712,16038.0,898.4236194579927,1.1043771043771045,17.333045,78.472542,Hyderabad,Active,6.033448522395303,0.008986316322775034,-1.1068467839823823,3,0,High-Volume Urban Hubs
1504019,537,266904,872.2352941176471,898.0,1079,133.73738713409278,201006,1.2526640043183186,0.750176681086735,6375186.0,0.0,0.0,1.2526640043183186,696.3333333333334,0.15332719053679372,0.7531022390072836,19422,15700.235294117647,2477.3023515865943,1.2370515241435123,17.454236,78.129146,Ranga Reddy,Active,5.240073544334021,1.0142985311649386,1.0574570208005187,3,0,High-Volume Urban Hubs
2909021,926,173682,567.5882352941177,577.0,620,32.13710983195307,130788,1.1469494434625318,0.7529235729381859,3791592.0,0.0,0.0,1.1469494434625318,494.8888888888889,0.05662046503712324,0.7530314022178464,11160,10216.588235294117,595.2960459745569,1.0923411752513215,18.327535,78.330881,Kamareddy,Active,1.9085349097679507,0.24765105878968321,1.1651080297705776,0,0,Active Urban Shops
3501029,932,342180,1118.235294117647,1120.0,1231,67.0261768981746,257652,1.371745109549794,0.7521112633563763,7279632.0,0.0,0.0,1.371745109549794,815.6111111111111,0.05993924288632131,0.7529721199368753,22158,20128.235294117647,1241.56833930979,1.100841662283009,19.10878,77.962537,Nirmal,Active,6.0190871433422,-0.8658968959717153,0.6499006936887596,3,0,High-Volume Urban Hubs
3610012,933,115920,378.8235294117647,358.0,450,38.23587151852432,87264,1.0662851473401047,0.7510061873362248,2316888.0,0.0,0.0,1.0662851473401047,355.27777777777777,0.10093320121349587,0.7527950310559006,8100,6818.823529411765,708.2672725827198,1.1878881987577639,18.614453,79.372874,Peddapalli,Active,0.5988664865122016,1.282956461587167,1.5283265809822915,0,0,Active Urban Shops
3302100,930,278460,910.0,907.0,1032,49.76390159180992,209538,0.7548066264423773,0.7522468995343156,5774328.0,828990.0,8.718661849916275,0.7548066264423773,1205.611111111111,0.05468560614484606,0.7524886877828054,18576,16380.0,921.808277246413,1.134065934065934,17.44842,78.580118,Medchal,Active,5.760042652600259,0.09395128499992393,-0.9948117945852357,3,0,High-Volume Urban Hubs
1583634,537,110952,362.5882352941176,331.0,760,112.57210611093961,83484,0.465022727689797,0.745883877011911,2696436.0,510660.0,5.227588860060613,0.465022727689797,779.7222222222222,0.3104681706498984,0.7524334847501623,13680,6526.588235294118,2085.2444418707705,2.096041531473069,17.339938,78.438512,Ranga Reddy,Active,2.6857926026558068,5.4870811114119835,0.4731916493689714,4,-1,Volatile Portability Hubs
1890001,533,229176,748.9411764705883,742.0,813,44.741184356560936,172422,0.9455003013344382,0.7521677988161704,4678110.0,0.0,0.0,0.9455003013344382,792.1111111111111,0.05973925024045993,0.7523562676720076,14634,13480.941176470587,828.7693037411129,1.0855325164938738,18.686307,78.118033,Nizamabad,Active,3.3400896300638694,0.14570449214243691,0.18058524335745538,0,0,Active Urban Shops
2357006,539,59526,194.52941176470588,198.0,218,19.474425035736413,44784,0.7683841028088625,0.7510581138406528,1360476.0,0.0,0.0,0.7683841028088625,253.22222222222223,0.10011044015951588,0.7523435137586937,3924,3501.529411764706,360.7371130142868,1.1206531599637133,16.692936,78.923298,Nalgonda,Active,-0.8783066516726196,1.6795698406153445,1.0831298559584337,0,0,Active Urban Shops
3302020,930,145260,474.70588235294116,468.0,591,35.64209748072436,109278,0.597784153242941,0.7517721726133492,3221010.0,17820.0,29.50513854627131,0.597784153242941,794.1111111111111,0.07508248539929543,0.7522924411400248,10638,8544.70588235294,660.2211527876358,1.2449814126394052,17.396209,78.540378,Medchal,Active,1.7240399941057545,1.396091961618372,-0.19125504026251572,0,0,Active Urban Shops
3612057,933,232092,758.4705882352941,768.0,858,62.91081992200865,174582,1.2462529342576245,0.7523141758423667,4438692.0,0.0,0.0,1.2462529342576245,608.6111111111111,0.08294431042920328,0.7522103303862262,15444,13652.470588235294,1165.336974744165,1.1312238250349,18.765036,79.481557,Peddapalli,Active,3.4423654212873447,0.23785678649641237,1.147023429037953,0,0,Active Urban Shops
3302041,930,261576,854.8235294117648,853.0,923,36.0266054050421,196758,1.294099575381475,0.7518895601705269,5842188.0,475200.0,10.831978609625668,1.294099575381475,660.5555555555555,0.0421450792654635,0.7522020368841178,16614,15386.823529411764,667.3436366758624,1.079755023396642,17.420934,78.55993,Medchal,Active,4.4552829559451705,-0.5547943565307444,0.842036201413836,0,0,Active Urban Shops
1676633,536,174186,569.2352941176471,566.0,618,47.193465052734794,131022,0.8716868488471036,0.752373659781811,3903318.0,558432.0,7.182530346312446,0.8716868488471036,653.0555555555555,0.08290677956975215,0.7521959284902345,11124,10246.235294117647,874.1944527257488,1.0856670455719748,17.413473,78.499546,Hyderabad,Active,2.747363576883672,0.806146454879794,0.32671870738322345,0,0,Active Urban Shops
3302214,930,175338,573.0,566.0,650,39.00870016450948,131868,0.9999396449699899,0.752112553258595,3584826.0,454734.0,8.845668726340385,0.9999396449699899,573.0555555555555,0.06807801075830625,0.7520788420080073,11700,10314.0,722.5828672200856,1.1343804537521816,17.452607,78.537962,Medchal,Active,2.503610915878407,0.657839523252885,0.7275863456179588,0,0,Active Urban Shops
1481032,538,56772,185.52941176470588,187.0,237,22.479151382246606,42696,0.24879221909189775,0.7490801241042173,1264734.0,26676.0,25.983179613490577,0.24879221909189775,745.7222222222222,0.12116219831902102,0.7520608750792644,4266,3339.529411764706,416.3955627836136,1.277425491439442,16.737534,77.99523,Mahbubnagar,Active,-0.3429016495345951,2.594386460358871,-0.47132019946018755,0,0,Active Urban Shops
1504018,537,196200,641.1764705882352,639.0,668,10.370903589991697,147528,0.942305592207392,0.751933577881314,4721508.0,0.0,0.0,0.942305592207392,680.4444444444445,0.016174803764207234,0.7519266055045871,12024,11541.176470588236,192.10681771286673,1.041834862385321,17.451599,78.131453,Ranga Reddy,Active,2.3427807235290294,-0.2655897408275519,0.2547728608238365,0,0,Active Urban Shops
3806009,935,136854,447.2352941176471,465.0,485,57.961294570375756,102870,0.8887449005797948,0.7506205610945712,2845800.0,0.0,0.0,0.8887449005797948,503.22222222222223,0.12959910662848714,0.7516769696172564,8730,8050.235294117647,1073.6537808700114,1.0844403524924373,17.925833,78.969902,Siddipet,Active,1.3189013939077388,1.360253555256719,0.8583606529915131,0,0,Active Urban Shops
3404035,931,74430,243.23529411764707,241.0,320,49.125969187403676,55944,0.4628913145199251,0.7573145453039336,1734606.0,0.0,0.0,0.4628913145199251,525.6666666666666,0.20196891806187725,0.7516324062877872,5760,4378.235294117647,909.9914511557076,1.3155985489721886,16.540306,78.143635,Nagarkarnool,Active,0.05171922960035875,3.042846250750478,0.33074235548534586,0,0,Active Urban Shops
2920006,926,137358,448.88235294117646,450.0,458,6.352426851568816,103230,0.9582476463780905,0.751393427956223,3000456.0,0.0,0.0,0.9582476463780905,468.44444444444446,0.014151652008474626,0.7515397719827022,8244,8079.882352941177,117.67002716969878,1.0203118857292621,18.407591,78.270452,Kamareddy,Active,0.7864185081304809,0.11107506043127068,0.7769773535311413,0,0,Active Urban Shops
1673324,536,102492,334.94117647058823,315.0,540,56.64815020713448,77022,0.5260952622372034,0.7476321888445878,2248686.0,465984.0,4.82738185616523,0.5260952622372034,636.6666666666666,0.16912865358645698,0.751492799438005,9720,6028.941176470588,1049.3295758833492,1.612223393045311,17.374549,78.458899,Hyderabad,Active,1.4446927662388949,3.3050103154551604,0.2827365429552205,0,0,Active Urban Shops
2237039,541,137880,450.5882352941176,476.0,494,53.48945407464418,103608,1.2823326766073324,0.7513326662736933,2669058.0,0.0,0.0,1.2823326766073324,351.3888888888889,0.11871027666696489,0.7514360313315926,8892,8110.588235294118,990.8190462203182,1.0963446475195822,17.213734,80.113001,Khammam,Active,1.2197007435585074,0.9179835757452317,1.9444233823410544,0,0,Active Urban Shops
1678809,536,365598,1194.764705882353,1201.0,1252,39.12732720040613,274698,0.9304618781542541,0.7511967284353552,7926120.0,1050300.0,7.575821025068555,0.9304618781542541,1284.0555555555557,0.032748981458663,0.7513662547388115,22536,21505.764705882353,724.7802709624967,1.0479050760671558,17.449064,78.483213,Hyderabad,Active,7.7300906102376645,-1.0553736676169525,-1.1990017625572675,3,0,High-Volume Urban Hubs
2340042,539,80226,262.1764705882353,267.0,315,33.58143859816136,60264,0.8750625889186074,0.7401910264911691,1522350.0,0.0,0.0,0.8750625889186074,299.6111111111111,0.12808715642107765,0.7511779223693067,5670,4719.176470588235,622.050262769629,1.2014808166928428,16.822799,79.368662,Nalgonda,Active,-0.26322470851160046,1.8626438422594278,1.3150167960040045,0,0,Active Urban Shops
1481044,538,112914,369.0,365.0,406,11.604973495707137,84816,0.8922787921043258,0.7509939069721407,2380230.0,0.0,0.0,0.8922787921043258,414.27777777777777,0.03144979267129305,0.7511557468515861,7308,6642.0,214.9662764249315,1.100271002710027,16.754821,78.002671,Mahbubnagar,Active,0.2886169242457262,0.6700356345314392,0.8616247345750466,0,0,Active Urban Shops
3513009,932,203922,666.4117647058823,675.0,717,33.83499583427069,153108,0.9429260071657465,0.750866711496866,4398966.0,12654.0,6.87978366536592,0.9429260071657465,707.0555555555555,0.05077190653920044,0.7508164886574279,12906,11995.411764705883,626.7470640959884,1.0759113778797775,19.099274,78.349196,Nirmal,Active,2.713818812844114,0.1575344964329976,0.3149505262179699,0,0,Active Urban Shops
1673319,536,196470,642.0588235294117,634.0,762,76.34548181799113,147510,0.7216915098513385,0.752208513809329,4580910.0,868932.0,5.2842187805971905,0.7216915098513385,889.6666666666666,0.11890730104497016,0.7508016491067339,13716,11557.058823529413,1414.1957286116835,1.18680714612918,17.369153,78.454819,Hyderabad,Active,4.135019716906357,1.3937526355493897,-0.27724077837749883,0,0,Active Urban Shops
1713040,535,145314,474.88235294117646,478.0,490,15.014284423195031,109098,0.9477352941176471,0.7510071031116402,3051198.0,0.0,0.0,0.9477352941176471,501.1111111111111,0.03161685063722477,0.7507741855567942,8820,8547.882352941177,278.11910271341964,1.0318345100953796,18.118023,78.435079,Medak,Active,1.0475819208187827,0.25752444978879035,0.7335689746036226,0,0,Active Urban Shops
3218018,929,111438,364.1764705882353,366.0,426,46.39730315043708,83646,0.8689312306217651,0.7497794233864956,2012652.0,0.0,0.0,0.8689312306217651,419.1111111111111,0.12740335221408988,0.7506057179777096,7668,6555.176470588235,859.4466413988506,1.1697625585527378,18.870763,79.383786,Manchiryala,Active,0.5772398519813904,1.6799505625865585,1.055601866190312,0,0,Active Urban Shops
3727039,934,283302,925.8235294117648,929.0,967,34.60619060454574,212634,1.683996874347244,0.7505247614513235,6720408.0,0.0,0.0,1.683996874347244,549.7777777777778,0.03737881951059645,0.7505559438337887,17406,16664.823529411766,641.0323934184333,1.0444755067030942,17.679814,77.606505,Sangareddy,Active,4.392577774698915,-1.2860188706605755,1.8060533389154179,0,0,Active Urban Shops
1677811,536,354780,1159.4117647058824,1095.0,1461,216.1253895133226,266274,1.004157989018831,0.7520052215424405,8239104.0,1524744.0,5.419409373814398,1.004157989018831,1154.611111111111,0.1864095191134695,0.7505327245053273,26298,20869.41176470588,4003.4275168101817,1.2601217656012178,17.450564,78.418653,Hyderabad,Active,9.728418274422838,1.6463355954877437,-0.42276798360440815,3,-1,High-Volume Urban Hubs
2111037,540,217170,709.7058823529412,736.0,764,49.88680726459615,162990,0.9474677056700147,0.750710491438561,4273200.0,0.0,0.0,0.9474677056700147,749.0555555555555,0.07029222739313175,0.7505180273518441,13752,12774.70588235294,924.0849368906707,1.0765022793203483,18.015321,79.566851,Hanumakonda,Active,3.095566620655193,0.3051025262833966,0.2946477952595459,0,0,Active Urban Shops
3384117,930,501822,1639.9411764705883,1687.0,1901,200.20308493370447,376614,1.423493361960742,0.7512953970118401,10450008.0,989658.0,11.868341799821565,1.423493361960742,1152.111111111111,0.1220794305345592,0.7504932027691094,34218,29518.941176470587,3708.488581460583,1.1591879192223538,17.50575,78.416973,Medchal,Active,11.94187774479166,-0.4750634637276298,-0.21092695918170873,3,-1,High-Volume Urban Hubs
2912029,926,212526,694.5294117647059,713.0,798,59.53206148981079,159498,1.3255786030397934,0.7499583502860905,4597956.0,0.0,0.0,1.3255786030397934,523.9444444444445,0.08571568097965473,0.7504869992377403,14364,12501.529411764706,1102.7500916825545,1.1489794189887355,18.504218,77.624261,Kamareddy,Active,3.0745744219685487,0.27365963162885504,1.4778644313719247,0,0,Active Urban Shops
1881021,533,323982,1058.764705882353,1031.0,1226,65.57706163389871,243126,1.0697596750363458,0.749811811897465,6664752.0,0.0,0.0,1.0697596750363458,989.7222222222222,0.06193733250604356,0.7504305794766376,22068,19057.764705882353,1214.725459178521,1.1579532196233124,18.665407,78.09385,Nizamabad,Active,5.75137695594322,-0.34168092108835696,-0.10671775367585037,3,0,High-Volume Urban Hubs
1581131,537,243342,795.2352941176471,742.0,1051,93.28024159248606,182610,0.8711196997369387,0.7490247297993436,5425920.0,427500.0,5.584998621060774,0.8711196997369387,912.8888888888889,0.11729892056159946,0.7504253273171092,18918,14314.235294117647,1727.8890129798474,1.3216214217027886,17.481393,78.324585,Ranga Reddy,Active,4.901954102228421,1.2916394713930373,-0.019333728989911803,3,0,High-Volume Urban Hubs
3314009,930,543384,1775.764705882353,1772.0,2081,153.4203596340494,407736,1.4994114466970314,0.7497141124677755,11243052.0,0.0,0.0,1.4994114466970314,1186.1666666666667,0.08639678394656286,0.750364383198622,37458,31963.764705882353,2841.902521406472,1.1718894925135817,17.39204,78.60061,Medchal,Active,11.347875249331342,-1.4592977885645204,-0.21097024832419878,3,-1,High-Volume Urban Hubs
3003010,927,144738,473.0,514.0,537,66.39227685679643,108594,0.8714653077129093,0.7495080427467857,2878254.0,0.0,0.0,0.8714653077129093,542.7777777777778,0.14036422168455903,0.7502798159432906,9666,8514.0,1229.8262072341765,1.135306553911205,17.673117,80.896968,Bhadrdri Kothagudem,Active,1.6310701423196887,1.5396797685325332,0.7888618898659306,0,0,Active Urban Shops
1539054,537,277956,908.3529411764706,905.0,998,49.54275789834053,208530,1.3007969011386404,0.7499028599987756,6039846.0,0.0,0.0,1.3007969011386404,698.3333333333334,0.054541308397344196,0.7502266545784225,17964,16350.35294117647,917.7118925060624,1.0986918792902474,17.066237,78.209022,Ranga Reddy,Active,4.425212727018752,-0.5202576047631495,0.8618758821970156,0,0,Active Urban Shops
4504032,981,63018,205.94117647058823,212.0,252,24.405921155814575,47268,0.6953576607149446,0.7493844646304257,1112886.0,0.0,0.0,0.6953576607149446,296.1666666666667,0.11850918584657177,0.7500714081690946,4536,3706.9411764705883,452.08634000988064,1.223650385604113,18.266764,80.484333,Mulugu,Active,-0.7490445256322721,2.1036369898428795,0.9553587968295223,0,0,Active Urban Shops
2909011,926,76914,251.35294117647058,235.0,505,179.49665399276896,57690,0.6101307668449059,0.6838739106585288,1847394.0,0.0,0.0,0.6101307668449059,412.1666666666667,0.7141219559740398,0.7500585069038147,9090,4524.35294117647,3324.930242523452,2.0091270769950857,18.318322,78.338357,Kamareddy,Active,1.5949743682039268,8.196544496777562,2.0700892738722283,4,-1,Volatile Portability Hubs
3302074,930,368406,1203.9411764705883,1209.0,1323,60.495141145532735,276318,1.1007233968081391,0.7500310409062588,7305282.0,215892.0,18.975672510110627,1.1007233968081391,1093.7777777777778,0.050247588775788166,0.7500366443543265,23814,21670.941176470587,1120.5898263073466,1.0988908975423854,17.474422,78.566017,Medchal,Active,6.885251558766317,-0.8671139403036568,-0.4103857581012187,3,0,High-Volume Urban Hubs
2712004,924,96030,313.8235294117647,306.0,413,68.08732268290017,72018,0.7213867740440731,0.7340767622628439,1840284.0,0.0,0.0,0.7213867740440731,435.05555555555554,0.21696054088271843,0.7499531396438613,7434,5648.823529411765,1261.2246149721964,1.3160262417994377,18.70332,78.950244,Jagityal,Active,0.5405191973904988,2.8904572481517308,0.9842396326956737,0,0,Active Urban Shops
4009005,937,134622,439.94117647058823,437.0,454,8.038624214821635,100944,0.9258690104537741,0.7498404054186605,2585160.0,0.0,0.0,0.9258690104537741,475.1666666666667,0.01827204327476505,0.7498328653563311,8172,7918.941176470588,148.90452922436378,1.0319561438695013,16.783668,79.868692,Suryapet,Active,0.6776810267529616,0.2502111140168716,0.7412828025581168,0,0,Active Urban Shops
3302096,930,431298,1409.4705882352941,1406.0,1574,90.07414496473596,323388,1.087792458916803,0.749274236891268,9373248.0,670500.0,12.556683730330484,1.087792458916803,1295.7222222222222,0.06390636719671597,0.7498017611952756,28332,25370.470588235294,1668.500453912399,1.1167313551187346,17.484005,78.589447,Medchal,Active,9.257783614869654,-0.997443548267119,-0.9811492161011646,3,0,High-Volume Urban Hubs
4318016,940,164538,537.7058823529412,574.0,583,65.36453967750164,123354,0.8972586564976465,0.7484591539773283,3241674.0,0.0,0.0,0.8972586564976465,599.2777777777778,0.12156188322038375,0.7496991576413959,10494,9678.70588235294,1210.7887803362873,1.0842358604091458,17.956539,79.591591,Warangal,Active,2.0310995187525447,1.153750530025914,0.6555754636749025,0,0,Active Urban Shops
3722024,934,165168,539.7647058823529,545.0,640,63.19667605970411,123822,1.297338448999473,0.7486562291474306,3406536.0,0.0,0.0,1.297338448999473,416.05555555555554,0.11708189766946053,0.7496730601569311,11520,9715.764705882353,1170.6320690876657,1.185701830863121,17.50439,78.288438,Sangareddy,Active,1.99747935420404,0.9466084688712012,1.829796509892128,0,0,Active Urban Shops
1677824,536,299826,979.8235294117648,991.0,1024,33.514590440887666,224766,0.9172949919729464,0.7496399787132296,7022466.0,909000.0,7.730986866677589,0.9172949919729464,1068.1666666666667,0.034204720987878384,0.7496547997838746,18432,17636.823529411766,620.8119920006096,1.0450861499669808,17.45352,78.427884,Hyderabad,Active,6.053083285628444,-0.654109314337538,-0.740717771363247,3,0,High-Volume Urban Hubs
2909041,926,236988,774.4705882352941,789.0,878,82.88756428101709,177642,1.5527693077681812,0.7470697264879298,5582466.0,0.0,0.0,1.5527693077681812,498.77777777777777,0.10702480577071932,0.749582257329485,15804,13940.470588235294,1535.378866829253,1.1336776545647882,18.31959,78.322659,Kamareddy,Active,3.8765660305312046,0.10815269913171785,1.9612493296284395,0,0,Active Urban Shops
2706026,924,196758,643.0,638.0,708,39.531684739720454,147456,1.2348754536323436,0.7491097980351633,4036212.0,0.0,0.0,1.2348754536323436,521.0555555555555,0.06148006957965856,0.7494282316348001,12744,11574.0,732.2704418450876,1.1010886469673407,18.794649,78.913224,Jagityal,Active,2.427724781607122,0.11941830879633449,1.2797745473132223,0,0,Active Urban Shops
1674471,536,67806,221.58823529411765,245.0,350,84.91125777659562,50814,0.497951090548579,0.7548164785032999,1540314.0,290232.0,5.362715353405456,0.497951090548579,445.0,0.3831938896209518,0.7494027077249801,6300,3988.5882352941176,1572.8650235646228,1.5795062383859835,17.371236,78.465175,Hyderabad,Active,0.6537583568365412,4.954565631393875,0.94015114724767,4,0,Volatile Portability Hubs
1423023,538,50040,163.52941176470588,173.0,244,36.5678455590861,37494,0.40597963381011476,0.7515333675324445,1124352.0,0.0,0.0,0.40597963381011476,402.8333333333333,0.22361632176419557,0.7492805755395684,4392,2943.529411764706,677.3693709534572,1.492086330935252,16.756106,78.139368,Mahbubnagar,Active,-0.6675075867321075,3.7022577658246796,0.5310857151854069,0,0,Active Urban Shops
