shopNo,distCode,totalTransactions,meanTransactions,medianTransactions,maxTransactions,stdTransactions,totalOtherShopTrans,meanUtilization,meanPortability,totalRice,totalWheat,meanRiceWheatRatio,meanTransactionToCardRatio,totalRcs,volatilityCoeff,portabilityLoad,seasonalPeakTransactions,seasonalMeanTransactions,seasonalStdTransactions,seasonalPeakToMean,latitude,longitude,distName,shopStatus,pca1,pca2,pca3,kmeans_cluster,dbscan_cluster,clusterPersona,clusterZScore
2915019,926,100854,329.5882352941176,332.0,346,14.002121343621637,4860,6.777161662055576,0.048004937535760614,1968984.0,0.0,0.0,6.777161662055576,436.55555555555554,0.04248368067848792,0.048188470462252365,6228,5932.588235294118,259.37016473168455,1.049794752810994,18.26553,77.9314,Kamareddy,Active,0.3874089107640595,-7.04517381508837,14.558772683337097,1,-1,Stable Rural Shops,42.22858255675206
3101039,928,45033,189.21428571428572,190.0,220,25.57177962521817,14076,2.580928023383266,0.3031954834230371,1041760.0,0.0,0.0,2.580928023383266,204.35294117647058,0.13514719318726098,0.31257078142695355,3740,3216.6428571428573,450.1817764727177,1.1627029067572667,0.0,0.0,Mahabubabad,Active,-1.296757730054459,-0.7622925884656018,5.136559058692198,1,-1,Stable Rural Shops,12.59669004357867
1585761,537,170298,556.5294117647059,545.0,945,213.9826884011661,164340,2.111793873206712,0.9717096436158157,3586662.0,258786.0,15.266917504302812,2.111793873206712,327.8333333333333,0.3844948422809242,0.9650142691047457,17010,10017.529411764706,3963.736906595326,1.6980234647500263,17.325207,78.55496,Ranga Reddy,Active,4.917537794979875,4.240444610390173,4.9912357098012,4,-1,Volatile Portability Hubs,7.177465293644503
3722021,934,136206,445.11764705882354,445.0,457,6.58058861931542,125370,1.8702422145328719,0.9205566968486254,2918898.0,0.0,0.0,1.8702422145328719,238.0,0.01478393108607931,0.9204440333024977,8226,8012.117647058823,121.8964121462057,1.0266948592573015,17.499359,78.314947,Sangareddy,Active,1.1969946825100692,-0.4395571306396015,3.4751302485238225,0,0,Active Urban Shops,4.955516482043982
3727032,934,128016,418.3529411764706,429.0,445,36.86812485963159,112464,1.8097506505214418,0.8802931726835006,2925180.0,0.0,0.0,1.8097506505214418,231.16666666666666,0.08812684513691466,0.8785151856017998,8010,7530.35294117647,682.9316346802649,1.0636951631046119,17.682277,77.61072,Sangareddy,Active,1.258002440891901,0.30135456869869426,3.4711011703878962,0,0,Active Urban Shops,4.643233030195107
1585676,537,119754,391.3529411764706,389.0,438,30.592074530963142,119232,1.7788770053475937,0.9956223647257672,2257596.0,260802.0,22.441110274091546,1.7788770053475937,220.0,0.07817003863315397,0.9956410641815723,7884,7044.35294117647,566.6763782328136,1.1191943484142493,17.328108,78.588249,Ranga Reddy,Active,1.5185790245390896,0.7220764953271835,3.6064388343861395,0,0,Active Urban Shops,4.483850004750024
2084165,534,215586,704.5294117647059,707.0,786,65.32602311518964,204444,1.7396633127571965,0.9485449806691517,4693860.0,0.0,0.0,1.7396633127571965,405.0,0.09272291834000367,0.9483176087501044,14148,12681.529411764706,1210.0753136503047,1.115638306754613,18.44009,79.141834,Karimnagar,Active,3.6993603821794356,0.2656412126114124,2.8783948220171784,0,0,Active Urban Shops,4.281412070105848
3313029,930,158724,518.7058823529412,520.0,558,27.96106950578656,100512,1.7335299665450838,0.6322563716743094,3289302.0,0.0,0.0,1.7335299665450838,299.22222222222223,0.05390544132437872,0.6332501701066001,10044,9336.70588235294,517.9406052707543,1.0757541392606034,17.462085,78.643323,Medchal,Active,1.1564708128381833,-0.5265946930313711,2.6884140774186323,0,0,Active Urban Shops,4.24974910093314
3301037,930,101898,333.0,337.0,353,20.957099035887605,43830,1.379324223169803,0.4290686648415003,2305314.0,0.0,0.0,1.379324223169803,241.61111111111111,0.06293423133900182,0.4301360183713125,6354,5994.0,388.2016228714146,1.06006006006006,17.564659,78.455755,Medchal,Active,-0.6214752459713657,-0.20843894090254456,1.856992883056984,1,0,Stable Rural Shops,4.11151078110755
3302116,930,109296,357.1764705882353,360.0,395,28.53657248412562,106380,1.697372771738665,0.9735083137887708,2023398.0,180090.0,10.21348353251027,1.697372771738665,210.44444444444446,0.0798948834371106,0.9733201581027668,7110,6429.176470588235,528.6010115500769,1.1058959156785244,17.483902,78.589482,Medchal,Active,1.083753262327155,0.7827132952733377,3.438968650287687,0,0,Active Urban Shops,4.063090121489541
3727049,934,236394,772.5294117647059,787.0,834,44.788180352912,206154,1.686745440534292,0.8714327064355626,5739210.0,0.0,0.0,1.686745440534292,458.0,0.0579760196451309,0.8720779715221199,15012,13905.529411764706,829.639840355972,1.0795705474758241,17.681499,77.603664,Sangareddy,Active,3.860563619944485,-0.4620576490032308,2.351558763778989,0,0,Active Urban Shops,4.008227270335357
3727039,934,283302,925.8235294117648,929.0,967,34.60619060454574,212634,1.683996874347244,0.7505247614513235,6720408.0,0.0,0.0,1.683996874347244,549.7777777777778,0.03737881951059645,0.7505559438337887,17406,16664.823529411766,641.0323934184333,1.0444755067030942,17.679814,77.606505,Sangareddy,Active,4.392577774698915,-1.2860188706605755,1.8060533389154179,0,0,Active Urban Shops,3.994037990382796
3501032,932,256194,837.2352941176471,856.0,926,51.0766399020501,199440,1.683567137467314,0.777983903308406,5698260.0,0.0,0.0,1.683567137467314,497.8888888888889,0.06100631478499625,0.7784725637602754,16668,15070.235294117647,946.1249606560814,1.1060212182955105,19.110074,77.962644,Nirmal,Active,4.029741388038099,-0.6334683328103926,2.124229710321951,0,0,Active Urban Shops,3.9918195039137414
3722006,934,302292,987.8823529411765,1008.0,1044,51.019243065436676,210042,1.679913561349837,0.6942480232058363,6600528.0,0.0,0.0,1.679913561349837,588.0555555555555,0.05164505967086004,0.694831487435989,18792,17781.882352941175,945.0617626875598,1.0568060021436227,17.467215,78.285708,Sangareddy,Active,4.712094245534624,-1.265689483975414,1.6580338241140038,0,0,Active Urban Shops,3.97295817373979
3384226,930,211950,692.6470588235294,709.0,798,91.48089260950944,208188,1.6429840039274994,0.9823505194667818,4439376.0,207000.0,11.469058823529412,1.6429840039274994,421.6111111111111,0.1320743247865529,0.9822505307855627,14364,12467.64705882353,1694.5585317855086,1.1521019108280255,17.50042,78.465941,Medchal,Active,4.194740354925343,0.9891273228720059,2.7749151036682385,0,0,Active Urban Shops,3.7823119265222482
3727033,934,241254,788.4117647058823,794.0,835,40.52985613331333,177354,1.6421450862627334,0.7345959364751664,5669496.0,0.0,0.0,1.6421450862627334,480.1111111111111,0.051406965176925064,0.7351339252406178,15030,14191.411764705883,750.760202962931,1.0590912482280086,17.676799,77.60965,Sangareddy,Active,3.4589508535078375,-0.817180545160779,1.9951440480034133,0,0,Active Urban Shops,3.777981072981734
3722031,934,304452,994.9411764705883,1003.0,1034,27.650567905499326,237870,1.6307549849469414,0.7810988653907541,6429420.0,0.0,0.0,1.6307549849469414,610.1111111111111,0.027791158471886516,0.7813054274565449,18612,17908.941176470587,512.1889874094605,1.0392574198888496,17.51183,78.299431,Sangareddy,Active,4.767553610854494,-1.3791985271427514,1.580984464012511,0,0,Active Urban Shops,3.7191804746845594
3611015,933,66888,218.58823529411765,216.0,264,24.059088303390823,63972,1.629912890160671,0.9562967855970217,1242090.0,0.0,0.0,1.629912890160671,134.11111111111111,0.11006579686696555,0.9564047362755651,4752,3934.5882352941176,445.6617353474956,1.2077502691065662,18.642445,79.552448,Peddapalli,Active,-0.1284074328813624,1.4333721173716623,3.6438444789146307,0,0,Active Urban Shops,3.7148332194773577
3803023,935,218358,713.5882352941177,715.0,767,30.592301487763613,216180,1.625246320895461,0.9900148484653561,4402494.0,117468.0,40.24412735269977,1.625246320895461,439.1111111111111,0.042871084435906474,0.9900255543648504,13806,12844.588235294117,566.6805822974184,1.0748495589811229,18.088051,78.851893,Siddipet,Active,3.645101595242342,-0.11308833400269903,2.4799124511603923,0,-1,Active Urban Shops,3.690742383304627
2909032,926,306882,1002.8823529411765,1011.0,1076,38.00309584912327,235062,1.6228513128935973,0.7658203382541816,6690600.0,0.0,0.0,1.6228513128935973,618.0,0.03789387233474665,0.7659686785148689,19368,18051.882352941175,703.9554213827162,1.0729075019062702,18.322999,78.331535,Kamareddy,Active,4.946407315601287,-1.2369650346968912,1.544408910699461,0,0,Active Urban Shops,3.678378322658313
3719001,934,147330,481.47058823529414,470.0,561,42.62225368467793,68454,1.620510671377395,0.46126127131305644,3007584.0,0.0,0.0,1.620510671377395,297.1111111111111,0.08852514509951433,0.4646304215027489,10098,8666.470588235294,789.5190084512737,1.1651802076970068,17.513994,78.232683,Sangareddy,Active,0.6434934771731838,-0.16205769441219414,2.3540582319266843,0,0,Active Urban Shops,3.6662949251769326
3724025,934,260388,850.9411764705883,875.0,937,100.0821456240309,206514,1.6141463282881754,0.7947144404199378,5710824.0,0.0,0.0,1.6141463282881754,527.3333333333334,0.11761347128498031,0.7931010645651874,16866,15316.941176470587,1853.8849907217893,1.101133692796903,17.61314,78.07609,Sangareddy,Active,4.593030890764056,0.1272728891894972,2.080562094938428,0,0,Active Urban Shops,3.6334394508453967
3719041,934,244260,798.2352941176471,794.0,829,17.985336360812678,176004,1.6089813452592308,0.7202527200198258,5166540.0,0.0,0.0,1.6089813452592308,496.27777777777777,0.02253137200691345,0.7205600589535741,14922,14368.235294117647,333.1537800723123,1.0385408990420044,17.537962,78.261799,Sangareddy,Active,3.1426459299567755,-1.158600581691058,1.8233790073739002,0,0,Active Urban Shops,3.6067755886130546
1585770,537,61074,199.58823529411765,204.0,247,28.039674330272344,59922,1.6081631577362128,0.9809475834752832,1248174.0,118998.0,9.557791067874215,1.6081631577362128,124.11111111111111,0.1404876108501709,0.9811376363100501,4446,3592.5882352941176,519.3966522350152,1.2375478927203065,17.324283,78.605767,Ranga Reddy,Active,0.012269251921027301,1.8163157645112296,3.7028657954149193,0,0,Active Urban Shops,3.6025517529737665
3719046,934,253620,828.8235294117648,843.0,897,53.36814518007384,182916,1.5994166070179165,0.7203166585263511,5283882.0,0.0,0.0,1.5994166070179165,518.2222222222222,0.06439023903912386,0.7212207239176721,16146,14918.823529411764,988.5719647105944,1.0822569198012775,17.534531,78.265891,Sangareddy,Active,3.7207357809901667,-0.6251246930282429,1.8555915147923,0,0,Active Urban Shops,3.5573982990216635
3727042,934,157446,514.5294117647059,509.0,634,34.570158423463084,145386,1.5979174278407016,0.9235515329951203,3967704.0,0.0,0.0,1.5979174278407016,322.0,0.06718791507932691,0.9234023093632102,11412,9261.529411764706,640.3649464999487,1.2321938950497313,17.681487,77.603673,Sangareddy,Active,2.1720800841450516,0.5841567710168657,2.7980814816610335,0,0,Active Urban Shops,3.5496588917827934
3719038,934,163278,533.5882352941177,565.0,662,97.42067168200995,160902,1.5950754560864808,0.9856011707399243,3475404.0,0.0,0.0,1.5950754560864808,334.72222222222223,0.18257649857724276,0.9854481314077831,11916,9604.588235294117,1804.5848227093516,1.2406570389152245,17.533162,78.263656,Sangareddy,Active,2.9885955161382367,1.8493657362498255,3.125826189490633,0,0,Active Urban Shops,3.5349874121480895
3302118,930,257400,841.1764705882352,872.0,940,94.98846298519257,141840,1.5916452201680453,0.5538882332527452,3737178.0,425718.0,7.748505316413738,1.5916452201680453,528.5,0.11292334760477439,0.551048951048951,16920,15141.176470588236,1759.5314800854705,1.1174825174825174,17.494945,78.510238,Medchal,Active,3.862380120338956,-0.14410078341982657,1.7405185458482781,0,-1,Active Urban Shops,3.5172790600700607
2357014,539,87732,286.70588235294116,293.0,365,42.64114573445196,87390,1.5830646740409104,0.9964195407288224,1796166.0,0.0,0.0,1.5830646740409104,181.11111111111111,0.14872783698926617,0.9961017644645055,6570,5160.705882352941,789.8689578583496,1.273081657775954,16.692683,78.921994,Nalgonda,Active,0.6875115086103972,1.896467475815034,3.5418245441336236,0,0,Active Urban Shops,3.472982593163967
2084148,534,274320,896.4705882352941,903.0,957,43.974367917585795,248022,1.5775318284554782,0.9040324488764796,5383260.0,0.0,0.0,1.5775318284554782,568.4444444444445,0.049052772611480215,0.9041338582677165,17226,16136.470588235294,814.5650770232432,1.06751968503937,18.449283,79.126961,Karimnagar,Active,4.585975191703146,-0.533554209021388,1.9023924035845543,0,0,Active Urban Shops,3.444419666312892
2084116,534,236286,772.1764705882352,810.0,859,115.62648273698099,202860,1.575924896209116,0.8588635568526102,4861746.0,0.0,0.0,1.575924896209116,490.0,0.14974100758198194,0.8585358421573855,15462,13899.176470588236,2141.8225952239286,1.1124400091414641,18.429542,79.133651,Karimnagar,Active,4.35096198378495,0.8079812861223329,2.3227325781852364,0,0,Active Urban Shops,3.4361239914203323
3501033,932,154512,504.94117647058823,507.0,526,20.317878840533325,114822,1.5744177317248471,0.7429207153927823,3181680.0,0.0,0.0,1.5744177317248471,320.8888888888889,0.04023811047169927,0.7431267474370923,9468,9088.941176470587,376.360942213096,1.0417054986020504,19.109351,77.958957,Nirmal,Active,1.2354424870243033,-0.3207949246340437,2.4061531106167577,0,0,Active Urban Shops,3.4283433605944778
3722022,934,266616,871.2941176470588,895.0,944,58.87278670544486,211644,1.5662975945149467,0.7931128834055055,5566374.0,0.0,0.0,1.5662975945149467,556.2777777777778,0.06756936092307336,0.7938158250067513,16992,15683.29411764706,1090.5379271663298,1.0834458547123953,17.505129,78.308563,Sangareddy,Active,4.301680767673829,-0.48162793949241184,1.7873615323211112,0,0,Active Urban Shops,3.386423722396413
3722015,934,283176,925.4117647058823,925.0,1031,63.5278206165255,216072,1.566283377910589,0.762050808265523,6494616.0,0.0,0.0,1.566283377910589,590.8333333333334,0.0686481661887194,0.7630307653190949,18558,16657.41176470588,1176.7660695112438,1.114098652428172,17.510197,78.287531,Sangareddy,Active,4.73357862659229,-0.5938968699443169,1.6196674488804248,0,0,Active Urban Shops,3.386350330174622
3610015,933,140976,460.70588235294116,484.0,515,70.53741082532169,119394,1.5661434788197357,0.8470558471484377,2850948.0,0.0,0.0,1.5661434788197357,294.1666666666667,0.1531072502592529,0.8469101123595506,9270,8292.70588235294,1306.6091498945786,1.1178498467824312,18.614655,79.376612,Peddapalli,Active,1.737857381788465,1.1580628628471061,2.8909959058511583,0,0,Active Urban Shops,3.38562811094098
3306015,930,118476,387.1764705882353,386.0,432,15.953258630920319,53604,1.2695618716775492,0.45176165280784036,2605968.0,0.0,0.0,1.2695618716775492,313.27777777777777,0.04120410159915609,0.452446065025828,7776,6969.176470588235,295.5123168528931,1.115770282588879,17.561854,78.402433,Medchal,Active,-0.24636230103204038,-0.21580844613356887,1.460030586740675,1,0,Stable Rural Shops,3.336419000841305
3302119,930,192600,629.4117647058823,626.0,727,33.55299784544718,190620,1.5536778071523771,0.9897052142870136,4015962.0,367200.0,10.138306149591838,1.5536778071523771,405.1111111111111,0.053308501249775896,0.9897196261682243,13086,11329.411764705883,621.523436688385,1.1550467289719626,17.498243,78.508045,Medchal,Active,3.376088327145219,0.374052328359519,2.466409848525922,0,0,Active Urban Shops,3.3212749562240362
2909041,926,236988,774.4705882352941,789.0,878,82.88756428101709,177642,1.5527693077681812,0.7470697264879298,5582466.0,0.0,0.0,1.5527693077681812,498.77777777777777,0.10702480577071932,0.749582257329485,15804,13940.470588235294,1535.378866829253,1.1336776545647882,18.31959,78.322659,Kamareddy,Active,3.8765660305312046,0.10815269913171785,1.9612493296284395,0,0,Active Urban Shops,3.3165848919425827
1674423,536,222642,727.5882352941177,730.0,805,42.56813699667163,170154,1.5511774668584488,0.7637260452818988,4839372.0,881046.0,5.489708261175596,1.5511774668584488,469.05555555555554,0.058505807174663894,0.7642493330099442,14490,13096.588235294117,788.5165707535521,1.1063950198075836,17.388353,78.494453,Hyderabad,Active,4.036649173188844,-0.2491825537194799,1.8469076868473389,0,0,Active Urban Shops,3.3083671250157503
3722032,934,124146,405.70588235294116,407.0,486,46.31267678355727,119736,1.5484957341715313,0.9645841870396819,2679732.0,0.0,0.0,1.5484957341715313,262.0,0.11415332830512885,0.9644773089749167,8748,7302.705882352941,857.8790535898609,1.1979121357111788,17.50799,78.286711,Sangareddy,Active,1.4713614144730427,1.281760045932025,3.0641280755115745,0,0,Active Urban Shops,3.2945228683149597
1981025,532,274446,896.8823529411765,900.0,930,24.58279851119963,171396,1.5469530127639564,0.6243574258136091,5584320.0,0.0,0.0,1.5469530127639564,579.7777777777778,0.02740916735688291,0.6245162982881879,16740,16143.882352941177,455.3627513248286,1.0369252967796942,19.671987,78.536159,Adilabad,Active,3.5374160045129828,-1.4160613241685884,1.33496032280118,0,0,Active Urban Shops,3.286558677369134
3727043,934,232218,758.8823529411765,760.0,799,29.871625041872758,196794,1.5441897599203276,0.8474149844211036,5766966.0,0.0,0.0,1.5441897599203276,491.44444444444446,0.03936265605083613,0.8474536857607937,14382,13659.882352941177,553.3310359035697,1.052864119060538,17.68149,77.60364,Sangareddy,Active,3.5422039335557933,-0.6147140635869416,1.8987339811789394,0,0,Active Urban Shops,3.272293578583185
2407016,921,45432,148.47058823529412,125.0,524,94.03613249213876,0,1.1872410001037452,0.0,1251738.0,0.0,0.0,1.1872410001037452,125.05555555555556,0.6333653931720915,0.0,9432,2672.470588235294,1741.8908590109436,3.5293185419968305,19.53785,79.04732,Kumarambheem Asifabad,Active,-1.0268013561688332,8.650435528977136,3.554577944301177,4,-1,Volatile Portability Hubs,3.2396534534924784
3722018,934,97398,318.29411764705884,326.0,383,57.124641675864815,88074,1.5376527422563229,0.9039293851933571,2065842.0,0.0,0.0,1.5376527422563229,207.0,0.17947124533167655,0.9042690815006468,6894,5729.294117647059,1058.1559292411657,1.2032895952688967,17.494674,78.304585,Sangareddy,Active,0.8148981877009674,1.8288787880881323,3.2601642038638516,0,0,Active Urban Shops,3.2385466838835084
3302057,930,183924,601.0588235294117,681.0,733,128.62211702294368,183852,1.5365845742402013,0.999365848748345,3730392.0,290988.0,13.759114425851175,1.5365845742402013,391.1666666666667,0.21399256110687442,0.999608533959679,13194,10819.058823529413,2382.548962523862,1.219514582110002,17.387828,78.550466,Medchal,Active,4.127533144644363,2.1925864085889675,2.8742411795029974,0,0,Active Urban Shops,3.2330323415007265
3719034,934,270270,883.2352941176471,896.0,944,40.701998131300954,206820,1.5351801066157211,0.7648362942725488,5659632.0,0.0,0.0,1.5351801066157211,575.3333333333334,0.046082848367107306,0.7652347652347652,16992,15898.235294117647,753.9488982527067,1.0687978687978688,17.533282,78.262726,Sangareddy,Active,4.110924892228192,-0.8190610668647401,1.5778091724143153,0,0,Active Urban Shops,3.225781876002764
3911019,936,296928,970.3529411764706,987.0,1015,40.02416820499142,210924,1.5345663998705312,0.7101941276443945,5844546.0,0.0,0.0,1.5345663998705312,632.3333333333334,0.04124702106479475,0.7103540252182348,18270,17466.352941176472,741.3930250865994,1.0460111542192045,18.47535,78.862307,Rajanna Siricilla,Active,4.4305343378074165,-1.1650971309720313,1.3213329515166004,0,0,Active Urban Shops,3.2226136580215816
1539003,537,298152,974.3529411764706,990.0,1065,53.94635715539566,234846,1.5271989673612392,0.7871814724243007,6480630.0,0.0,0.0,1.5271989673612392,638.0,0.05536634095880984,0.7876720598889158,19170,17538.352941176472,999.2825514573243,1.0930330837961844,17.06848,78.211011,Ranga Reddy,Active,5.006376199518881,-0.7833942086898327,1.4180697037720682,0,0,Active Urban Shops,3.1845798049899323
1807017,533,236304,772.2352941176471,773.0,815,19.83894653003047,143748,1.5171616780307409,0.6081426105458572,4583034.0,0.0,0.0,1.5171616780307409,509.0,0.02569028724943007,0.6083180987202925,14670,13900.235294117647,367.48937559672424,1.0553778184034126,18.83559,78.509055,Nizamabad,Active,2.6017450018494945,-1.141643308382982,1.5030894301866549,0,0,Active Urban Shops,3.1327630035803735
2084176,534,190044,621.0588235294117,613.0,742,79.93819213138572,173718,1.5132919558785172,0.9140686519125372,3683556.0,0.0,0.0,1.5132919558785172,410.44444444444446,0.12871275489993914,0.914093578329229,13356,11179.058823529413,1480.7457779185222,1.1947338511081644,18.451137,79.112207,Karimnagar,Active,3.107836530441764,1.1218790740739066,2.535350813506485,0,0,Active Urban Shops,3.112785834678539
1981012,532,227790,744.4117647058823,752.0,820,48.31868652700816,173178,1.5047077774115958,0.7570548024136438,4754610.0,0.0,0.0,1.5047077774115958,494.72222222222223,0.06490854768543175,0.7602528644804425,14760,13399.411764705883,895.037642980976,1.1015408929276964,19.676413,78.537276,Adilabad,Active,3.235248865258046,-0.2689241951370608,1.8303095871218436,0,0,Active Urban Shops,3.0684706160733386
1585704,537,476298,1556.5294117647059,1543.0,1713,48.42246583648596,438966,1.8722074052741602,0.9215472062528036,9829080.0,654084.0,50.79962368933497,1.8722074052741602,831.3888888888889,0.0311092520774068,0.9216204980915309,30834,28017.529411764706,896.9600128801088,1.1005253013869467,17.332973,78.598609,Ranga Reddy,Active,10.091802565387795,-2.076262668934061,1.3041062024566774,3,-1,High-Volume Urban Hubs,3.06709752398828
4011017,937,55728,182.11764705882354,202.0,284,70.10109245204465,38196,1.1449963004069554,0.6350321089509376,1117818.0,0.0,0.0,1.1449963004069554,159.05555555555554,0.38492201927802294,0.6854005167958657,5112,3278.1176470588234,1298.526948235622,1.5594315245478036,16.840033,79.941979,Suryapet,Active,-0.40885711713650424,4.087203393616913,2.7518817630344685,4,0,Volatile Portability Hubs,3.0597268278887104
3719043,934,302508,988.5882352941177,993.0,1065,47.51317738346202,184212,1.5013969219162528,0.6080304436515898,6818598.0,0.0,0.0,1.5013969219162528,658.6111111111111,0.04806164557413152,0.6089491848149471,19170,17794.58823529412,880.1166867824629,1.0772938236344163,17.526771,78.271901,Sangareddy,Active,4.478640864745885,-1.2889400729685598,1.020465145055547,0,0,Active Urban Shops,3.0513785570473373
1723035,535,246726,806.2941176470588,806.0,848,21.468354859337442,137034,1.4972025581673094,0.5550753087153737,5042538.0,0.0,0.0,1.4972025581673094,538.5555555555555,0.026625959918927303,0.555409644707084,15264,14513.29411764706,397.6719383967591,1.0517253957831765,17.971752,78.461332,Medak,Active,2.724706725091175,-1.311773219815077,1.287380663863586,0,0,Active Urban Shops,3.0297254486968512
3724046,934,277866,908.0588235294117,921.0,968,50.99446904037482,212904,1.497016980628544,0.7653313841019854,6239862.0,0.0,0.0,1.497016980628544,606.6111111111111,0.056157671418434404,0.7662110513700848,17424,16345.058823529413,944.6028577256844,1.0660102351493166,17.603307,78.083447,Sangareddy,Active,4.456362882541983,-0.7388952750383343,1.4210434491336756,0,0,Active Urban Shops,3.028767417683133
2027502,534,147150,480.88235294117646,481.0,508,16.664851074364982,51732,1.223550446487853,0.3512021766125407,3120822.0,0.0,0.0,1.223550446487853,393.05555555555554,0.03465473617910761,0.3515596330275229,9144,8655.882352941177,308.693594514233,1.0563914373088685,18.581563,78.98766,Karimnagar,Active,0.05886743573451726,-0.7241905609173219,0.9587928752426685,1,0,Stable Rural Shops,3.0115072530697065
3301030,930,102474,334.88235294117646,339.0,368,22.21974935346398,73314,1.4935372173287538,0.7093693059644643,2181618.0,0.0,0.0,1.4935372173287538,224.22222222222223,0.06635091147178775,0.715440014052345,6624,6027.882352941177,411.59049465958003,1.0988933778324257,17.607608,78.478876,Medchal,Active,0.07492995240270131,0.34142627414329274,2.5729183675508627,0,0,Active Urban Shops,3.01080338397638
1596020,537,282780,924.1176470588235,931.0,959,20.313265043822888,163620,1.4916874909495623,0.5785001081182808,6188454.0,0.0,0.0,1.4916874909495623,619.5555555555555,0.02198125434404768,0.5786123488224061,17262,16634.117647058825,376.2754779335448,1.0377466581795034,17.252621,78.582086,Ranga Reddy,Active,3.6297799567077695,-1.6153304221397276,1.0136808291264392,0,0,Active Urban Shops,3.001254301420659
3610002,933,197478,645.3529411764706,646.0,702,35.351438505892254,167346,1.4894720681714408,0.8469804886768632,4263372.0,0.0,0.0,1.4894720681714408,433.27777777777777,0.05477845726006456,0.8474159146841673,12636,11616.35294117647,654.837092448999,1.0877768662838392,18.614786,79.374576,Peddapalli,Active,2.6875146514766364,-0.05475328372818964,2.0800592118191314,0,0,Active Urban Shops,2.989817336882502
3722028,934,94752,309.6470588235294,296.0,384,57.34857130448312,87678,1.48868778280543,0.924582194578677,1986912.0,0.0,0.0,1.48868778280543,208.0,0.18520625231311041,0.9253419452887538,6912,5573.64705882353,1062.303919623315,1.2401215805471124,17.49507,78.304579,Sangareddy,Active,0.7848137985804695,2.0652157496608674,3.218768404968765,0,0,Active Urban Shops,2.985768518748354
3302049,930,193536,632.4705882352941,619.0,855,85.3445905263588,179064,1.4835343279066688,0.9251364092904638,4073976.0,326934.0,11.180074518277776,1.4835343279066688,426.3888888888889,0.1349384336819289,0.9252232142857143,15390,11384.470588235294,1580.8919206276823,1.351841517857143,17.40265,78.56958,Medchal,Active,3.8183296181706075,1.5606386744597505,2.457158157411292,0,0,Active Urban Shops,2.959164169678647
3724014,934,147006,480.4117647058824,482.0,509,12.306218293158993,55152,1.2078151936319623,0.3749710911822537,3046158.0,0.0,0.0,1.2078151936319623,397.77777777777777,0.025615980284523433,0.3751683604750827,9162,8647.411764705883,227.95587808376672,1.0595077751928492,17.625229,78.068252,Sangareddy,Active,0.06720928360686251,-0.7343474527345001,0.9348351197153185,1,0,Stable Rural Shops,2.9003920575295257
2281105,541,70686,231.0,237.0,294,41.625969195628436,67212,1.4683287093118673,0.9505135048122103,1328256.0,0.0,0.0,1.4683287093118673,157.33333333333334,0.18019900084687634,0.9508530685001273,5292,4158.0,771.0641996617403,1.2727272727272727,17.255346,80.143831,Khammam,Active,0.13718541879724766,2.2292645665359627,3.3610016799728517,0,0,Active Urban Shops,2.8806662313316598
3727031,934,217602,711.1176470588235,728.0,774,52.072577494344635,171342,1.4662219526986051,0.7874480728480379,4851324.0,0.0,0.0,1.4662219526986051,485.0,0.07322638906475794,0.7874100421871123,13932,12800.117647058823,964.5733436572452,1.0884274960708082,17.681409,77.610318,Sangareddy,Active,3.1802869628134705,-0.08287551063516613,1.8253736328952992,0,0,Active Urban Shops,2.8697902482396924
3723009,934,106596,348.3529411764706,351.0,376,14.947545700504126,50472,1.201909781929715,0.47284435429662053,2032182.0,0.0,0.0,1.201909781929715,289.8333333333333,0.04290919907270688,0.4734886862546437,6768,6270.35294117647,276.8828590705084,1.0793650793650795,17.600609,77.961063,Sangareddy,Active,-0.5532251075141478,-0.06507663891879975,1.4061424161580407,1,0,Stable Rural Shops,2.8586907272712816
3727028,934,263052,859.6470588235294,866.0,940,50.14424708689213,169740,1.4595026465594727,0.6439766002025834,6041682.0,0.0,0.0,1.4595026465594727,589.0,0.05833120298872083,0.6452716573149035,16920,15473.64705882353,928.8536578207891,1.0934720131380868,17.684066,77.608891,Sangareddy,Active,3.7912585212917267,-0.789826083184297,1.2506210369900692,0,0,Active Urban Shops,2.835102302086389
3310003,930,82260,268.8235294117647,267.0,298,15.464869823246229,35910,1.198342773232641,0.435547503467508,1742310.0,0.0,0.0,1.198342773232641,224.33333333333334,0.057527962143366716,0.4365426695842451,5364,4838.823529411765,286.46558154822833,1.1085339168490154,17.477311,78.653882,Medchal,Active,-1.1084545467267823,0.178945249653768,1.5548841827893536,1,0,Stable Rural Shops,2.833502134974811
3610047,933,190404,622.2352941176471,623.0,657,13.436317170026065,88218,1.4581901424373347,0.4630750367987336,3473964.0,0.0,0.0,1.4581901424373347,426.72222222222223,0.021593627518476377,0.46332009831726223,11826,11200.235294117647,248.88941555733263,1.0558706749858195,18.632557,79.39143,Peddapalli,Active,1.1226834015198235,-1.1040882772409448,1.4520872561021159,0,0,Active Urban Shops,2.8283265917121345
3724041,934,233496,763.0588235294117,772.0,807,40.94189970431584,200934,1.4578492445209015,0.8601452751834203,4999302.0,0.0,0.0,1.4578492445209015,523.4444444444445,0.05365497186042008,0.86054579093432,14526,13735.058823529413,758.3927470799872,1.0575855689176688,17.609053,78.086637,Sangareddy,Active,3.581424782387578,-0.2776099429404113,1.7555435127859182,0,0,Active Urban Shops,2.826566730154385
3810040,935,220068,719.1764705882352,708.0,788,27.858451970469133,189360,1.4578013362763391,0.860437130244254,4652856.0,0.0,0.0,1.4578013362763391,493.3333333333333,0.03873660097316991,0.860461311958122,14184,12945.176470588236,516.0397556504387,1.0956976934402094,17.844883,78.679209,Siddipet,Active,3.1565685293734287,-0.27522680850890296,1.8346004483332794,0,0,Active Urban Shops,2.8263194072056654
3911009,936,310194,1013.7058823529412,1016.0,1072,41.96733817483778,208782,1.4529010329502292,0.673483321947056,6113664.0,0.0,0.0,1.4529010329502292,697.7222222222222,0.04139991579946859,0.6730691115882319,19296,18246.70588235294,777.3875935389214,1.057505947890675,18.470066,78.861313,Rajanna Siricilla,Active,4.6321306779232865,-1.211172346680809,0.9563454107218504,0,0,Active Urban Shops,2.801021935354963
1500019,537,208458,681.2352941176471,678.0,765,33.66971002536106,144288,1.4525730676688724,0.6921811637095616,4761630.0,0.0,0.0,1.4525730676688724,470.22222222222223,0.04942449446776082,0.6921682065452034,13770,12262.235294117647,623.6853703402626,1.122960020723599,17.335804,78.393952,Ranga Reddy,Active,2.5666144878791926,-0.3991045897807674,1.6700878587612382,0,0,Active Urban Shops,2.7993288376177423
1708022,535,203436,664.8235294117648,666.0,721,31.36043610583739,125010,1.451582839197024,0.6136744700461572,4553676.0,0.0,0.0,1.451582839197024,458.0,0.04717106828873081,0.6144930100867103,12978,11966.823529411764,580.9092264818701,1.084498318881614,17.973325,78.03495,Medak,Active,2.1630830093819973,-0.6184301751999299,1.5773907876446864,0,0,Active Urban Shops,2.794216852659816
1585678,537,34578,113.0,94.0,183,36.57895121693822,34236,1.0802363866043112,0.9902489670441899,696600.0,45936.0,14.437284221876551,1.0802363866043112,104.61111111111111,0.3237075328932586,0.9901093180635085,3294,2034.0,677.5750880898736,1.6194690265486726,17.333415,78.549056,Ranga Reddy,Active,-0.556433191037955,4.514858590384691,3.0998591101957365,4,0,Volatile Portability Hubs,2.783904467958759
2237037,541,55404,181.05882352941177,187.0,198,16.62083831075806,21780,1.1907439446366783,0.3925811325045315,1102572.0,0.0,0.0,1.1907439446366783,152.05555555555554,0.09179800236611015,0.3931124106562703,3564,3259.0588235294117,307.8783182095313,1.0935672514619883,17.265937,80.076512,Khammam,Active,-1.7701671862801232,0.47594008058240495,1.7294302194209017,1,0,Stable Rural Shops,2.7798426651811226
3719035,934,430614,1407.235294117647,1449.0,1472,142.5834131344202,346374,1.800265050433452,0.8058889396902325,9505656.0,0.0,0.0,1.800265050433452,781.7222222222222,0.10132165795615698,0.8043723613259207,26496,25330.235294117647,2641.162895615579,1.046022656021402,17.536522,78.263186,Sangareddy,Active,8.748283832590445,-1.1099843801986486,1.47280105429362,3,0,High-Volume Urban Hubs,2.778893886687319
3901003,936,95310,311.47058823529414,313.0,397,32.61480279903681,29520,1.1899987023719274,0.30679973514428205,1778832.0,0.0,0.0,1.1899987023719274,261.77777777777777,0.10471230360408418,0.3097261567516525,7146,5606.470588235294,604.144655447586,1.2745986779981116,18.418518,78.973707,Rajanna Siricilla,Active,-0.9046807573945144,0.6052152652063513,1.452188278836895,1,0,Stable Rural Shops,2.7745801034205337
1532038,537,294966,963.9411764705883,959.0,1071,44.908392774204124,217008,1.4444666887669404,0.735243741691495,6422526.0,0.0,0.0,1.4444666887669404,667.5555555555555,0.046588312513667546,0.7357051321169219,19278,17350.941176470587,831.8666111964886,1.1110636480136695,17.267556,78.387771,Ranga Reddy,Active,4.702801253066177,-0.8621721089254791,1.118273877956003,0,0,Active Urban Shops,2.757480225718538
1500006,537,216756,708.3529411764706,708.0,771,34.857173796675035,151020,1.4436209802196032,0.6964756444610398,4821588.0,0.0,0.0,1.4436209802196032,490.77777777777777,0.04920876553259222,0.6967281182527819,13878,12750.35294117647,645.6815140973596,1.0884404583956153,17.334805,78.393171,Ranga Reddy,Active,2.7239526928715785,-0.49323370668987115,1.589028012637537,0,0,Active Urban Shops,2.7531143147235655
3724037,934,120276,393.05882352941177,392.0,419,13.352342604861809,51624,1.1833231080599835,0.42860411759786654,2495646.0,0.0,0.0,1.1833231080599835,332.1666666666667,0.033970341856128516,0.4292128105357677,7542,7075.058823529412,247.33390148446983,1.0659982041304998,17.629677,78.091426,Sangareddy,Active,-0.35780803810878026,-0.3370757505131324,1.160733457156425,1,0,Stable Rural Shops,2.7274400940344834
1585767,537,333180,1088.8235294117646,1151.0,1267,128.45534365453267,317106,1.7869158850289348,0.951489232771699,6889770.0,731664.0,8.561502810399299,1.7869158850289348,609.3333333333334,0.11797627456115913,0.9517558076715289,22806,19598.823529411766,2379.459713761039,1.1636412749864937,17.319724,78.568379,Ranga Reddy,Active,7.8368372621352265,0.2038303556826046,2.247300784956328,3,0,High-Volume Urban Hubs,2.72541665435273
3313024,930,312480,1021.1764705882352,1031.0,1078,46.21505221363446,187902,1.4381643362098444,0.6007882335328225,6769710.0,0.0,0.0,1.4381643362098444,710.0555555555555,0.04525667555482637,0.6013248847926267,19404,18381.176470588234,856.0706918308582,1.0556451612903226,17.40435,78.66752,Medchal,Active,4.605054622852494,-1.3652749984908625,0.7616211230573525,0,0,Active Urban Shops,2.724944773156481
2383037,539,322164,1052.8235294117646,1060.0,1139,59.98252397370874,174402,1.4345392328630595,0.5412784305268373,6558786.0,0.0,0.0,1.4345392328630595,734.0,0.05697300857934119,0.5413454017208627,20502,18950.823529411766,1111.0942936635768,1.0818527209744104,17.054522,79.282553,Nalgonda,Active,4.690022606186993,-1.2966611249411784,0.6649996273837026,0,0,Active Urban Shops,2.7062304316620374
3302051,930,258804,845.7647058823529,854.0,927,46.50566892373834,229896,1.4344627105943928,0.8881018620498747,5428170.0,396900.0,12.201082792573665,1.4344627105943928,589.6111111111111,0.05498653301596549,0.8883015718458757,16686,15223.764705882353,861.4539692731531,1.096049520100153,17.390724,78.54615,Medchal,Active,4.755295736411169,-0.1905151930118562,1.5254183324432202,0,0,Active Urban Shops,2.705835390822987
3302146,930,237582,776.4117647058823,763.0,915,60.471321414344246,196416,1.4341180997145258,0.8260923240546258,4942836.0,499500.0,14.131430548545692,1.4341180997145258,541.3888888888889,0.07788563255124269,0.8267292976740662,16470,13975.411764705883,1120.1485983354808,1.1784983710887187,17.500324,78.510018,Medchal,Active,4.363247789329053,0.26289416572916646,1.6624570885345926,0,0,Active Urban Shops,2.7040563613522126
2084166,534,180144,588.7058823529412,655.0,690,106.8505855735739,167580,1.4317553077246832,0.9291058759693139,3496608.0,0.0,0.0,1.4317553077246832,411.27777777777777,0.18150079483920425,0.9302557953637091,12420,10596.70588235294,1979.2610920715426,1.1720623501199041,18.442268,79.115002,Karimnagar,Active,3.243394113898311,1.717616827327681,2.480141117926112,0,0,Active Urban Shops,2.69185861360594
2507027,922,70794,231.35294117647058,212.0,298,40.570435911013305,40932,1.1768119455881672,0.5700230135218433,1480698.0,0.0,0.0,1.1768119455881672,196.61111111111111,0.17536166043407736,0.5781845919145691,5364,4164.35294117647,751.5118878947018,1.2880752606153065,18.627465,79.936984,Jayashankar Bhupalpalli,Active,-0.7385149180168187,1.8043685408547177,2.0955394292179492,1,0,Stable Rural Shops,2.681461227480781
3719029,934,115866,378.6470588235294,385.0,414,28.67625294776842,32994,1.1759225429302156,0.28055642905082945,2410344.0,0.0,0.0,1.1759225429302156,322.0,0.07573346281063588,0.28475998135777536,7452,6815.64705882353,531.1884012730877,1.0933664750660246,17.583577,78.245053,Sangareddy,Active,-0.6279133105675028,-0.17708921312737258,1.0682561432045827,1,0,Stable Rural Shops,2.675180670621776
4107014,938,107964,352.8235294117647,351.0,375,13.55746368613142,32670,1.1752187249168673,0.3019546863218121,2828898.0,0.0,0.0,1.1752187249168673,300.22222222222223,0.03842562231814507,0.30260086695565186,6750,6350.823529411765,251.13348922787003,1.0628542847615872,17.144596,77.871617,Vikarabad,Active,-0.8118047389449082,-0.5128167166460486,1.026469389660629,1,0,Stable Rural Shops,2.67021062807501
3313004,930,443646,1449.8235294117646,1426.0,1602,79.67772115108635,277308,1.7719948087961388,0.6239806587128589,9731160.0,0.0,0.0,1.7719948087961388,825.0,0.05495684097733874,0.6250659309449426,28836,26096.823529411766,1475.9209089283086,1.1049620643486022,17.45227,78.68633,Medchal,Active,7.818779039250794,-2.1540110025102437,0.9161886155288272,3,0,High-Volume Urban Hubs,2.6656422912218827
2281100,541,76410,249.7058823529412,230.0,416,99.4226535094404,61704,1.0484588026081803,0.8184638236392385,1395360.0,0.0,0.0,1.0484588026081803,238.16666666666666,0.39815903643356576,0.8075382803297998,7488,4494.705882352941,1841.6688004601253,1.6659599528857478,,,Khammam,Active,0.641150220542534,4.8804041043525785,2.6753542601201237,4,0,Volatile Portability Hubs,2.6485588861626446
3302048,930,530964,1735.1764705882354,1727.0,1920,82.58520628424083,463410,1.7663042359674228,0.8724995808954679,10970208.0,713286.0,13.64969257682574,1.7663042359674228,982.4444444444445,0.04759470156729589,0.8727710353244288,34560,31233.176470588234,1529.7780980951989,1.1065156959793885,17.411317,78.564992,Medchal,Active,11.478365024920127,-2.1182461138605015,0.6220520466527374,3,-1,High-Volume Urban Hubs,2.6428456536751512
1814025,533,108234,353.70588235294116,316.0,580,111.73739015534196,81630,1.0413433574957698,0.7086681389071674,2468646.0,0.0,0.0,1.0413433574957698,339.6666666666667,0.3159048116814923,0.7541992349908532,10440,6366.705882352941,2069.7824693885673,1.6397804756361216,18.64725,77.888074,Nizamabad,Active,1.3918254235035616,4.029690411058557,2.1323618533317723,4,0,Volatile Portability Hubs,2.6182531190975724
1709002,535,127116,415.4117647058824,433.0,477,42.68305294468615,37404,1.164707918858224,0.28679996524331397,2656062.0,0.0,0.0,1.164707918858224,356.6666666666667,0.10274878222311874,0.29425092041914475,8586,7477.411764705882,790.6452316639502,1.1482582837723025,18.01122,78.138127,Medak,Active,-0.18860550502785664,0.13083571897204352,1.043025573153236,1,0,Stable Rural Shops,2.595988098498445
3909026,936,96552,315.52941176470586,319.0,347,19.799009355422804,45486,1.1638395536204498,0.47036847732049053,1976184.0,0.0,0.0,1.1638395536204498,271.1111111111111,0.06274853822561292,0.47110365398956006,6246,5679.529411764706,366.74959400915816,1.0997390007457122,18.361966,78.817895,Rajanna Siricilla,Active,-0.689723909534142,0.22166701236602754,1.4141382212330258,1,0,Stable Rural Shops,2.5898560983279206
1585392,537,176886,578.0588235294117,595.0,775,88.78622218429449,168714,1.4107065504766059,0.9540876565263673,3657528.0,464274.0,8.436913826660989,1.4107065504766059,409.8888888888889,0.15359374958105285,0.9538007530273735,13950,10405.058823529413,1644.643444283146,1.3406940063091481,17.351336,78.532971,Ranga Reddy,Active,3.6824988778550907,1.9209779196011434,2.420056085515535,0,0,Active Urban Shops,2.5831958822320815
1882506,533,155034,506.6470588235294,541.0,632,107.53064195165123,132858,1.4073529411764705,0.8694917748534087,3591558.0,0.0,0.0,1.4073529411764705,360.0,0.2122397437801081,0.8569604086845466,11376,9119.64705882353,1991.8582072143236,1.2474166956925576,18.64721,77.888064,Nizamabad,Active,2.620941571506786,2.089561160605757,2.555484822768387,0,0,Active Urban Shops,2.565883109690758
2084162,534,176364,576.3529411764706,592.0,637,65.26892370153801,166194,1.4070358321952814,0.9428914457474181,3501540.0,0.0,0.0,1.4070358321952814,410.1111111111111,0.11324471350542419,0.9423351704429476,11466,10374.35294117647,1209.0176250357388,1.1052255562359665,18.423821,79.112175,Karimnagar,Active,2.7074000849715674,0.9779047024510943,2.2871104634721253,0,0,Active Urban Shops,2.5642460568408882
2060010,534,158094,516.6470588235294,501.0,612,50.534645877299546,129888,1.4068181361665264,0.8210395993829491,2977308.0,0.0,0.0,1.4068181361665264,367.5,0.09781270407766052,0.8215871570078561,11016,9299.64705882353,936.085261953771,1.1845610839121028,18.462968,79.120957,Karimnagar,Active,1.82351939141807,0.8591626375098366,2.25867095778486,0,0,Active Urban Shops,2.5631222163777694
2909003,926,131634,430.1764705882353,433.0,472,25.970504744473853,109350,1.4055510610565858,0.8301650451339772,3007134.0,0.0,0.0,1.4055510610565858,306.05555555555554,0.060371746295098526,0.8307124299193217,8496,7743.176470588235,481.0681130689964,1.0972241214275946,18.326425,78.337764,Kamareddy,Active,1.0786420647074608,0.4293355167111275,2.281134125638378,0,0,Active Urban Shops,2.556581030089227
3723038,934,202428,661.5294117647059,669.0,732,44.2673041202992,183942,1.4048530821583125,0.9087338985831851,4481964.0,0.0,0.0,1.4048530821583125,470.8888888888889,0.06691660768674075,0.9086786412946826,13176,11907.529411764706,819.9913198966696,1.1065267650720256,17.620717,77.952797,Sangareddy,Active,3.106397095034914,0.2766934559874295,1.9281110718342511,0,0,Active Urban Shops,2.5529777630348445
3513002,932,243846,796.8823529411765,800.0,864,37.67713420177593,173718,1.404172371516553,0.7124524356514562,4799124.0,19800.0,3.471016042780749,1.404172371516553,567.5555555555555,0.047280673317353715,0.7124086513619251,15552,14343.882352941177,697.9174272749733,1.084225289732044,19.090746,78.349277,Nirmal,Active,3.3223720755700894,-0.5632155367783354,1.343377739809267,0,0,Active Urban Shops,2.5494636421422396
1533036,537,80442,262.88235294117646,307.0,340,80.48443011439517,39870,1.400490622606819,0.43241002514002713,1995192.0,0.0,0.0,1.400490622606819,187.72222222222223,0.30616140343359094,0.49563660774222423,6120,4731.882352941177,1490.864090148434,1.2933542179458493,17.154622,78.466885,Ranga Reddy,Active,-0.17899129241328923,2.2813388823336176,2.6720137094849905,0,-1,Active Urban Shops,2.5304568719063876
4407043,941,301662,985.8235294117648,976.0,1097,65.80678301249229,255942,1.7370938699752705,0.8488347409285456,6112962.0,0.0,0.0,1.7370938699752705,567.5555555555555,0.06675310646293746,0.8484396443701891,19746,17744.823529411766,1218.9807338148396,1.1127752252521033,17.25836,78.898985,Yadadri Bhuvanagiri,Active,5.273083209200172,-0.6404413999001093,2.144304039620538,3,0,High-Volume Urban Hubs,2.525827886541026
3719020,934,264006,862.7647058823529,879.0,990,91.79812239273332,169488,1.3995917081215892,0.6370924201108258,5633010.0,0.0,0.0,1.3995917081215892,616.5,0.10639995095632825,0.6419854094225131,17820,15529.764705882353,1700.4347800419955,1.1474739210472489,17.52742,78.26557,Sangareddy,Active,4.171792032030621,-0.02449907762486234,1.2348742540200153,0,0,Active Urban Shops,2.5258162889928513
2084140,534,316926,1035.7058823529412,1046.0,1080,39.012882673096726,258948,1.7345477805109182,0.8169465925238171,6313464.0,0.0,0.0,1.7345477805109182,597.1666666666666,0.03766791647882344,0.8170613960356676,19440,18642.70588235294,722.6603424764883,1.0427670812744931,18.446976,79.132252,Karimnagar,Active,5.188582330538761,-1.3132318998959365,1.8914503599198327,3,0,High-Volume Urban Hubs,2.5156281614118625
4111050,938,274842,898.1764705882352,895.0,991,40.30085507729856,216936,1.3964926017303965,0.7890553534788709,5855022.0,0.0,0.0,1.3964926017303965,643.1666666666666,0.04486964020656726,0.7893116772545681,17838,16167.176470588236,746.5182713181001,1.103346650075316,17.336752,77.906689,Vikarabad,Active,4.352136373577422,-0.6135219605075022,1.1985664730408656,0,0,Active Urban Shops,2.5098173698492547
1672238,536,146412,478.47058823529414,495.0,583,82.28013395460208,138420,1.3959006448583333,0.9454022230204501,3122874.0,433800.0,7.261809428814092,1.3959006448583333,342.77777777777777,0.17196487303027236,0.9454143103024343,10494,8612.470588235294,1524.1270500538603,1.2184656995328251,17.34913,78.473565,Hyderabad,Active,2.7633290473554974,1.9327547697830838,2.555841523628701,0,0,Active Urban Shops,2.506761434060942
1585407,537,516060,1686.4705882352941,1708.0,1885,117.08615624646197,459918,1.7309962113015864,0.8909374495069322,11042010.0,889344.0,12.787445298116147,1.7309962113015864,974.2777777777778,0.06942674071119126,0.891210324380886,33930,30356.470588235294,2168.861052420346,1.117718869898849,17.324663,78.604884,Ranga Reddy,Active,11.838187496152573,-1.5667993804752007,0.6595740511349457,3,-1,High-Volume Urban Hubs,2.501400448592038
3014008,927,91746,299.8235294117647,288.0,454,45.326663907076124,7344,0.4418949097661838,0.07999595904627388,1952748.0,0.0,0.0,0.4418949097661838,678.5,0.1511778078124964,0.08004708652148322,8172,5396.823529411765,839.6145123875389,1.5142240533647242,18.003447,80.79104,Bhadrdri Kothagudem,Active,-0.9415153666988086,1.7072739222505826,-0.8340867367844365,1,0,Stable Rural Shops,-2.5081884647768824
2801028,925,51516,168.35294117647058,161.0,226,20.67340751318863,26496,0.44187123668364986,0.5150355565820294,976320.0,0.0,0.0,0.44187123668364986,381.0,0.12279801807274868,0.5143256464011181,4068,3030.3529411764707,382.94662506289154,1.3424178895877008,17.816634,78.95582,Janagaon,Active,-1.4376152671460396,2.220896681332194,0.06759797176573064,1,0,Stable Rural Shops,-2.5083556333135997
3107008,928,48690,159.11764705882354,153.0,238,38.464621373365105,11430,0.4414596555208235,0.231699662514079,895104.0,0.0,0.0,0.4414596555208235,360.44444444444446,0.24173699199527052,0.23475046210720887,4284,2864.1176470588234,712.5045510690563,1.4957486136783735,17.703598,79.919223,Mahabubabad,Active,-1.8424498969653724,2.8437204361282915,0.018827939419787082,1,0,Stable Rural Shops,-2.5112620322006687
3103025,928,68814,224.88235294117646,205.0,315,47.85208646823611,48942,0.42319767468225605,0.713238226242941,1233162.0,0.0,0.0,0.42319767468225605,531.3888888888889,0.21278720114046923,0.7112215537535966,5670,4047.8823529411766,886.3945144765493,1.4007324091027988,17.571253,80.102515,Mahabubabad,Active,-0.22513211801813535,3.3132008718123798,0.2932053429360003,0,0,Active Urban Shops,-2.5147493520189577
4410021,941,69444,226.94117647058823,228.0,240,9.4367508260186,3726,0.4408641032443184,0.05321850932477362,1401714.0,0.0,0.0,0.4408641032443184,514.8333333333334,0.041582364966904144,0.053654743390357695,4320,4084.9411764705883,174.80291423065412,1.0575427682737168,17.089464,78.8544,Yadadri Bhuvanagiri,Active,-2.158407420066422,0.008071629020366167,-1.0664870543947509,1,0,Stable Rural Shops,-2.5154675513788045
2382003,539,57816,188.94117647058823,177.0,292,36.144742772452915,18378,0.43958661337279453,0.30699010891352646,1284678.0,0.0,0.0,0.43958661337279453,429.8333333333333,0.1913015651094955,0.31787048567870485,5256,3400.9411764705883,669.531969978678,1.5454545454545454,16.872523,79.568846,Nalgonda,Active,-1.4123124820077537,2.701009414336325,-0.056688589640509504,1,0,Stable Rural Shops,-2.524488603545871
3404034,931,50760,165.88235294117646,154.0,257,39.997531264221834,24480,0.4391662353122799,0.47333518987161044,1096002.0,0.0,0.0,0.4391662353122799,377.72222222222223,0.24111986932332313,0.48226950354609927,4626,2985.8823529411766,740.8996121568143,1.5492907801418438,16.524608,78.236481,Nagarkarnool,Active,-1.2175900185525235,3.4093509234433084,0.33856294609720133,1,0,Stable Rural Shops,-2.5274571221214974
2223030,541,41670,136.1764705882353,143.0,166,24.93167519759049,28098,0.4382862116628898,0.6726468023043781,737226.0,0.0,0.0,0.4382862116628898,310.72222222222223,0.18308357596502733,0.6742980561555075,2988,2451.176470588235,461.8252152186633,1.2190064794816415,17.451869,80.287056,Khammam,Active,-1.3550891927886215,2.7230033787461876,0.41467567809470823,1,0,Stable Rural Shops,-2.533671448689841
1539024,537,64350,210.2941176470588,207.0,250,16.660892603148703,5850,0.4366926302684817,0.09139536745003134,1468656.0,0.0,0.0,0.4366926302684817,481.94444444444446,0.07922662216881901,0.09090909090909091,4500,3785.294117647059,308.62026924399356,1.1888111888111887,17.041386,78.119575,Ranga Reddy,Active,-2.0437632225419953,0.6652199319941061,-0.8423147667877485,1,0,Stable Rural Shops,-2.5449245953580597
1671196,536,144792,473.1764705882353,459.0,611,69.76213615760989,117684,0.4171614399923068,0.8124832478099792,3586950.0,618588.0,5.839623244882696,0.4171614399923068,1134.2777777777778,0.1474336542366196,0.8127797115862755,10998,8517.176470588236,1292.2482460470837,1.2912729985082048,17.372487,78.495158,Hyderabad,Active,3.233290455202909,2.387917140368582,-0.756651980626804,0,0,Active Urban Shops,-2.5459109897770937
1581135,537,159480,521.1764705882352,503.0,673,114.7097330412188,118674,0.4162197657901935,0.7433870786799011,3599136.0,63000.0,38.09942173479561,0.4162197657901935,1252.1666666666667,0.22009768190753046,0.7441309255079007,12114,9381.176470588236,2124.8410597999477,1.2913092550790066,17.480004,78.321894,Ranga Reddy,Active,3.3265409100674144,2.8623723256178226,-0.7553781990343386,0,-1,Active Urban Shops,-2.5507723167267065
1674450,536,136764,446.94117647058823,456.0,504,29.93593931837905,64350,0.4154587457472147,0.47261214232924526,2954754.0,608454.0,4.855529669591013,0.4154587457472147,1075.7777777777778,0.0669795957373577,0.47051855751513555,9072,8044.941176470588,554.5223699937897,1.1276651750460647,17.387859,78.473994,Hyderabad,Active,1.588974100233188,0.7183399472392745,-1.3730784245715066,0,0,Active Urban Shops,-2.5547010292642542
3716005,934,39204,128.11764705882354,132.0,144,13.97184108476668,2070,0.43429710867397814,0.053104994504079975,936936.0,0.0,0.0,0.43429710867397814,295.0,0.10905477430717794,0.052800734618916434,2592,2306.1176470588234,258.80926431277067,1.1239669421487604,18.11941,77.606632,Sangareddy,Active,-2.8036532341954725,0.8328232017908961,-0.6022369792256931,1,0,Stable Rural Shops,-2.561840678806591
2359002,539,29178,95.3529411764706,94.0,115,8.778864774613767,414,0.43256921053722575,0.014248321301742913,663480.0,0.0,0.0,0.43256921053722575,220.44444444444446,0.09206705809280323,0.01418877236273905,2070,1716.3529411764705,162.61647409490473,1.2060456508328192,16.552774,78.872233,Nalgonda,Active,-3.1897804088404387,0.902243592804008,-0.5245955984965923,1,0,Stable Rural Shops,-2.5740423091901077
4001013,937,81900,267.6470588235294,256.0,381,45.35751902722109,41688,0.4116593951607514,0.5078053404216429,1543428.0,0.0,0.0,0.4116593951607514,650.1666666666666,0.1694676535082986,0.509010989010989,6858,4817.64705882353,840.1860613263344,1.4235164835164835,17.266719,79.628779,Suryapet,Active,-0.27915232478686897,2.5790924762492873,-0.24862660488964186,0,0,Active Urban Shops,-2.574314909898926
3101003,928,97128,317.4117647058824,316.0,383,47.84613719773473,3204,0.43178763439643914,0.03242027915036594,1942866.0,0.0,0.0,0.43178763439643914,735.1111111111111,0.15073838627900116,0.032987398072646404,6894,5713.411764705882,886.2843123698744,1.2066345441067459,17.775087,79.983983,Mahabubabad,Active,-1.0364891353059769,0.9474255912084244,-1.1453355376300263,1,0,Stable Rural Shops,-2.5795614442499892
1671123,536,142362,465.2352941176471,443.0,567,59.24229378739402,117684,0.41014096843734793,0.8265630772453089,3545838.0,622602.0,5.751040941004126,0.41014096843734793,1134.3333333333333,0.1273383480067895,0.8266531799216082,10206,8374.235294117647,1097.3825409475362,1.218738146415476,17.372844,78.495879,Hyderabad,Active,3.0633773861630207,2.100407145352029,-0.8163260211361348,0,0,Active Urban Shops,-2.582153681243546
3211010,929,104418,341.2352941176471,346.0,497,60.403426751764975,65196,0.4088319020010635,0.6252078222708176,1947204.0,0.0,0.0,0.4088319020010635,834.6666666666666,0.17701400702982323,0.6243751077400448,8946,6142.235294117647,1118.89094248567,1.456473021892777,18.864215,79.447406,Manchiryala,Active,0.8261028292439145,2.8161737759146557,-0.3289469183304195,0,0,Active Urban Shops,-2.588911644805955
3409020,931,53838,175.94117647058823,152.0,295,48.92124622008451,18684,0.4302326004950136,0.3303612063867258,1185300.0,0.0,0.0,0.4302326004950136,408.94444444444446,0.27805455892391734,0.34704112337011034,5310,3166.9411764705883,906.1992379292369,1.676696756937479,16.26269,78.516865,Nagarkarnool,Active,-1.2814388246450954,3.6734316773548104,0.22871519663710513,1,0,Stable Rural Shops,-2.590542386063315
3384167,930,79002,258.1764705882353,251.0,359,55.11444042093006,66564,0.40794145371948914,0.8422860561300359,1614708.0,36000.0,7.597376750700279,0.40794145371948914,632.8888888888889,0.21347584578624082,0.8425609478241057,6462,4647.176470588235,1020.9196978272898,1.3905217589428116,17.514525,78.44553,Medchal,Active,0.5502008134923543,3.505770102674825,0.27708264700599133,0,0,Active Urban Shops,-2.593508521537567
1485017,538,52974,173.11764705882354,172.0,218,12.835882684162458,2862,0.42965549448631,0.0536129555231035,1234494.0,0.0,0.0,0.42965549448631,403.3333333333333,0.074145431746776,0.05402650356778797,3924,3116.1176470588234,237.76718716870414,1.2592592592592593,16.867292,78.222548,Mahbubnagar,Active,-2.422480428462298,0.7947757133614362,-0.7599772238165851,1,0,Stable Rural Shops,-2.594617646091978
1672305,536,149994,490.1764705882353,477.0,684,87.3648552700391,147276,0.4067667138052944,0.9819883381809104,3656574.0,502776.0,7.301890054986305,0.4067667138052944,1205.0555555555557,0.1782314340082401,0.9818792751710068,12312,8823.176470588236,1618.314564419342,1.3954158166326651,17.337262,78.488912,Hyderabad,Active,3.972650162836416,3.1871793442470246,-0.49765101170815224,0,0,Active Urban Shops,-2.599573033861303
1706028,535,45522,148.76470588235293,152.0,177,11.592402659561419,6066,0.4284437506041284,0.13213781729817853,864540.0,0.0,0.0,0.4284437506041284,347.22222222222223,0.0779244148724967,0.1332542506919731,3186,2677.764705882353,214.73341886271587,1.1897983392645313,18.020356,77.911698,Medak,Active,-2.524215295305231,0.8960301656509044,-0.5910284186434359,1,0,Stable Rural Shops,-2.603174429999192
1423023,538,50040,163.52941176470588,173.0,244,36.5678455590861,37494,0.40597963381011476,0.7515333675324445,1124352.0,0.0,0.0,0.40597963381011476,402.8333333333333,0.22361632176419557,0.7492805755395684,4392,2943.529411764706,677.3693709534572,1.492086330935252,16.756106,78.139368,Mahbubnagar,Active,-0.6675075867321075,3.7022577658246796,0.5310857151854069,0,0,Active Urban Shops,-2.603636279072312
1679938,536,93114,304.29411764705884,288.0,397,44.651786791181515,79398,0.40594050294326617,0.8504105071924108,1976814.0,286092.0,7.188082066138833,0.40594050294326617,749.6111111111111,0.14673890884401425,0.8526966943746376,7146,5477.294117647059,827.1133359995084,1.3046588053353954,17.423565,78.511844,Hyderabad,Active,1.1130913257972437,2.78310791113115,-0.08626600885270296,0,0,Active Urban Shops,-2.60383828942488
1425022,538,207090,676.7647058823529,678.0,765,54.131565859230626,126630,0.4046880170102771,0.6101970297917105,4603716.0,16200.0,9.360628561769536,0.4046880170102771,1672.5,0.07998579918356546,0.6114732724902217,13770,12181.764705882353,1002.71328961796,1.1303780964797914,16.729807,78.00797,Mahbubnagar,Active,3.6637901512912823,0.5396462005590189,-1.9289657601539554,0,-1,Active Urban Shops,-2.6103041601117756
1679952,536,148518,485.3529411764706,475.0,588,46.449051318302516,134712,0.40438613300617404,0.9068812584106511,3410478.0,189000.0,21.92829232724307,0.40438613300617404,1200.2222222222222,0.09570159646238549,0.9070415707187007,10584,8736.35294117647,860.4052054974208,1.2114895164222519,17.437684,78.533806,Hyderabad,Active,2.8886368385124883,1.8891152820900396,-0.8002741301411744,0,0,Active Urban Shops,-2.611862615086447
1674478,536,66618,217.7058823529412,213.0,267,25.47152247290597,56358,0.4009316433755823,0.8454856808194936,1523160.0,294300.0,5.2307874677573984,0.4009316433755823,543.0,0.11699969793012739,0.8459875709267766,4806,3918.705882352941,471.82514832110775,1.2264252904620374,17.373803,78.462448,Hyderabad,Active,0.11328761788826601,2.522834676954926,0.07698665066078508,0,0,Active Urban Shops,-2.62969617525053
3105026,928,88596,289.52941176470586,285.0,389,37.738541211440605,29952,0.42464427751285166,0.33670333811555836,1885572.0,0.0,0.0,0.42464427751285166,681.8333333333334,0.1303444129610911,0.3380739536773669,7002,5211.529411764706,699.0549082195776,1.3435595286468913,17.56019,79.962007,Mahabubabad,Active,-0.5657462229954429,1.708505229518353,-0.6410879117384783,1,0,Stable Rural Shops,-2.630004580067535
1678855,536,174636,570.7058823529412,770.0,831,298.10049757390385,149184,0.4487174804271479,0.859292513260464,4215906.0,758052.0,5.44509519925559,0.4487174804271479,1272.0,0.5223364727640039,0.8542568542568543,14958,10272.70588235294,5521.90437897907,1.456091527520099,17.419395,78.497169,Hyderabad,Active,6.7783650487218505,6.292852429658525,-0.05407303173229515,3,-1,High-Volume Urban Hubs,-2.6354538438471264
2804030,925,73134,239.0,239.0,252,8.90606718966822,8046,0.4210314160419706,0.10943811153518268,1395234.0,0.0,0.0,0.4210314160419706,567.6666666666666,0.037263879454678746,0.11001722864878169,4536,4302.0,164.97272501841027,1.0543933054393306,17.758814,79.396097,Janagaon,Active,-1.939955996533398,0.06846737073912121,-1.1055372906499723,1,0,Stable Rural Shops,-2.655516963787905
3408020,931,56286,183.94117647058823,184.0,229,24.910919402876864,11304,0.4197983099886327,0.19927332453393917,1287702.0,0.0,0.0,0.4197983099886327,438.1666666666667,0.13542872716626372,0.20083146786056924,4122,3310.9411764705883,461.4407424832895,1.2449632235369363,16.138783,78.417437,Nagarkarnool,Active,-1.8902697593491575,1.4622578794141465,-0.5268032416737058,1,0,Stable Rural Shops,-2.6642245976272383
4017023,937,28728,93.88235294117646,90.0,127,15.585172094000576,2772,0.41880810534636664,0.09081065592580127,545814.0,0.0,0.0,0.41880810534636664,224.16666666666666,0.16600747217920414,0.09649122807017543,2286,1689.8823529411766,288.69401672725684,1.3527568922305764,17.037962,79.73403,Suryapet,Active,-2.9269542348236364,1.8677915042357531,-0.2340982178332805,1,0,Stable Rural Shops,-2.6712169722308023
1677757,536,105174,343.70588235294116,357.0,423,58.62868792026378,89586,0.3924339012456325,0.8524679121271871,2177820.0,164142.0,26.703923793110345,0.3924339012456325,875.8333333333334,0.17057807541408254,0.8517884648297107,7614,6186.705882352941,1086.0163307189425,1.2307034057846995,17.441067,78.436572,Hyderabad,Active,1.5384188654874942,2.7529356742727846,-0.2575732814422428,0,0,Active Urban Shops,-2.6735651723351634
3110002,928,58824,192.23529411764707,187.0,239,19.518050395074983,7974,0.41790281329923273,0.13310400128578742,1142154.0,0.0,0.0,0.41790281329923273,460.0,0.10153208589849287,0.13555691554467564,4302,3460.235294117647,361.54521318428567,1.2432680538555692,17.525091,79.869473,Mahabubabad,Active,-2.065375905107268,1.0960291832455755,-0.6995164339262571,1,0,Stable Rural Shops,-2.6776097327259474
3415034,931,52236,170.7058823529412,166.0,213,14.655780419708261,12564,0.4178751183112562,0.23967894183612756,1141308.0,0.0,0.0,0.4178751183112562,408.77777777777777,0.08585398591834612,0.2405237767057202,3834,3072.705882352941,271.478305925603,1.2477601654031703,16.358503,78.449054,Nagarkarnool,Active,-2.0438490102819875,1.233525029805169,-0.5169199327379691,1,0,Stable Rural Shops,-2.677805302128783
3409024,931,48186,157.47058823529412,159.0,196,13.704161781905821,14598,0.4168490161677543,0.30341247442252894,1074906.0,0.0,0.0,0.4168490161677543,377.77777777777777,0.08702680249996225,0.30295106462457977,3528,2834.470588235294,253.85087099689508,1.2446768771012326,16.26433,78.42143,Nagarkarnool,Active,-2.022073825152034,1.3811568467429973,-0.3920124842184114,1,0,Stable Rural Shops,-2.68505116855137
4205021,939,35676,116.58823529411765,129.0,173,29.86011746856095,360,0.41665216404388006,0.010519386371026139,851346.0,0.0,0.0,0.41665216404388006,279.8333333333333,0.25611604286858536,0.010090817356205853,3114,2098.5882352941176,553.1178738324601,1.4838546922300706,16.430821,78.156749,Wanaparthy,Active,-2.647589634262949,2.521055542606127,-0.21688393758849542,1,0,Stable Rural Shops,-2.6864412486750964
2388022,539,64620,211.1764705882353,188.0,331,50.93745668692067,13734,0.4165866666770843,0.1789103548446781,1416132.0,0.0,0.0,0.4165866666770843,507.0,0.2412080121664767,0.21253481894150417,5958,3801.176470588235,943.5467817823155,1.5674094707520891,16.599507,78.979519,Nalgonda,Active,-1.2975478954858526,2.877453952982468,-0.25707842968383915,1,0,Stable Rural Shops,-2.686903761275658
3020019,927,89082,291.11764705882354,293.0,432,60.43795801917437,15318,0.4156219262110675,0.16613216654882287,1773936.0,0.0,0.0,0.4156219262110675,700.5,0.20760664504464826,0.17195393008688625,7776,5240.117647058823,1119.530587029277,1.4839361487169125,17.712885,80.318342,Bhadrdri Kothagudem,Active,-0.634486153047594,2.29373261415657,-0.6832259770541863,1,0,Stable Rural Shops,-2.693716319453702
3103010,928,41004,134.0,132.0,195,28.0121753388257,1854,0.4148606811145511,0.04581932748092056,803718.0,0.0,0.0,0.4148606811145511,323.0,0.20904608461810223,0.04521510096575944,3510,2412.0,518.8872709943847,1.455223880597015,17.616243,80.06358,Mahabubabad,Active,-2.52549251495064,2.218475698083702,-0.31839384855199004,1,0,Stable Rural Shops,-2.6990918859303323
3614036,933,55026,179.8235294117647,177.0,253,29.077424660369417,22086,0.41320554532770953,0.4010609383356878,969246.0,0.0,0.0,0.41320554532770953,435.22222222222223,0.1616997773066013,0.4013738959764475,4554,3236.823529411765,538.619559069075,1.4069349035001635,18.510529,79.383586,Peddapalli,Active,-1.444926457998184,2.4174551547614724,-0.10883036448950816,1,0,Stable Rural Shops,-2.710779701708367
4018022,937,55602,181.7058823529412,179.0,237,25.56172403763637,6084,0.41203147925837,0.10670733507567007,1067850.0,0.0,0.0,0.41203147925837,441.0,0.14067637055351837,0.10942052444156684,4266,3270.705882352941,473.4960090520673,1.304305600517967,17.090686,79.602835,Suryapet,Active,-2.107495254076561,1.4768167448764111,-0.6134111382821753,1,0,Stable Rural Shops,-2.7190704220461033
3105029,928,70830,231.47058823529412,218.0,361,48.77221176355018,2610,0.41077842594141833,0.03626266060990795,1387224.0,0.0,0.0,0.41077842594141833,563.5,0.21070587038890803,0.036848792884371026,6498,4166.470588235294,903.4385782696477,1.5595933926302417,17.600322,79.9568,Mahabubabad,Active,-1.518704499717533,2.3143305637993516,-0.6204989426339729,1,0,Stable Rural Shops,-2.7279189143843268
4210009,939,56574,184.88235294117646,186.0,210,12.697200505427338,1782,0.41000459020561164,0.03162027525771448,1190592.0,0.0,0.0,0.41000459020561164,451.0,0.06867719013435086,0.03149856824689787,3780,3327.8823529411766,235.1982893095051,1.135857461024499,16.479323,78.047985,Wanaparthy,Active,-2.424612091787476,0.44656143678345533,-0.9655036382702272,1,0,Stable Rural Shops,-2.7333833902264133
1674449,536,123408,403.29411764705884,411.0,443,40.440505964459966,50238,0.3781475144888286,0.4051907590397991,2655720.0,542070.0,4.911041926430269,0.3781475144888286,1066.5,0.10027546694804834,0.4070886814469078,7974,7259.294117647059,749.1051131772066,1.0984539089848309,17.387755,78.473692,Hyderabad,Active,1.1689009779069173,0.9249349223794541,-1.4122830978473464,0,0,Active Urban Shops,-2.7473176408615148
3112042,928,57006,186.2941176470588,180.0,249,31.9837832583011,18864,0.40754709197329736,0.3322283539164912,1191906.0,0.0,0.0,0.40754709197329736,457.1111111111111,0.1716843433505269,0.33091253552257655,4482,3353.294117647059,592.4558807103151,1.3365961477739186,17.453604,79.863838,Mahabubabad,Active,-1.4962910099212574,2.184822902696056,-0.27316453651016204,1,0,Stable Rural Shops,-2.750737124489478
3302098,930,93834,306.6470588235294,296.0,422,48.114136239521315,64350,0.37736255887401127,0.6840473647273425,1909080.0,281628.0,8.457017395130029,0.37736255887401127,812.6111111111111,0.15690395474234844,0.685785536159601,7596,5519.64705882353,891.248628412442,1.3761749472472664,17.44764,78.569087,Medchal,Active,0.8747816120481225,2.7017638360376575,-0.38024663453812646,0,0,Active Urban Shops,-2.751369919108065
1678805,536,148086,483.94117647058823,476.0,714,122.40851975567439,110700,0.3769012277808319,0.7416445373267848,3378636.0,450000.0,7.897347965387837,0.3769012277808319,1284.0,0.25294090626552385,0.7475385924395284,12852,8710.941176470587,2267.450563700018,1.475385924395284,17.447478,78.477825,Hyderabad,Active,3.708832102019716,3.60434497346646,-0.7359985018518354,0,-1,Active Urban Shops,-2.753751508484661
3112046,928,41760,136.47058823529412,140.0,214,26.962526228757785,12780,0.4071078467342851,0.31108047556572005,883422.0,0.0,0.0,0.4071078467342851,335.22222222222223,0.19757023529693205,0.30603448275862066,3852,2456.470588235294,499.44395552041914,1.568103448275862,17.378383,79.8737,Mahabubabad,Active,-1.9216871185081932,2.882399575733838,0.036268476875849935,1,0,Stable Rural Shops,-2.7538388744943827
4407039,941,51480,168.23529411764707,155.0,250,44.389005388963234,33984,0.3762255022626746,0.6599870019502567,1111464.0,0.0,0.0,0.3762255022626746,447.1666666666667,0.26385073133299825,0.6601398601398601,4500,3028.235294117647,822.2456696003151,1.486013986013986,17.311448,78.968242,Yadadri Bhuvanagiri,Active,-0.7327570966495002,3.827971151526935,0.37637360930166824,0,0,Active Urban Shops,-2.757239894026695
2902023,926,36414,119.0,112.0,168,25.54841113406879,21276,0.4047619047619047,0.581014749583876,853452.0,0.0,0.0,0.4047619047619047,294.0,0.21469253053839318,0.5842807711319822,3024,2142.0,473.24940570485666,1.411764705882353,18.240132,78.383656,Kamareddy,Active,-1.570740768035936,3.211952361124332,0.4018196989938274,1,0,Stable Rural Shops,-2.770404849212061
3106002,928,50886,166.2941176470588,175.0,239,43.74244775702751,17892,0.40455399988482227,0.3721327151496155,1041174.0,0.0,0.0,0.40455399988482227,411.05555555555554,0.2630426642622808,0.35160948001414927,4302,2993.294117647059,810.2690729555433,1.437212592854616,17.53391,79.917444,Mahabubabad,Active,-1.4122925514708136,3.1175872614997804,0.04311135138665178,1,0,Stable Rural Shops,-2.771872978849528
2350026,539,41958,137.11764705882354,139.0,217,33.394009706556375,3996,0.40364151797808717,0.08535291752990933,776790.0,0.0,0.0,0.40364151797808717,339.72222222222223,0.24354275633267197,0.09523809523809523,3906,2468.1176470588234,618.5783986643227,1.5825825825825826,16.791527,79.59753,Nalgonda,Active,-2.298874580280438,2.814922291999731,-0.17167165804218426,1,0,Stable Rural Shops,-2.778316510861522
2801004,925,54954,179.58823529411765,173.0,247,23.138791334393087,2160,0.40176338991972627,0.03869442958623393,1119330.0,0.0,0.0,0.40176338991972627,447.0,0.12884358096452095,0.03930560104814936,4446,3232.5882352941176,428.6144915339905,1.3753684900098264,17.765793,79.04603,Janagaon,Active,-2.253628582248948,1.420042402827217,-0.7199568946029362,1,0,Stable Rural Shops,-2.7915789965912094
1481007,538,162882,532.2941176470588,537.0,619,61.343096647203005,119052,0.3683838824222539,0.7297604778799704,3617082.0,0.0,0.0,0.3683838824222539,1444.9444444444443,0.1152428603163279,0.7309094927616311,11142,9581.29411764706,1136.2970432894006,1.1628909271742733,16.731661,77.984663,Mahbubnagar,Active,2.8898853281080914,1.4926408429564069,-1.3520959122572793,0,0,Active Urban Shops,-2.7977217058606647
4205009,939,46440,151.76470588235293,134.0,241,32.03497365577697,24660,0.4003174940299686,0.525679394825692,1058652.0,0.0,0.0,0.4003174940299686,379.1111111111111,0.21108315974736766,0.5310077519379846,4338,2731.764705882353,593.4041128745829,1.5879844961240308,16.396186,78.143453,Wanaparthy,Active,-1.2787272869788255,3.4288368508961122,0.29557541223255757,1,0,Stable Rural Shops,-2.801789255428011
3416027,931,42030,137.35294117647058,132.0,254,34.91469146141362,7290,0.3981244671781756,0.16720123214351112,985230.0,0.0,0.0,0.3981244671781756,345.0,0.2541968971494782,0.1734475374732334,4572,2472.3529411764707,646.7469502417918,1.8492505353319058,16.663835,78.260972,Nagarkarnool,Active,-1.9962244555377535,3.6022001767282084,0.07226609021233005,1,0,Stable Rural Shops,-2.817275413146196
3403004,931,41724,136.35294117647058,135.0,149,5.696672123997648,1350,0.39783669923667186,0.03227771019295469,896598.0,0.0,0.0,0.39783669923667186,342.8333333333333,0.04177887235028474,0.032355478861087146,2682,2454.3529411764707,105.52306689562629,1.0927523727351165,16.311906,78.530745,Nagarkarnool,Active,-2.8950067000333157,0.2997535035065235,-0.9012443529415664,1,0,Stable Rural Shops,-2.8193074994039273
4111034,938,101052,330.2352941176471,326.0,504,51.12052806442187,3708,0.3977418700230198,0.03610747854887033,1956492.0,0.0,0.0,0.3977418700230198,830.2777777777778,0.1548003165470559,0.03669397933737086,9072,5944.235294117647,946.9379288931616,1.5261845386533666,17.276999,77.898321,Vikarabad,Active,-0.6683291320501228,1.6542758105538296,-1.1535166655641322,1,0,Stable Rural Shops,-2.819977140159902
3113020,928,36342,118.76470588235294,121.0,146,16.178416995200376,1188,0.3972063741884714,0.03251698999009861,750042.0,0.0,0.0,0.3972063741884714,299.0,0.13622243136127113,0.03268945022288262,2628,2137.764705882353,299.68306788417425,1.2293214462605249,17.48667,79.805169,Mahabubabad,Active,-2.8614427400928255,1.2601239681183833,-0.5951719276825045,1,0,Stable Rural Shops,-2.8237585680728654
1674480,536,53730,175.58823529411765,174.0,211,16.1035702840083,31878,0.39458030403172506,0.5923933825555197,1253250.0,245052.0,5.1316508342475355,0.39458030403172506,445.0,0.09171212557056653,0.5932998324958124,3798,3160.5882352941176,298.29663483341733,1.201675041876047,17.375075,78.462327,Hyderabad,Active,-0.9584150647777048,1.88406902809621,-0.19244196133647662,1,0,Stable Rural Shops,-2.842302680559743
3105035,928,73890,241.47058823529412,247.0,298,32.59489225268771,11214,0.3944887335214436,0.15242270097667224,1636146.0,0.0,0.0,0.3944887335214436,612.1111111111111,0.13498493746545456,0.1517661388550548,5364,4346.470588235294,603.7758397831785,1.2341047503045068,17.589062,79.96323,Mahabubabad,Active,-1.4121006206492874,1.2510662436706297,-0.8912671611138386,1,0,Stable Rural Shops,-2.842949309835346
4208033,939,42120,137.64705882352942,139.0,155,11.111046394325614,9252,0.39415589283352487,0.21839033141144537,911160.0,0.0,0.0,0.39415589283352487,349.22222222222223,0.08072127722373308,0.21965811965811965,2790,2477.6470588235293,205.81695179712196,1.126068376068376,16.275401,78.119608,Wanaparthy,Active,-2.418383445193718,0.9883336340126536,-0.5805318479271878,1,0,Stable Rural Shops,-2.8452996793184764
2358029,539,61632,201.41176470588235,192.0,273,26.503208444624363,2430,0.3933154008787999,0.03947956006384813,1200222.0,0.0,0.0,0.3933154008787999,512.1666666666666,0.13158719145987563,0.039427570093457945,4914,3625.4117647058824,490.9357212028282,1.3554322429906542,16.670135,78.753114,Nalgonda,Active,-2.050255863130181,1.3672045735076697,-0.8284302933435624,1,0,Stable Rural Shops,-2.851234851047493
4023012,937,97920,320.0,307.0,412,35.313119282252906,4734,0.3933104674601951,0.04680420754814941,2030634.0,0.0,0.0,0.3933104674601951,813.6111111111111,0.11035349775704033,0.04834558823529412,7416,5760.0,654.1272811922769,1.2875,17.46361,79.473876,Suryapet,Active,-0.9864109177945876,0.8313730198992663,-1.3292103573671121,1,0,Stable Rural Shops,-2.8512696886047904
1481003,538,84384,275.7647058823529,273.0,293,10.240879000364037,32202,0.3911558731413996,0.38101035590161847,1990206.0,0.0,0.0,0.3911558731413996,705.0,0.03713629330336789,0.3816126279863481,5274,4963.764705882353,189.6982898617449,1.0625,16.741753,77.987693,Mahbubnagar,Active,-0.9012679746899598,0.5050278165391586,-0.9978607610081149,1,0,Stable Rural Shops,-2.866484453263186
2702013,924,69192,226.11764705882354,215.0,372,48.23901436837612,2160,0.3909454068514857,0.028676234573178798,1288818.0,0.0,0.0,0.3909454068514857,578.3888888888889,0.21333591161872892,0.031217481789802288,6696,4070.1176470588234,893.5618251101138,1.6451612903225807,18.841465,79.071297,Jagityal,Active,-1.5266171120372296,2.5253742931199947,-0.6300338285229522,1,0,Stable Rural Shops,-2.86797067043253
1481031,538,60426,197.47058823529412,199.0,219,13.998153893986489,29646,0.3903062717137469,0.48994762886954957,1523970.0,0.0,0.0,0.3903062717137469,506.0,0.0708872851348735,0.4906166219839142,3942,3554.470588235294,259.2966731485044,1.1090259159964253,16.744045,77.986085,Mahbubnagar,Active,-1.2698909205347884,1.2522223956952727,-0.4858398332475735,1,0,Stable Rural Shops,-2.8724839519448677
1421015,538,55044,179.88235294117646,175.0,285,42.541542462647634,630,0.3889156558505742,0.010710446694430952,1042848.0,0.0,0.0,0.3889156558505742,462.72222222222223,0.23649647543002283,0.01144538914323087,5130,3237.8823529411766,788.0239433507827,1.5843688685415303,16.808257,78.324475,Mahbubnagar,Active,-2.013193912432644,2.582356532511539,-0.4886545356001385,1,0,Stable Rural Shops,-2.8823038483884047
3302158,930,87552,286.11764705882354,267.0,485,66.16332907124442,82296,0.3498017262930436,0.9403738516588479,1819512.0,322200.0,4.80616585303145,0.3498017262930436,817.9444444444445,0.23124518795459603,0.9399671052631579,8730,5150.117647058823,1225.5852623518763,1.695106907894737,17.448635,78.525972,Medchal,Active,1.6986382941436218,4.4984428104749075,0.2254432568043254,0,0,Active Urban Shops,-2.8936507821485256
4606011,982,55116,180.11764705882354,164.0,279,37.55632992011423,15336,0.38716565450433027,0.2701450645059021,1271556.0,0.0,0.0,0.38716565450433027,465.22222222222223,0.2085099962906407,0.2782495101241019,5022,3242.1176470588234,695.6796930298582,1.5489875898105814,16.638984,77.657431,Narayanpet,Active,-1.4942161725346272,2.805769940196562,-0.22046851261864978,1,0,Stable Rural Shops,-2.8946615615795643
4103003,938,36378,118.88235294117646,118.0,140,12.329328582610431,2052,0.3865602824804915,0.05679784515916215,957492.0,0.0,0.0,0.3865602824804915,307.55555555555554,0.10371033444056277,0.056407718951014346,2520,2139.8823529411766,228.38396461686546,1.177634834240475,17.023847,77.820018,Vikarabad,Active,-2.8352104087610934,0.9750030287600275,-0.6944362480308836,1,0,Stable Rural Shops,-2.898936423345018
1881086,533,59202,193.47058823529412,184.0,274,33.68826401154948,47430,0.3487383798515545,0.8002461355812077,1188540.0,0.0,0.0,0.3487383798515545,554.7777777777778,0.1741260225589362,0.8011553663727576,4932,3482.470588235294,624.0290575813616,1.4162359379750684,18.662056,78.088256,Nizamabad,Active,-0.32127892684348963,3.3070465301714567,0.17549266369014507,0,0,Active Urban Shops,-2.8991402334908103
3115013,928,50238,164.1764705882353,164.0,214,18.357869674279208,11160,0.3862975778546713,0.21785353960344483,1139598.0,0.0,0.0,0.3862975778546713,425.0,0.11181790915899194,0.22214260121820137,3852,2955.176470588235,340.0544506571921,1.3034754568255107,17.560726,79.605453,Mahabubabad,Active,-2.034415852440893,1.5252081643889188,-0.5522628151672502,1,0,Stable Rural Shops,-2.900791523872138
3404011,931,51390,167.94117647058823,169.0,208,17.343675672258563,46980,0.34803270318799373,0.9152073644310504,1165086.0,0.0,0.0,0.34803270318799373,482.6111111111111,0.10327232449330843,0.9141856392294221,3744,3022.9411764705883,321.26789261227054,1.2385288966725043,16.508434,78.162251,Nagarkarnool,Active,-0.5363433658586794,2.6804812942639558,0.1844452928899253,0,0,Active Urban Shops,-2.902783239717998
3710020,934,66870,218.52941176470588,217.0,315,33.36967482139481,2898,0.38585018058202214,0.0429298909239278,1481094.0,0.0,0.0,0.38585018058202214,566.3888888888889,0.152701069169236,0.04333781965006729,5670,3933.529411764706,618.1276281690394,1.4414535666218036,18.219527,77.723919,Sangareddy,Active,-1.7399370234140887,1.6630723972464196,-0.8430248963142056,1,0,Stable Rural Shops,-2.9039508398291067
1481029,538,78840,257.6470588235294,260.0,287,22.38133607352055,60858,0.34741567766277154,0.7716834277681229,1774350.0,0.0,0.0,0.34741567766277154,741.6111111111111,0.08686819937211174,0.7719178082191781,5166,4637.64705882353,414.5836678489143,1.1139269406392693,16.751428,78.002852,Mahbubnagar,Active,0.03528922210979407,1.8202746246030646,-0.45075493302098485,0,0,Active Urban Shops,-2.9059685906680714
1673381,536,93204,304.5882352941176,283.0,457,62.08925668393949,89640,0.3433368088851025,0.9614230723676647,2260224.0,443358.0,5.152521120386364,0.3433368088851025,887.5,0.2038465360422888,0.9617612977983777,8226,5482.588235294118,1150.1186383816853,1.500386249517188,17.350065,78.471199,Hyderabad,Active,1.9984346209312145,3.879778619191975,-0.03187179999606588,0,0,Active Urban Shops,-2.927025464338727
2810011,925,35712,116.70588235294117,113.0,155,16.306443402287808,5310,0.38250374926140335,0.14886856913931118,725346.0,0.0,0.0,0.38250374926140335,305.1111111111111,0.13972254931395803,0.14868951612903225,2790,2100.705882352941,302.0545821341489,1.3281250000000002,17.866697,79.21689,Janagaon,Active,-2.6126692246234926,1.738396344578261,-0.41353267054932924,1,0,Stable Rural Shops,-2.9275818150640003
2358003,539,42696,139.52941176470588,132.0,205,24.88163687186469,9144,0.38202409321633574,0.20858408005756462,862218.0,0.0,0.0,0.38202409321633574,365.27777777777777,0.17832539073427475,0.21416526138279932,3690,2511.529411764706,460.898323609321,1.4692242833052276,16.553852,78.691987,Nalgonda,Active,-2.153441259240508,2.380046114389289,-0.26637628039275946,1,0,Stable Rural Shops,-2.9309689277928412
2520032,922,48996,160.11764705882354,155.0,227,28.286575898911153,1746,0.3819406442917381,0.035127376727922606,927540.0,0.0,0.0,0.3819406442917381,419.22222222222223,0.17666120142596972,0.035635562086700955,4086,2882.1176470588234,523.970166416102,1.417707567964732,18.165756,79.814513,Jayashankar Bhupalpalli,Active,-2.3348741390308696,1.8904124818848556,-0.6067304037580248,1,0,Stable Rural Shops,-2.9315582061259704
4309033,940,32022,104.6470588235294,104.0,118,6.85347401506834,2340,0.38184641607140535,0.07329069884537777,569700.0,0.0,0.0,0.38184641607140535,274.05555555555554,0.06549131998660021,0.07307476110174255,2124,1883.6470588235295,126.95124121905553,1.1275997751545812,17.838531,79.763087,Warangal,Active,-3.054461473389865,0.7113030171843999,-0.7107223477806672,1,0,Stable Rural Shops,-2.9322236029405984
3606003,933,49680,162.35294117647058,155.0,245,39.09626129259452,5112,0.38174474489801286,0.09942473272557463,905706.0,0.0,0.0,0.38174474489801286,425.3333333333333,0.2408103050630822,0.10289855072463767,4410,2922.3529411764707,724.204817470209,1.5090579710144927,18.664345,79.613234,Peddapalli,Active,-2.0318762895100826,2.6553174239382673,-0.3576720830160122,1,0,Stable Rural Shops,-2.9329415585029124
3108005,928,67644,221.05882352941177,218.0,295,35.374017563903855,14112,0.3813190073319742,0.2072349216160556,1331208.0,0.0,0.0,0.3813190073319742,579.7222222222222,0.1600208351746582,0.2086216072378925,5310,3979.0588235294117,655.2553386455767,1.33448642895157,17.46663,80.096348,Mahabubabad,Active,-1.41063880789123,1.8214226411022056,-0.6763751864895637,1,0,Stable Rural Shops,-2.935947923467774
3003013,927,86364,282.2352941176471,291.0,435,78.90236878206765,62370,0.34130131737072733,0.7198535018480063,2001672.0,0.0,0.0,0.34130131737072733,826.9444444444445,0.27956237375888915,0.7221759066277615,7830,5080.235294117647,1461.5585657702775,1.5412671946644436,17.672893,80.896551,Bhadrdri Kothagudem,Active,0.9738598930535656,4.062669718841358,-0.05586510426560661,0,0,Active Urban Shops,-2.937533546361504
2053922,534,43488,142.11764705882354,153.0,199,48.40511301762238,8226,0.38062490112726055,0.1936337225495138,827676.0,0.0,0.0,0.38062490112726055,373.3888888888889,0.3405988912663826,0.18915562913907286,3582,2558.1176470588234,896.638575622373,1.4002483443708609,18.220238,79.137694,Karimnagar,Active,-1.8978920370690069,3.278764850911927,-0.057873933179340406,1,0,Stable Rural Shops,-2.9408493856411977
1675550,536,126090,412.05882352941177,410.0,475,40.130971693981984,76716,0.33988948373249384,0.6085567666400181,3056868.0,584028.0,5.234677787822518,0.33988948373249384,1212.3333333333333,0.09739136599538811,0.6084225553176302,8550,7417.058823529412,743.3714137788253,1.1527480371163454,17.391896,78.464059,Hyderabad,Active,2.0085258692462644,1.371099312609083,-1.3643910196949494,0,0,Active Urban Shops,-2.94482203838827
1481016,538,49104,160.47058823529412,157.0,195,16.43748567727284,12564,0.37676124842919007,0.2543804581611683,970164.0,0.0,0.0,0.37676124842919007,426.0,0.10243301191848911,0.2558651026392962,3510,2888.470588235294,304.4819612159025,1.2151759530791788,16.745098,77.988672,Mahbubnagar,Active,-2.0671385496979786,1.368251458545096,-0.5775460032415807,1,0,Stable Rural Shops,-2.968132742888599
4005014,937,54828,179.1764705882353,175.0,275,49.99253946269021,27882,0.3765168734900511,0.498312104948166,1104552.0,0.0,0.0,0.3765168734900511,475.8888888888889,0.27901285977207274,0.5085357846355877,4950,3225.176470588235,926.0434813829017,1.534799737360473,16.93552,79.854674,Suryapet,Active,-0.8864447846262651,3.7272866175979007,0.18225298043543917,1,0,Stable Rural Shops,-2.9698584075090677
4602006,982,54648,178.58823529411765,163.0,300,43.43142767994424,1530,0.3758449000839,0.024967071943353264,1302552.0,0.0,0.0,0.3758449000839,475.3333333333333,0.24319310624474708,0.027997364953886692,5400,3214.5882352941176,804.5078510200763,1.6798418972332017,16.692832,77.585454,Narayanpet,Active,-1.8935140916257203,2.8570121773518085,-0.457530005466252,1,0,Stable Rural Shops,-2.9746035779302935
2235025,541,51786,169.23529411764707,154.0,305,47.58946910728475,3762,0.3742672956838796,0.06933694226181512,996876.0,0.0,0.0,0.3742672956838796,452.22222222222223,0.28120298047404957,0.07264511644073687,5490,3046.235294117647,881.5298867176713,1.802224539450817,17.258938,80.330718,Khammam,Active,-1.8303186301083239,3.5007730044217804,-0.2174498502325016,1,0,Stable Rural Shops,-2.985743902334276
1676623,536,70470,230.2941176470588,227.0,379,44.661037752758574,63360,0.32936224133483394,0.897928265508815,1475046.0,158490.0,9.691654295687885,0.32936224133483394,699.2222222222222,0.19393043213202957,0.8991060025542784,6822,4145.294117647059,827.2846974217736,1.6457215836526182,17.402293,78.494279,Hyderabad,Active,0.701357195727053,4.091426879293785,0.21595928558272842,0,0,Active Urban Shops,-2.9991681881054424
2388014,539,28206,92.17647058823529,92.0,114,10.739916443219133,2502,0.37069469595467075,0.08632803285290283,610398.0,0.0,0.0,0.37069469595467075,248.66666666666666,0.11651472848418971,0.08870453095086152,2052,1659.1764705882354,198.9422765823411,1.236758136566688,16.576646,79.075308,Nalgonda,Active,-3.013149827460305,1.3282478638698767,-0.5365964710363469,1,0,Stable Rural Shops,-3.010971975955554
1425035,538,71370,233.23529411764707,232.0,247,7.507604630656897,46944,0.3228214283802121,0.6577425094741787,1756674.0,11700.0,8.949882722297202,0.3228214283802121,722.5555555555555,0.032188973195754665,0.6577553593947036,4446,4198.235294117647,139.0681170379127,1.059016393442623,16.743589,78.021996,Mahbubnagar,Active,-0.5244356337361535,1.1395614803208802,-0.7564157295815903,0,0,Active Urban Shops,-3.0329346757264464
2388013,539,26802,87.58823529411765,89.0,102,10.539250237285746,1224,0.36685139763051766,0.043943415115812116,533682.0,0.0,0.0,0.36685139763051766,238.88888888888889,0.12032723575141549,0.04566823371390195,1836,1576.5882352941176,195.22520931719134,1.1645399597044996,16.607027,78.965992,Nalgonda,Active,-3.16060402492182,1.1309347761680975,-0.6198187415980287,1,0,Stable Rural Shops,-3.038111599876351
1678902,536,116676,381.29411764705884,385.0,524,81.15614436728234,107928,0.3217973837575475,0.9324088802053966,2585808.0,291960.0,9.538112055215828,0.3217973837575475,1184.888888888889,0.21284394542483795,0.9250231410058624,9432,6863.294117647059,1503.3066788211363,1.3742672014810244,17.44154,78.461226,Hyderabad,Active,2.743209831868955,3.5030055410222225,-0.500171499880112,0,-1,Active Urban Shops,-3.038221234188591
3409015,931,48942,159.94117647058823,161.0,177,11.40735183942479,2016,0.3648963897928976,0.041168210158704456,1166400.0,0.0,0.0,0.3648963897928976,438.44444444444446,0.071322170382575,0.041191614564178004,3186,2878.9411764705883,211.30560528185094,1.1066568591393895,16.304815,78.461741,Nagarkarnool,Active,-2.5561380143912618,0.5012300706196702,-1.0338848298595629,1,0,Stable Rural Shops,-3.051916975623994
4111001,938,55620,181.76470588235293,183.0,189,4.852938546505821,1692,0.36371481075601325,0.03031632305113013,1038060.0,0.0,0.0,0.36371481075601325,499.77777777777777,0.026699014657151767,0.030420711974110032,3402,3271.764705882353,89.89405528993886,1.0398058252427185,17.389605,77.941771,Vikarabad,Active,-2.5451380405509783,-0.006679759561494309,-1.2366033131680834,1,0,Stable Rural Shops,-3.0602607491198506
1678838,536,129690,423.8235294117647,430.0,577,91.2323725724993,83340,0.31512981069810814,0.6352641149058893,2808792.0,570060.0,4.942969745404585,0.31512981069810814,1344.9444444444443,0.21526028226682695,0.6426092990978487,10386,7628.823529411765,1689.955037689395,1.3614156835530882,17.438215,78.496518,Hyderabad,Active,2.866043110823714,2.898087577721086,-1.1437117584865382,0,-1,Active Urban Shops,-3.07264211195037
1481049,538,96786,316.29411764705884,281.0,504,77.250954249754,74466,0.31503181036373,0.7689409544955161,2195694.0,0.0,0.0,0.31503181036373,1004.5,0.24423772033584118,0.7693881346475729,9072,5693.294117647059,1430.9683681298602,1.5934535986609635,16.730212,77.985058,Mahbubnagar,Active,1.4552862526957207,3.9788253438405663,-0.2705109309691313,0,0,Active Urban Shops,-3.0731480317955935
1671158,536,98010,320.29411764705884,305.0,452,47.29369449572492,81936,0.3130083776952478,0.8347903737699683,2247588.0,404352.0,5.561065438614124,0.3130083776952478,1023.2777777777778,0.14765708107021555,0.8359963269054178,8136,5765.294117647059,876.0510661989032,1.411202938475666,17.361009,78.501127,Hyderabad,Active,1.7216015552387458,2.9731346815885864,-0.5581581828796017,0,0,Active Urban Shops,-3.083593860873149
4312011,940,44226,144.52941176470588,134.0,254,38.24803585631503,8244,0.3567169678328848,0.16369762983861344,912546.0,0.0,0.0,0.3567169678328848,405.1666666666667,0.2646384247282684,0.18640618640618642,4572,2601.529411764706,708.4926003183677,1.7574277574277575,17.706842,79.615995,Warangal,Active,-1.905444641180219,3.5211307712257,-0.10535212474986518,1,0,Stable Rural Shops,-3.1096763315629246
1675537,536,113238,370.05882352941177,348.0,474,73.34841491859517,61524,0.3062347175942445,0.5411964064204245,2636460.0,505548.0,5.2135933703240145,0.3062347175942445,1208.4444444444443,0.19820744772152565,0.543315848036878,8532,6661.058823529412,1358.6791596339178,1.2808774439675727,17.382789,78.462014,Hyderabad,Active,1.8523404332289772,2.4697653374978747,-1.1737702642885683,0,-1,Active Urban Shops,-3.118562405538197
4407008,941,64512,210.8235294117647,200.0,323,50.169302566025635,13014,0.3553546987712381,0.18663597440428661,1447722.0,0.0,0.0,0.3553546987712381,593.2777777777778,0.23796823203751,0.20172991071428573,5814,3794.823529411765,929.3177763347502,1.5320870535714286,17.234562,78.891718,Yadadri Bhuvanagiri,Active,-1.2188843733064783,2.8029226047035856,-0.5127565640475499,1,0,Stable Rural Shops,-3.119296055792939
2388021,539,47106,153.94117647058823,156.0,174,12.007230222985344,972,0.35345071914478826,0.02034376315315549,1031706.0,0.0,0.0,0.35345071914478826,436.0,0.07799882070720322,0.020634314100114636,3132,2770.9411764705883,222.41753263519809,1.130301872372946,16.622288,78.996765,Nalgonda,Active,-2.6364963410321023,0.5872467866652116,-1.0480394724388373,1,0,Stable Rural Shops,-3.1327410935330406
3711004,934,33714,110.17647058823529,112.0,142,14.673771693028753,10530,0.3533820390497145,0.3191862715498057,676224.0,0.0,0.0,0.3533820390497145,311.77777777777777,0.1331842598940143,0.3123331553657234,2556,1983.1764705882354,271.811569679741,1.2888414308595835,17.595255,77.716005,Sangareddy,Active,-2.337875866851162,1.9647046694955301,-0.29281558834979526,1,0,Stable Rural Shops,-3.1332260811124417
3105052,928,46206,151.0,147.0,236,33.73707402746166,18774,0.351117526094594,0.39722566706922413,958464.0,0.0,0.0,0.351117526094594,430.05555555555554,0.2234243313076931,0.40631086871834826,4248,2718.0,624.9331964298262,1.5629139072847682,17.600113,80.007915,Mahabubabad,Active,-1.4857910263032967,3.2523363957288685,-0.027999542248560993,1,0,Stable Rural Shops,-3.149217041163477
4212005,939,71694,234.2941176470588,213.0,317,43.07490728272808,2502,0.3500760934712872,0.03531216631356377,1403460.0,0.0,0.0,0.3500760934712872,669.3888888888889,0.18384971724990645,0.03489831785086618,5706,4217.294117647059,797.9037978279309,1.353000251067035,16.198872,78.072553,Wanaparthy,Active,-1.5550063238410503,1.7081842355730465,-1.0168945365621034,1,0,Stable Rural Shops,-3.1565711644585046
4208037,939,44712,146.11764705882354,145.0,165,7.7349037964668845,7488,0.3486374305843404,0.16702715836208548,984006.0,0.0,0.0,0.3486374305843404,419.1111111111111,0.052936137093372394,0.16747181964573268,2970,2630.1176470588234,143.27852349224446,1.1292270531400967,16.197721,78.155984,Wanaparthy,Active,-2.449234856965568,0.7210911298957485,-0.8812552811160552,1,0,Stable Rural Shops,-3.1667303471207426
2230029,541,43992,143.76470588235293,142.0,181,11.235636925707674,6300,0.34558823529411764,0.14070945063959522,705006.0,0.0,0.0,0.34558823529411764,416.0,0.0781529573392105,0.1432078559738134,3258,2587.764705882353,208.1248211445972,1.2590016366612111,17.085726,80.80572,Khammam,Active,-2.483820441292624,1.1509601572441135,-0.7833961689008168,1,0,Stable Rural Shops,-3.188262376762482
1678834,536,76554,250.1764705882353,242.0,342,42.214769794633334,51408,0.29124152571389444,0.671163375485132,1401750.0,302166.0,4.994409369348277,0.29124152571389444,859.0,0.16873996861245394,0.6715259816600047,6156,4503.176470588235,781.9709261934005,1.367035034093581,17.429247,78.491809,Hyderabad,Active,0.4629317188578535,2.8808733588836506,-0.5422114610623467,0,0,Active Urban Shops,-3.1959637058871766
3106008,928,32508,106.23529411764706,100.0,177,27.1314383504154,7110,0.34374192729602543,0.21549420140502695,616266.0,0.0,0.0,0.34374192729602543,309.05555555555554,0.2553900619917286,0.2187153931339978,3186,1912.235294117647,502.572821764638,1.6661129568106312,17.474862,79.961952,Mahabubabad,Active,-2.304142690262124,3.400785141926746,-0.009905857414815212,1,0,Stable Rural Shops,-3.2013001637058682
1674435,536,45288,148.0,145.0,225,22.2651679741706,42678,0.28903119585228504,0.9424671490064487,960246.0,185976.0,5.1519369229336265,0.28903119585228504,512.0555555555555,0.15044032414980135,0.9423688394276629,4050,2664.0,412.4318125460256,1.5202702702702702,17.382978,78.490916,Hyderabad,Active,-0.2508039036057224,3.7670330046251865,0.2987908158755896,0,0,Active Urban Shops,-3.207374378601435
1675579,536,74250,242.64705882352942,237.0,354,29.68544835066729,63036,0.2843893784763191,0.8484657306679846,1911906.0,339444.0,5.648574140031534,0.2843893784763191,853.2222222222222,0.1223400295663864,0.8489696969696969,6372,4367.64705882353,549.8823670995996,1.4589090909090907,17.38336,78.45684,Hyderabad,Active,0.8564955351273186,3.0408128722165717,-0.3870533657919507,0,0,Active Urban Shops,-3.2313374348838746
4308037,940,58824,192.23529411764707,198.0,263,36.35323328004281,26622,0.33617378466456455,0.45200328842435183,1069416.0,0.0,0.0,0.33617378466456455,571.8333333333334,0.1891080066587294,0.4525703794369645,4734,3460.235294117647,673.3939717405187,1.3681150550795595,17.919394,79.834298,Warangal,Active,-1.0432572967835947,2.648878926095093,-0.33517849022669133,1,0,Stable Rural Shops,-3.254742943181505
4408002,941,30024,98.11764705882354,97.0,109,6.106101411335697,2412,0.3348725155591247,0.07990579789566002,581994.0,0.0,0.0,0.3348725155591247,293.0,0.0622324484368746,0.0803357314148681,1962,1766.1176470588234,113.10718498007829,1.1109112709832134,17.442464,79.252718,Yadadri Bhuvanagiri,Active,-3.0691630111592088,0.7183309925278303,-0.8411605614794976,1,0,Stable Rural Shops,-3.2639319134780465
2337024,539,14022,45.8235294117647,46.0,54,4.521885066163352,306,0.3338127596432331,0.02136353458887867,302022.0,0.0,0.0,0.3338127596432331,137.27777777777777,0.09868041864541334,0.021822849807445442,972,824.8235294117648,83.7617419336818,1.1784338896020539,16.98867,78.8608,Nalgonda,Active,-3.6109032668911967,1.1025563973362185,-0.6161143079501225,1,0,Stable Rural Shops,-3.271415427527525
3310010,930,35658,116.52941176470588,118.0,127,6.940552086066507,4140,0.33178833880679875,0.11606347417432579,765882.0,0.0,0.0,0.33178833880679875,351.22222222222223,0.05956051764923302,0.11610297829379101,2286,2097.529411764706,128.56424349671394,1.0898536092882383,17.507129,78.661899,Medchal,Active,-2.8156955546869162,0.6722949238799524,-0.8987891091004745,1,0,Stable Rural Shops,-3.2857109662872857
1674494,536,71532,233.76470588235293,226.0,372,41.326491278459876,68310,0.2737291637966662,0.9526200739263556,1495854.0,311598.0,4.803025498493037,0.2737291637966662,854.0,0.17678670149316003,0.9549572219426271,6696,4207.764705882353,765.5167804669409,1.591343734272773,17.382657,78.477558,Hyderabad,Active,1.1068279229598443,3.977750249500398,-0.05822054863165562,0,0,Active Urban Shops,-3.2863700446703086
3107019,928,47358,154.76470588235293,154.0,196,18.506096365795145,12420,0.32998871190267154,0.2593277975414313,1083618.0,0.0,0.0,0.32998871190267154,469.0,0.11957568917465507,0.26225769669327254,3528,2785.764705882353,342.80014757358333,1.266438616495629,17.666106,79.802033,Mahabubabad,Active,-1.973283678074341,1.6353542038095867,-0.6637643235128458,1,0,Stable Rural Shops,-3.2984191125867337
1671132,536,108630,355.0,350.0,474,64.99170186627993,74988,0.2707742809750708,0.6876897840986448,2469636.0,360018.0,8.083817714711714,0.2707742809750708,1311.0555555555557,0.1830752165247322,0.6903065451532726,8532,6390.0,1203.8824693465722,1.3352112676056338,17.376923,78.504181,Hyderabad,Active,2.0410369088950087,2.734661954132132,-1.1093295026766683,0,-1,Active Urban Shops,-3.301624419762385
2358010,539,32382,105.82352941176471,119.0,142,35.95281382035029,72,0.321065133239205,0.00180482782092187,589158.0,0.0,0.0,0.321065133239205,329.6111111111111,0.339743098913816,0.0022234574763757642,2556,1904.8235294117646,665.9767484017476,1.3418565869927739,16.577422,78.804102,Nalgonda,Active,-2.672208652249843,2.8454157882238595,-0.40953742131821136,1,0,Stable Rural Shops,-3.3614333645463437
1671181,536,105012,343.1764705882353,349.0,419,42.709559362571675,72882,0.25550865272622314,0.6919154096445094,2570634.0,487620.0,5.314896641504722,0.25550865272622314,1343.111111111111,0.12445363544115846,0.6940349674322934,7542,6177.176470588235,791.1362268356601,1.2209461775797052,17.363502,78.487398,Hyderabad,Active,1.9080782133868113,2.022532463740527,-1.3592715356316343,0,0,Active Urban Shops,-3.380432153734862
4205018,939,18216,59.529411764705884,60.0,68,5.1547321229528595,162,0.31652796420391427,0.008555706097961763,424782.0,0.0,0.0,0.31652796420391427,188.11111111111111,0.08659134989150061,0.008893280632411068,1224,1071.5294117647059,95.48436890864573,1.1422924901185771,16.451152,78.189099,Wanaparthy,Active,-3.5106893429209363,0.9063920404034552,-0.7825233040888875,1,0,Stable Rural Shops,-3.3934727876920894
1481032,538,56772,185.52941176470588,187.0,237,22.479151382246606,42696,0.24879221909189775,0.7490801241042173,1264734.0,26676.0,25.983179613490577,0.24879221909189775,745.7222222222222,0.12116219831902102,0.7520608750792644,4266,3339.529411764706,416.3955627836136,1.277425491439442,16.737534,77.99523,Mahbubnagar,Active,-0.3429016495345951,2.594386460358871,-0.47132019946018755,0,0,Active Urban Shops,-3.41510527078379
2389016,539,60030,196.1764705882353,182.0,247,31.32089181718366,3096,0.3117301870585122,0.051421354168157594,1310544.0,0.0,0.0,0.3117301870585122,629.3888888888889,0.15965671990768282,0.051574212893553226,4446,3531.176470588235,580.1767225697397,1.2590704647676163,16.679627,78.958006,Nalgonda,Active,-1.8949460123136008,1.4324766331072099,-1.1063472029766137,1,0,Stable Rural Shops,-3.4273525067250112
2907031,926,36720,120.0,127.0,152,24.537425413063193,6174,0.3116883116883117,0.1642126963001975,779688.0,0.0,0.0,0.3116883116883117,385.0,0.20447854510885993,0.1681372549019608,2736,2160.0,454.52227668179256,1.2666666666666666,18.340368,78.004162,Kamareddy,Active,-2.3786149213496954,2.10306383499775,-0.5616620856595365,1,0,Stable Rural Shops,-3.427648211534509
2917026,926,20934,68.41176470588235,70.0,82,10.988834519125184,1206,0.310806929924577,0.05959352185695538,475380.0,0.0,0.0,0.310806929924577,220.11111111111111,0.16062784765703195,0.05760963026655202,1476,1231.4117647058824,203.55314380510362,1.1986242476354256,18.284216,77.843361,Kamareddy,Active,-3.2283622331464863,1.5636902214416994,-0.6114693354142107,1,0,Stable Rural Shops,-3.4338721284883613
1705029,535,30276,98.94117647058823,100.0,139,16.134368283972393,1926,0.3056366209927256,0.06224763021592629,701118.0,0.0,0.0,0.3056366209927256,323.72222222222223,0.16307030964775904,0.06361474435196195,2502,1780.9411764705883,298.8671256989123,1.4048751486325801,17.947013,77.867681,Medak,Active,-2.827984220749697,1.9741274120664833,-0.6304240111961119,1,0,Stable Rural Shops,-3.470382497481303
3302157,930,72414,236.64705882352942,239.0,270,16.2781038039529,22608,0.30305746803141653,0.3120630425212401,1705608.0,317862.0,5.550976347471768,0.30305746803141653,780.9444444444445,0.06878641925607737,0.31220482227193636,4860,4259.64705882353,301.5296297995586,1.1409395973154361,17.476877,78.529622,Medchal,Active,-0.7642577240718593,0.9490591649440535,-1.255724572840299,1,0,Stable Rural Shops,-3.48859530208308
4015023,937,37548,122.70588235294117,119.0,161,17.744962749732444,5724,0.30281287034620263,0.14987919427850435,755658.0,0.0,0.0,0.30281287034620263,405.22222222222223,0.14461379038612251,0.15244487056567593,2898,2208.705882352941,328.70118738488804,1.3120805369127517,16.934238,79.639083,Suryapet,Active,-2.4682664326130745,1.788008015144541,-0.69802524943663,1,0,Stable Rural Shops,-3.4903225396349726
1481023,538,20736,67.76470588235294,66.0,88,8.141184274331415,15768,0.2984501938962462,0.7588214868453741,414792.0,0.0,0.0,0.2984501938962462,227.05555555555554,0.12013900404829346,0.7604166666666666,1584,1219.764705882353,150.80431418388065,1.2986111111111112,16.75333,77.989601,Mahbubnagar,Active,-1.8996266955990484,2.8868967640685765,0.2805965104543082,1,0,Stable Rural Shops,-3.5211297755437347
1676602,536,247914,810.1764705882352,813.0,896,39.55442279422593,133002,0.2247370344599225,0.5361156329456737,5193216.0,754236.0,6.919280264668447,0.2247370344599225,3605.0,0.04882198413576133,0.5364844260509692,16128,14583.176470588236,732.6916332344492,1.1059318957380382,17.401388,78.492003,Hyderabad,Active,7.133500191601277,-0.5699821031250698,-4.424050832243946,3,-1,High-Volume Urban Hubs,-3.5327274923810688
3384096,930,48438,158.2941176470588,154.0,262,29.151471543531514,21546,0.29529429340317803,0.4389636015293879,1084896.0,37800.0,2.5871819129109284,0.29529429340317803,536.0555555555555,0.18416016954293415,0.44481605351170567,4716,2849.294117647059,539.9911763984994,1.655146785581568,17.480467,78.425035,Medchal,Active,-1.214235599105751,3.2778705365444307,-0.24140061970781557,1,0,Stable Rural Shops,-3.5434153087731133
2389012,539,29538,96.52941176470588,93.0,128,15.109245383085415,1458,0.2831422145537659,0.04827147727735151,608886.0,0.0,0.0,0.2831422145537659,340.94444444444446,0.1565247845901597,0.04936014625228519,2304,1737.5294117647059,279.87812473625434,1.3260207190737356,16.677434,78.984917,Nalgonda,Active,-2.908863817230714,1.7653575763532376,-0.7638688095137737,1,0,Stable Rural Shops,-3.6292277599576277
1707029,535,26262,85.82352941176471,81.0,130,18.730221969944576,3924,0.2830406311348921,0.13492317858467534,582732.0,0.0,0.0,0.2830406311348921,303.22222222222223,0.21824110588694845,0.14941740918437285,2340,1544.8235294117646,346.9517681346569,1.514736120630569,17.962105,77.928008,Medak,Active,-2.709224928357249,2.7603084647772183,-0.3810599971241197,1,0,Stable Rural Shops,-3.629945095837463
3408033,931,32094,104.88235294117646,99.0,137,19.103494204960462,2718,0.2810057488497847,0.08480481544295283,643050.0,0.0,0.0,0.2810057488497847,373.3888888888889,0.1821421208549231,0.08468872686483454,2466,1887.8823529411766,353.866126231542,1.306225462703309,16.133845,78.363161,Nagarkarnool,Active,-2.718108731817294,1.9438379934664416,-0.7241029270126745,1,0,Stable Rural Shops,-3.644314508587403
3727025,934,47160,154.11764705882354,158.0,216,25.046564157282347,2340,0.2782465939200552,0.04975240461972375,1005696.0,0.0,0.0,0.2782465939200552,553.8888888888889,0.16251587430297706,0.04961832061068702,3888,2774.1176470588234,463.9533762072626,1.4015267175572519,17.730948,77.562546,Sangareddy,Active,-2.2108997702493,1.8431894983622403,-0.9900911549741297,1,0,Stable Rural Shops,-3.6637984051825416
1674447,536,33750,110.29411764705883,121.0,161,32.284977444055386,23346,0.2757352941176471,0.6675798425124843,735408.0,137790.0,5.530191267460389,0.2757352941176471,400.0,0.2927171288261022,0.6917333333333333,2898,1985.2941176470588,598.0350914354736,1.4597333333333333,17.380242,78.467343,Hyderabad,Active,-1.0653843428579028,4.129978591045915,0.2786258191862318,1,0,Stable Rural Shops,-3.681532061651884
4005026,937,30006,98.05882352941177,98.0,141,19.381327939791436,19980,0.2710604890034789,0.6658725430394387,585738.0,0.0,0.0,0.2710604890034789,361.77777777777777,0.19765001498287607,0.6658668266346731,2538,1765.0588235294117,359.01261652416815,1.4379124175164968,16.891116,79.869827,Suryapet,Active,-1.5645633590880719,3.456085370310401,0.14701951532094495,1,0,Stable Rural Shops,-3.7145434081571023
3302169,930,44172,144.35294117647058,142.0,224,23.81966967554894,27720,0.1872012864691199,0.6285124177788544,668934.0,149292.0,4.170650510262446,0.1872012864691199,771.1111111111111,0.16500993662768215,0.6275468622656887,4032,2598.3529411764707,441.22683241962835,1.5517522412387936,17.448652,78.540621,Medchal,Active,-0.6911593221196866,3.3719206200885905,-0.5144651364375941,0,-1,Active Urban Shops,-3.733064135897581
3404003,931,44586,145.7058823529412,138.0,194,26.335012498900806,7326,0.2678965024785056,0.15852792018117148,1074402.0,0.0,0.0,0.2678965024785056,543.8888888888889,0.1807409012843414,0.16431166733952363,3492,2622.705882352941,487.82012113917085,1.331449333871619,16.571854,78.160465,Nagarkarnool,Active,-2.0358574007983172,2.050407461110191,-0.8520428600700541,1,0,Stable Rural Shops,-3.7368860412643476
1674466,536,31500,102.94117647058823,102.0,152,25.535635092845933,30960,0.1796530130376758,0.9828479900785877,708174.0,124740.0,5.842143084279686,0.1796530130376758,573.0,0.24806045518764622,0.9828571428571429,2736,1852.9411764705883,473.01274699898886,1.4765714285714284,17.380188,78.46733,Hyderabad,Active,-0.42425041772619254,4.507181604998948,0.25287628878548063,0,0,Active Urban Shops,-3.7720315674922595
3407017,931,20484,66.94117647058823,62.0,105,12.274582718221458,576,0.2585718831999445,0.028645101093106327,545220.0,0.0,0.0,0.2585718831999445,258.8888888888889,0.18336371371684076,0.028119507908611598,1890,1204.9411764705883,227.36987228639023,1.5685413005272406,,,,,-3.1461076828826506,2.487854749720392,-0.5629767523559908,1,0,Stable Rural Shops,-3.8027322595592876
1425027,538,62082,202.88235294117646,202.0,218,7.908444274252589,19764,0.2549667022158696,0.31763669178618137,2035080.0,0.0,0.0,0.2549667022158696,795.9444444444445,0.038980444378745725,0.31835314583937374,3924,3651.8823529411766,146.49312370933197,1.074514351986083,16.730336,77.968009,Mahbubnagar,Active,-1.285749937519384,0.6193611666473792,-1.4039633045034692,1,0,Stable Rural Shops,-3.8281904071767414
3114001,928,28098,91.82352941176471,92.0,155,30.24536114482846,3636,0.2528803775305863,0.1287118983976776,567954.0,0.0,0.0,0.2528803775305863,363.1111111111111,0.3293857395657167,0.1294042280589366,2790,1652.8235294117646,560.2539865201895,1.6880204996796926,17.599235,79.88924,Mahabubabad,Active,-2.439208850713375,3.8262304555707565,-0.2393154260333134,1,0,Stable Rural Shops,-3.842923082748509
1593033,537,4068,75.33333333333333,83.0,90,16.199231288540282,3024,0.2485368988458522,0.7404662675860676,79668.0,0.0,0.0,0.2485368988458522,303.1666666666667,0.2150340436531896,0.7433628318584071,1620,1356.0,353.7965517073336,1.1946902654867257,16.800521,78.442254,Ranga Reddy,Active,-1.8424533009675734,3.2600761731658845,0.17865148761981664,1,0,Stable Rural Shops,-3.8735947527749715
2109023,540,33012,107.88235294117646,104.0,142,18.957741159097843,15408,0.2381516597909218,0.46507549505546253,653112.0,0.0,0.0,0.2381516597909218,453.0,0.1757260630886932,0.46673936750272627,2556,1941.8823529411766,351.1662502207717,1.3162486368593238,17.990999,79.442565,Hanumakonda,Active,-1.8540071977731465,2.670894307151129,-0.39515731817616934,1,0,Stable Rural Shops,-3.9469305853089947
3719044,934,25974,84.88235294117646,82.0,142,19.648698676793273,13896,0.23782985646588664,0.5272840221845455,577404.0,0.0,0.0,0.23782985646588664,356.94444444444446,0.23148155059285216,0.534996534996535,2556,1527.8823529411766,363.9652940791438,1.6729036729036728,17.530317,78.262896,Sangareddy,Active,-1.8382489093609775,3.95869094736078,0.09537152447174146,1,0,Stable Rural Shops,-3.949203013957854
3302177,930,28782,94.05882352941177,94.0,125,11.489830311131316,22590,0.1440044815782362,0.7835935636545546,615672.0,87876.0,6.235542197819854,0.1440044815782362,653.1666666666666,0.12215579442728729,0.7848655409631019,2250,1693.0588235294117,212.83340626774134,1.3289555972482803,17.44749,78.528198,Medchal,Active,-1.0583363834018475,3.017492377540436,-0.4485012903951481,0,0,Active Urban Shops,-3.9560646081224125
4318062,940,21888,71.52941176470588,71.0,100,13.798578602744682,7974,0.23375624759707805,0.3632872677979643,435456.0,0.0,0.0,0.23375624759707805,306.0,0.19290776007126612,0.36430921052631576,1800,1287.5294117647059,255.59981358733876,1.3980263157894737,17.909606,79.591135,Warangal,Active,-2.4596759935248245,2.8358695929887974,-0.2963155889616825,1,0,Stable Rural Shops,-3.9779689861451026
3612001,933,55386,181.0,173.0,295,44.712854351542944,4608,0.18558870769312086,0.07828391043750273,965394.0,0.0,0.0,0.18558870769312086,975.2777777777778,0.24703234448366268,0.0831979200519987,5310,3258.0,828.2445291096102,1.6298342541436464,18.800005,79.452031,Peddapalli,Active,-1.266818091776406,2.942802218493047,-1.2645671479469045,1,-1,Stable Rural Shops,-4.318106234916037
3302199,930,25236,82.47058823529412,82.0,115,13.596074083076955,13914,0.1549397144594059,0.5479015065736188,525150.0,51372.0,51.897535796945014,0.1549397144594059,532.2777777777778,0.1648596714781086,0.551355206847361,2070,1484.4705882352941,251.84869407221933,1.3944365192582024,17.454712,78.526074,Medchal,Active,-1.6573737332937652,3.0511593202855303,-0.5024593484750456,1,-1,Stable Rural Shops,-4.534535478695173
1672207,536,32256,105.41176470588235,106.0,120,7.44864772567319,15066,0.15032209656568946,0.4657365797932474,711234.0,30564.0,23.314781556891532,0.15032209656568946,701.2777777777778,0.0706623947189979,0.46707589285714285,2160,1897.4117647058824,137.9760209345855,1.138392857142857,17.374953,78.488207,Hyderabad,Active,-1.7034165179113347,1.6347158146107688,-1.1041042191704793,1,-1,Stable Rural Shops,-4.567142995071885
3611002,933,24282,79.3529411764706,78.0,100,12.467647621855457,1134,0.11069073279379668,0.046020418617677715,461592.0,0.0,0.0,0.11069073279379668,716.8888888888889,0.15711638960084712,0.04670126019273536,1800,1428.3529411764705,230.9461358132212,1.2601927353595257,18.7991,79.4325,Peddapalli,Active,-2.635701931326698,1.6993766347086723,-1.5067520348859897,1,0,Stable Rural Shops,-4.847001652277341
1815028,533,3,3.0,3.0,3,0.0,3,0.0,1.0,76.0,0.0,0.0,0.0,0.0,0.0,1.0,3,3.0,0.0,1.0,,,,,-2.4324966167225948,2.481084490266767,-0.2353697396281125,1,2,Stable Rural Shops,-5.628649238846893
1815031,533,67,67.0,67.0,67,0.0,67,0.0,1.0,1422.0,0.0,0.0,0.0,0.0,0.0,1.0,67,67.0,0.0,1.0,,,,,-2.1960004276752443,2.385548773958495,-0.3146957216584041,1,2,Stable Rural Shops,-5.628649238846893
1815034,533,63,63.0,63.0,63,0.0,63,0.0,1.0,1289.0,0.0,0.0,0.0,0.0,0.0,1.0,63,63.0,0.0,1.0,,,,,-2.210790614960735,2.391523799329375,-0.3097347421080039,1,2,Stable Rural Shops,-5.628649238846893
1815035,533,41,41.0,41.0,41,0.0,41,0.0,1.0,897.0,0.0,0.0,0.0,0.0,0.0,1.0,41,41.0,0.0,1.0,,,,,-2.2920729095408956,2.424358354306604,-0.28247092749447267,1,2,Stable Rural Shops,-5.628649238846893
1815032,533,51,51.0,51.0,51,0.0,51,0.0,1.0,1219.0,0.0,0.0,0.0,0.0,0.0,1.0,51,51.0,0.0,1.0,,,,,-2.2550994125278905,2.4094216594741242,-0.2948727091669574,1,2,Stable Rural Shops,-5.628649238846893
1815033,533,33,33.0,33.0,33,0.0,33,0.0,1.0,747.0,0.0,0.0,0.0,0.0,0.0,1.0,33,33.0,0.0,1.0,,,,,-2.321631507037224,2.4362988091447915,-0.2725563394039394,1,2,Stable Rural Shops,-5.628649238846893
1820012,533,4,4.0,4.0,4,0.0,4,0.0,1.0,72.0,0.0,0.0,0.0,0.0,0.0,1.0,4,4.0,0.0,1.0,,,,,-2.4288060629704535,2.4795938153672195,-0.23660761753181206,1,2,Stable Rural Shops,-5.628649238846893
1820010,533,157,157.0,157.0,157,0.0,157,0.0,1.0,2982.0,0.0,0.0,0.0,0.0,0.0,1.0,157,157.0,0.0,1.0,,,,,-1.8634901418503207,2.251229204250485,-0.42622673591992805,1,2,Stable Rural Shops,-5.628649238846893
1820013,533,1,1.0,1.0,1,0.0,1,0.0,1.0,24.0,0.0,0.0,0.0,0.0,0.0,1.0,1,1.0,0.0,1.0,,,,,-2.439888988231009,2.48407080346426,-0.23289017122919567,1,2,Stable Rural Shops,-5.628649238846893
1820014,533,27,27.0,27.0,27,0.0,27,0.0,1.0,480.0,0.0,0.0,0.0,0.0,0.0,1.0,27,27.0,0.0,1.0,,,,,-2.343829459970108,2.4452669310243107,-0.2651105809128821,1,2,Stable Rural Shops,-5.628649238846893
1804023,533,7,7.0,7.0,7,0.0,7,0.0,1.0,138.0,0.0,0.0,0.0,0.0,0.0,1.0,7,7.0,0.0,1.0,,,,,-2.4177197585086585,2.4751153382506597,-0.24032620761188364,1,2,Stable Rural Shops,-5.628649238846893
1804050,533,60,60.0,60.0,60,0.0,60,0.0,1.0,1175.0,0.0,0.0,0.0,0.0,0.0,1.0,60,60.0,0.0,1.0,,,,,-2.221885930625835,2.396006247164655,-0.3060131019547183,1,2,Stable Rural Shops,-5.628649238846893
1820016,533,62,62.0,62.0,62,0.0,62,0.0,1.0,1311.0,0.0,0.0,0.0,0.0,0.0,1.0,62,62.0,0.0,1.0,,,,,-2.2144777895116374,2.393012985209402,-0.30849800798175964,1,2,Stable Rural Shops,-5.628649238846893
1820017,533,78,78.0,78.0,78,0.0,78,0.0,1.0,1560.0,0.0,0.0,0.0,0.0,0.0,1.0,78,78.0,0.0,1.0,,,,,-2.1553701689224907,2.3691362944216667,-0.3283239434600362,1,2,Stable Rural Shops,-5.628649238846893
1814028,533,48,48.0,48.0,48,0.0,48,0.0,1.0,1036.0,0.0,0.0,0.0,0.0,0.0,1.0,48,48.0,0.0,1.0,,,,,-2.26620768179774,2.4139098152175635,-0.29114668453342674,1,2,Stable Rural Shops,-5.628649238846893
1814029,533,4,4.0,4.0,4,0.0,4,0.0,1.0,78.0,0.0,0.0,0.0,0.0,0.0,1.0,4,4.0,0.0,1.0,,,,,-2.4288049365700406,2.4795933190273796,-0.23660799879096375,1,2,Stable Rural Shops,-5.628649238846893
1814033,533,13,13.0,13.0,13,0.0,13,0.0,1.0,372.0,0.0,0.0,0.0,0.0,0.0,1.0,13,13.0,0.0,1.0,,,,,-2.3955280007780466,2.46614994624026,-0.24776986917760638,1,2,Stable Rural Shops,-5.628649238846893
1814047,533,119,119.0,119.0,119,0.0,119,0.0,1.0,2192.0,0.0,0.0,0.0,0.0,0.0,1.0,119,119.0,0.0,1.0,,,,,-2.0039080292965523,2.3079527757881415,-0.3791275178925186,1,2,Stable Rural Shops,-5.628649238846893
1814050,533,11,11.0,11.0,11,0.0,11,0.0,1.0,204.0,0.0,0.0,0.0,0.0,0.0,1.0,11,11.0,0.0,1.0,,,,,-2.402942149361114,2.469145855341326,-0.24528292976842261,1,2,Stable Rural Shops,-5.628649238846893
1815009,533,18,18.0,18.0,18,0.0,18,0.0,1.0,274.0,0.0,0.0,0.0,0.0,0.0,1.0,18,18.0,0.0,1.0,,,,,-2.3770898752227096,2.4587030241604446,-0.2539543023271317,1,2,Stable Rural Shops,-5.628649238846893
1811013,533,11,11.0,11.0,11,0.0,11,0.0,1.0,228.0,0.0,0.0,0.0,0.0,0.0,1.0,11,11.0,0.0,1.0,,,,,-2.4029376437594614,2.469143869981966,-0.2452844548050296,1,2,Stable Rural Shops,-5.628649238846893
1814027,533,10,10.0,10.0,10,0.0,10,0.0,1.0,215.0,0.0,0.0,0.0,0.0,0.0,1.0,10,10.0,0.0,1.0,,,,,-2.40663138897944,2.470635951177726,-0.2440454966670668,1,2,Stable Rural Shops,-5.628649238846893
1815023,533,6,6.0,6.0,6,0.0,6,0.0,1.0,142.0,0.0,0.0,0.0,0.0,0.0,1.0,6,6.0,0.0,1.0,,,,,-2.4214103122608,2.4766060131502066,-0.23908832970818386,1,2,Stable Rural Shops,-5.628649238846893
1815019,533,86,86.0,86.0,86,0.0,86,0.0,1.0,1752.0,0.0,0.0,0.0,0.0,0.0,1.0,86,86.0,0.0,1.0,,,,,-2.12580368662327,2.3571923652045994,-0.3382412003646315,1,2,Stable Rural Shops,-5.628649238846893
1815024,533,1,1.0,1.0,1,0.0,1,0.0,1.0,35.0,0.0,0.0,0.0,0.0,0.0,1.0,1,1.0,0.0,1.0,,,,,-2.4398869231635847,2.484069893507887,-0.23289087020430724,1,2,Stable Rural Shops,-5.628649238846893
1815025,533,34,34.0,34.0,34,0.0,34,0.0,1.0,784.0,0.0,0.0,0.0,0.0,0.0,1.0,34,34.0,0.0,1.0,,,,,-2.317933256215593,2.4348047425896713,-0.27379682257850946,1,2,Stable Rural Shops,-5.628649238846893
1803019,533,41,41.0,41.0,41,0.0,41,0.0,1.0,714.0,0.0,0.0,0.0,0.0,0.0,1.0,41,41.0,0.0,1.0,,,,,-2.292107264753495,2.424373492671722,-0.2824592990903444,1,2,Stable Rural Shops,-5.628649238846893
1803020,533,3,3.0,3.0,3,0.0,3,0.0,1.0,76.0,0.0,0.0,0.0,0.0,0.0,1.0,3,3.0,0.0,1.0,,,,,-2.4324966167225948,2.481084490266767,-0.2353697396281125,1,2,Stable Rural Shops,-5.628649238846893
1803017,533,24,24.0,24.0,24,0.0,24,0.0,1.0,450.0,0.0,0.0,0.0,0.0,0.0,1.0,24,24.0,0.0,1.0,,,,,-2.354909006029424,2.449742430101831,-0.261394278387721,1,2,Stable Rural Shops,-5.628649238846893
1803018,533,1,1.0,1.0,1,0.0,1,0.0,1.0,36.0,0.0,0.0,0.0,0.0,0.0,1.0,1,1.0,0.0,1.0,,,,,-2.4398867354301825,2.4840698107845802,-0.23289093374749917,1,2,Stable Rural Shops,-5.628649238846893
1803022,533,10,10.0,10.0,10,0.0,10,0.0,1.0,185.0,0.0,0.0,0.0,0.0,0.0,1.0,10,10.0,0.0,1.0,,,,,-2.406637020981506,2.4706384328769255,-0.2440435903713081,1,2,Stable Rural Shops,-5.628649238846893
1803021,533,16,16.0,16.0,16,0.0,16,0.0,1.0,282.0,0.0,0.0,0.0,0.0,0.0,1.0,16,16.0,0.0,1.0,,,,,-2.3844709827269925,2.4616843739595384,-0.25147854651973245,1,2,Stable Rural Shops,-5.628649238846893
1803023,533,113,113.0,113.0,113,0.0,113,0.0,1.0,1963.0,0.0,0.0,0.0,0.0,0.0,1.0,113,113.0,0.0,1.0,,,,,-2.0260988483601534,2.3169177541820076,-0.37168417404275583,1,2,Stable Rural Shops,-5.628649238846893
1803026,533,53,53.0,53.0,53,0.0,53,0.0,1.0,946.0,0.0,0.0,0.0,0.0,0.0,1.0,53,53.0,0.0,1.0,,,,,-2.247768054375186,2.4064622313512944,-0.2973316260284877,1,2,Stable Rural Shops,-5.628649238846893
1803031,533,24,24.0,24.0,24,0.0,24,0.0,1.0,533.0,0.0,0.0,0.0,0.0,0.0,1.0,24,24.0,0.0,1.0,,,,,-2.354893424157043,2.4497355640673786,-0.26139955247265345,1,2,Stable Rural Shops,-5.628649238846893
1803027,533,61,61.0,61.0,61,0.0,61,0.0,1.0,1020.0,0.0,0.0,0.0,0.0,0.0,1.0,61,61.0,0.0,1.0,,,,,-2.2182237246174226,2.394528063484413,-0.30724138483643215,1,2,Stable Rural Shops,-5.628649238846893
1804020,533,1,1.0,1.0,1,0.0,1,0.0,1.0,6.0,0.0,0.0,0.0,0.0,0.0,1.0,1,1.0,0.0,1.0,,,,,-2.439892367432248,2.48407229248378,-0.23288902745174048,1,2,Stable Rural Shops,-5.628649238846893
1804013,533,4,4.0,4.0,4,0.0,4,0.0,1.0,98.0,0.0,0.0,0.0,0.0,0.0,1.0,4,4.0,0.0,1.0,,,,,-2.428801181901997,2.4795916645612466,-0.23660926965480292,1,2,Stable Rural Shops,-5.628649238846893
